Workbook

Sheet ACCUEIL
C1: Bienvenue dans l'extraction de vos données d'effectifs ! | H1: #! END_ROW
C2: Ce fichier Excel a été extrait automatiquement de votre application A-JUST CA. Retrouvez ci-dessous quelques indications pour y naviguer en toute fluidité. | H2: #! END_ROW
H3: #! END_ROW
B4: Nom de l'onglet | C4: Description rapide | D4: Usage | E4: Pour une présentation complète | H4: #! END_ROW
B5: ETPT A-JUST | C5: Retrouvez le détail des ventilations individuelles de chaque agent, agrégées sur la période pour laquelle vous avez extrait les données, à l'identique de ce que vous avez renseigné dans A-JUST. | D5: Tout au long de l'année, consultez le détail des affectations de chaque agent, calculées en ETPT, pour la période choisie. | E5: #! HYPERLINK firstLink.label firstLink.url | H5: #! END_ROW
B6: ETPT Format DDG | C6: Vous y trouverez les données individuelles, retraitées conformément aux règles de calcul de la Chancellerie, en procédant à la réintégration de certaines indisponibilités considérées comme de l'absentéisme, ne déduisant pas d'ETPT. | D6: Afin de préparer la collecte de vos ETPT dans les matrices de la DSJ certaines précisions doivent être apportées dans cet onglet. | E6: #! HYPERLINK secondLink.label secondLink.url | H6: #! END_ROW
B7: Synthèse ETPT | C7: Cette synthèse présente les ETPT affectés, par catégorie d'agent, à chaque contentieux ou sous-contentieux, l'absentéisme étant réintégré comme dans l'onglet "ETPT Format DDG". | D7: N'hésitez pas à la consulter toute l'année, pour les périodes de votre choix. | E7: #! HYPERLINK firstLink.label firstLink.url | H7: #! END_ROW
B8: ETPT_CA_DDG | C8: Les tableaux de la Chancellerie, préremplis grâce aux informations saisies dans A-JUST et aux précisions apportées dans l'onglet ETPT Format DDG. | D8: Ces données sont prérenseignées dans les tableaux de collecte des ETPT de la Chancellerie mais restent soumises à votre contrôle et éventuels ajustements avant transmission. | E8: #! HYPERLINK thirdLink.label thirdLink.url | H8: #! END_ROW
B9: ETPT_ATTACHES_JUSTICE_DDG | H9: #! END_ROW
H10: #! END_ROW
C11: Ce fichier, permettant de remplir automatiquement les tableaux de collecte d'ETPT de la Chancellerie à partir des données A-JUST, résulte de la collaboration de l'équipe de la start-up d'Etat A-JUST avec Mme Nathalie DE JONG, statisticienne du SAIR de la Cour d'Appel de LYON. Qu'elle soit ici vivement remerciée, ainsi que sa hiérarchie qui l'a autorisée à consacrer un temps aussi précieux qu'irremplaçable à écrire les formules de calcul permettant d'automatiser l'alimentation des tableaux DDG et faire ainsi gagner à nos utilisateurs un temps considérable chaque année. | H11: #! END_ROW
H12: #! END_ROW
A13: Pour toute question, n'hésitez pas à contacter l'équipe A-JUST : support-utilisateurs@a-just.fr | H13: #! END_ROW
H14: #! FINISH

Sheet ETPT A-JUST
A1: Extracteur de données d'effectifs | G1: #! DUMP_COLS subtitles | H1: #! END_ROW
A2: #! DUMP_COLS days | B2: #! FOR_EACH w stats
A3: #! DUMP_COLS w.actions | B3: #! CONTINUE w
A4: #! DUMP_COLS w.actions | B4: #! END_LOOP w
B5: #! FINISH

Sheet ETPT Format DDG
D1: Extracteur de données d'effectifs - Format DDG (avec réintégration de l'absentéisme) Les lignes en rouge invitent à des vérifications dans les colonnes R et S. Veillez à ne pas supprimer de ligne dans le tableau. | R1: #! DUMP_COLS subtitles1 | S1: #! END_ROW | FA1: #! END_ROW | FB1: #! END_ROW
A2: #! DUMP_COLS days1 | B2: #! FOR_EACH x stats1
A3: #! DUMP_COLS x.actions | B3: #! END_LOOP x
B4: #! FINISH

Sheet Synthèse ETPT
C1: Agrégats DDG | D1: Synthèse ETPT | J1: #! DUMP_COLS subtitles | K1: #! END_ROW
A2: Selectionner une juridiction | B2: Code | C2: #! END_ROW
A3: #` ${arrondissement} | B3: =VLOOKUP(A3,'codage tribunal'!A:B,2,FALSE) -> #N/A | C3: #! END_ROW
G4: SIEGE | N4: GREFFE | U4: EQUIPE AUTOUR DU MAGISTRAT | X4: #! END_ROW
G5: Magistrats hors placés | H5: %age de l'ETPT | I5: Magistrats placés additionnels | J5: Magistrats placés de substitution | K5: Contractuels et vacataires | L5: TOTAL SIEGE | M5: %age de l'ETPT | N5: Fonctionnaires hors placés | O5: %age de l'ETPT | P5: Fonctionnaires placés additionnels | Q5: Fonctionnaires placés de substitution | R5: Contractuels et vacataires | S5: TOTAL GREFFE | T5: %age de l'ETPT | U5: Contractuels et vacataires | V5: %age de l'ETPT | W5: #! FOR_EACH y agregat
C6: ## y.global | D6: ## y.global1 | E6: ## y.sub | F6: ## y.sub1 | G6: =SUMIFS( INDEX('ETPT Format DDG'!$A:$ZZ,,IFERROR(MATCH(E6,'ETPT Format DDG'!$2:$2,0),MATCH(C6,'ETPT Format DDG'!$2:$2,0))), INDEX( 'ETPT Format DDG'!$A:$ZZ,,MATCH("Fonction agrégat",'ETPT Format DDG'!2:2,0)),"M-TIT") -> #N/A | H6: =IF(AND(OR(LEFT(C6,3)="14.",LEFT(E6,3)="14.",LEFT(E6,5)="CET >", IFERROR(G6/$G$6,"")=0),NOT(AND(LEFT(E6,4)="14.4",IFERROR(G6/$G$6,"")<>0)),NOT(AND(LEFT(E6,4)="14.5",IFERROR(G6/$G$6,"")<>0)),NOT(AND(LEFT(E6,5)="14.14",IFERROR(G6/$G$6,"")<>0))),"", IFERROR(G6/$G$6,"")) | I6: =SUMIFS( INDEX('ETPT Format DDG'!$A:$ZZ,,IFERROR(MATCH(E6,'ETPT Format DDG'!$2:$2,0),MATCH(C6,'ETPT Format DDG'!$2:$2,0))), INDEX( 'ETPT Format DDG'!$A:$ZZ,,MATCH("Fonction agrégat",'ETPT Format DDG'!2:2,0)),"M-PLAC-ADD") -> #N/A | J6: =SUMIFS( INDEX('ETPT Format DDG'!$A:$ZZ,,IFERROR(MATCH(E6,'ETPT Format DDG'!$2:$2,0),MATCH(C6,'ETPT Format DDG'!$2:$2,0))), INDEX( 'ETPT Format DDG'!$A:$ZZ,,MATCH("Fonction agrégat",'ETPT Format DDG'!2:2,0)),"M-PLAC-SUB") -> #N/A | K6: =SUMIFS( INDEX('ETPT Format DDG'!$A:$ZZ,,IFERROR(MATCH(E6,'ETPT Format DDG'!$2:$2,0),MATCH(C6,'ETPT Format DDG'!$2:$2,0))), INDEX( 'ETPT Format DDG'!$A:$ZZ,,MATCH("Fonction agrégat",'ETPT Format DDG'!2:2,0)),"M-CONT", INDEX( 'ETPT Format DDG'!$A:$ZZ,,MATCH("Catégorie",'ETPT Format DDG'!2:2,0)),"Magistrat") -> #N/A | L6: =SUMIFS( INDEX('ETPT Format DDG'!$A:$ZZ,,IFERROR(MATCH(E6,'ETPT Format DDG'!$2:$2,0),MATCH(C6,'ETPT Format DDG'!$2:$2,0))), INDEX( 'ETPT Format DDG'!$A:$ZZ,,MATCH("Catégorie",'ETPT Format DDG'!2:2,0)),"Magistrat") -> #N/A | M6: =IF(AND(OR(LEFT(C6,3)="14.",LEFT(E6,3)="14.",LEFT(E6,5)="CET >", IFERROR(L6/$L$6,"")=0),NOT(AND(LEFT(E6,4)="14.4",IFERROR(L6/$G$6,"")<>0)),NOT(AND(LEFT(E6,4)="14.5",IFERROR(L6/$G$6,"")<>0)),NOT(AND(LEFT(E6,5)="14.14",IFERROR(L6/$G$6,"")<>0))),"", IFERROR(L6/$L$6,"")) | N6: =SUMIFS( INDEX('ETPT Format DDG'!$A:$ZZ,,IFERROR(MATCH(E6,'ETPT Format DDG'!$2:$2,0),MATCH(C6,'ETPT Format DDG'!$2:$2,0))), INDEX( 'ETPT Format DDG'!$A:$ZZ,,MATCH("Fonction agrégat",'ETPT Format DDG'!2:2,0)),"F-TIT") -> #N/A | O6: =IF(AND(OR(LEFT(C6,3)="14.",LEFT(E6,3)="14.",LEFT(E6,5)="CET >", IFERROR(N6/$N$6,"")=0),NOT(AND(LEFT(E6,4)="14.4",IFERROR(N6/$N$6,"")<>0)),NOT(AND(LEFT(E6,4)="14.5",IFERROR(N6/$N$6,"")<>0)),NOT(AND(LEFT(E6,5)="14.14",IFERROR(N6/$N$6,"")<>0))),"", IFERROR(N6/$N$6,"")) | P6: =SUMIFS( INDEX('ETPT Format DDG'!$A:$FB,,IFERROR(MATCH(E6,'ETPT Format DDG'!$2:$2,0),MATCH(C6,'ETPT Format DDG'!$2:$2,0))), INDEX( 'ETPT Format DDG'!$A:$ZZ,,MATCH("Fonction agrégat",'ETPT Format DDG'!2:2,0)),"F-PLAC-ADD") -> #N/A | Q6: =SUMIFS( INDEX('ETPT Format DDG'!$A:$FB,,IFERROR(MATCH(E6,'ETPT Format DDG'!$2:$2,0),MATCH(C6,'ETPT Format DDG'!$2:$2,0))), INDEX( 'ETPT Format DDG'!$A:$ZZ,,MATCH("Fonction agrégat",'ETPT Format DDG'!2:2,0)),"F-PLAC-SUB") -> #N/A | R6: =SUMIFS( INDEX('ETPT Format DDG'!$A:$FB,,IFERROR(MATCH(E6,'ETPT Format DDG'!$2:$2,0),MATCH(C6,'ETPT Format DDG'!$2:$2,0))), INDEX( 'ETPT Format DDG'!$A:$ZZ,,MATCH("Fonction agrégat",'ETPT Format DDG'!2:2,0)),"C", INDEX( 'ETPT Format DDG'!$A:$ZZ,,MATCH("Catégorie",'ETPT Format DDG'!2:2,0)),"Greffe") -> #N/A | S6: =SUMIFS( INDEX('ETPT Format DDG'!$A:$FB,,IFERROR(MATCH(E6,'ETPT Format DDG'!$2:$2,0),MATCH(C6,'ETPT Format DDG'!$2:$2,0))), INDEX( 'ETPT Format DDG'!$A:$ZZ,,MATCH("Catégorie",'ETPT Format DDG'!2:2,0)),"Greffe") -> #N/A | T6: =IF(AND(OR(LEFT(C6,3)="14.",LEFT(E6,3)="14.",LEFT(E6,5)="CET >", IFERROR(S6/$S$6,"")=0),NOT(AND(LEFT(E6,4)="14.4",IFERROR(S6/$S$6,"")<>0)),NOT(AND(LEFT(E6,4)="14.5",IFERROR(S6/$S$6,"")<>0)),NOT(AND(LEFT(E6,5)="14.14",IFERROR(S6/$S$6,"")<>0))),"", IFERROR(S6/$S$6,"")) | U6: =SUMIFS( INDEX('ETPT Format DDG'!$A:$FB,,IFERROR(MATCH(E6,'ETPT Format DDG'!$2:$2,0),MATCH(C6,'ETPT Format DDG'!$2:$2,0))), INDEX( 'ETPT Format DDG'!$A:$ZZ,,MATCH("Fonction agrégat",'ETPT Format DDG'!2:2,0)),"C", INDEX( 'ETPT Format DDG'!$A:$ZZ,,MATCH("Catégorie",'ETPT Format DDG'!2:2,0)),"Autour du magistrat") -> #N/A | V6: =IF(AND(OR(LEFT(C6,3)="14.",LEFT(E6,3)="14.",LEFT(E6,5)="CET >", IFERROR(U6/$U$6,"")=0),NOT(AND(LEFT(E6,4)="14.4",IFERROR(U6/$U$6,"")<>0)),NOT(AND(LEFT(E6,4)="14.5",IFERROR(U6/$U$6,"")<>0)),NOT(AND(LEFT(E6,5)="14.14",IFERROR(U6/$U$6,"")<>0))),"", IFERROR(U6/$U$6,"")) | W6: #! END_LOOP y
W7: #! FINISH

Sheet ETPT Format DDG DETAIL
A1: Réf. | B1: Nom/Prénom/Matricule | C1: Catégorie | D1: Date d'arrivée | E1: Date de départ | G1: Date de début du segment | H1: Date de fin du segment | I1: Nombre jour ouvré sur période total extaction | J1: Nombre jour ouvré segment | K1: Ratio Jour : Nb jour ouvré segment / Nb jour ouvré total | L1: Temps de travail en ETPT saisie | M1: Valeur de l'ETPT sur période total d'extraction (ETPT saisi x Ratio Jour) | N1: Indisponibilité saisie | O1: Valeur de l'indisponibilité sur la période total d'extraction (Indisponibilité saisie en%/100 x Ratio Jour) | P1: Nb jour ouvré CET sur toute la période d'extraction | Q1: Valeur de l'absentéisme | R1: Valeur de l'action 99 | S1: ETPT effectif sur la période total (ETPT- action 99 + absentéisme) x Ratio Jour | T1: ETPT global sur la période (incluant absentéisme et action 99) | U1: ETPT ventilé | V1: Détails de la ventilation (arrondi au millième) : | W1: #! FOR_EACH log ongletLogs
A2: ## log.id | B2: ## log.name | C2: ## log.category | D2: ## log.humanStart | E2: ## log.humanEnd | F2: ## log.main | G2: ## log.periodStart | H2: ## log.periodEnd | I2: ## log.nbOfWorkingDaysQuery | J2: ## log.workingDays | K2: ## log.dayRate | L2: ## log.filledEtp | M2: ## log.queryEtpValue | N2: ## log.totalIndispo | O2: ## log.queryIndispoValue | P2: ## log.cetDays | Q2: ## log.abs | R2: ## log.action99 | S2: ## log.effectifEtp | T2: ## log.etptGlobal | U2: ## log.logAccVentilation | V2: ## log.ctx | W2: #! END_LOOP log
W3: #! FINISH

Sheet codage tribunal
L1: #! END_ROW
L2: #! END_ROW
L3: #! END_ROW
L4: #! END_ROW
L5: #! END_ROW
L6: #! END_ROW
L7: #! END_ROW
L8: #! END_ROW
L9: #! END_ROW
L10: #! END_ROW
L11: #! END_ROW
L12: #! END_ROW
... L19: #! FINISH

Sheet Juridictions
A1: TJ | D1: TPROX | G1: CPH | I1: CPH détachés | M1: #! END_ROW
M2: #! END_ROW
M3: #! END_ROW
M4: #! END_ROW
M5: #! END_ROW
M6: #! END_ROW
M7: #! END_ROW
M8: #! END_ROW
M9: #! END_ROW
M10: #! END_ROW
M11: #! END_ROW
M12: #! END_ROW
M13: #! END_ROW
... M19: #! FINISH

Sheet Table_Fonctions
A1: CONCAT | B1: Catégorie | C1: Label | D1: Position | E1: Code | F1: Fonction recodée DDG | G1: Fonction onglet agrégat | H1: #! FOR_EACH f fonctions
A2: ## f.CONCAT | B2: ## f.category_label | C2: ## f.label | D2: ## f.position | E2: ## f.code | F2: ## f.recodedFunction | G2: ## f.category_detail | H2: #! END_LOOP f
H3: #! FINISH

Sheet ETPT_CA_JUR
A1: Agrégats DDG | D1: Déclaration des ETPT CA
B2: UO | C2: Code de la juridiction | D2: Juridiction | E2: Code sous action | F2: Action | G2: Fonctionnaires Catégorie C Technique spécialisés | H2: Total fonctionnaires techniques | I2: Fonctionnaires activité civile et commerciale du parquet | J2: Fonctionnaires Assises | K2: Fonctionnaires Cour criminelle | L2: Fonctionnaires JIRS | M2: Fonctionnaires chambres sociales | N2: Fonctionnaires hors fonctions spécifiques | O2: Total fonctionnaires administratifs | P2: Magistrats du Siège assises | Q2: Magistrats du siège Cour criminelle | R2: Autres Magistrats du Siège JIRS | S2: Magistrats du Siège chambres sociales | T2: Autres Magistrats du Siège non spécialisés | U2: Total magistrats du siège non spécialisés | V2: Magistrats du Parquet - activité civile et commerciale | W2: Magistrats du Parquet JIRS | X2: Magistrats du Parquet assises | Y2: Magistrats du Parquet Cour criminelle | Z2: Autres Magistrats du Parquet | AA2: Total magistrats du parquet
D3: =ETPT_CA_JUR_DDG!$D$5 | E3: 166-01-NC | F3: Action 1 - Traitement et jugement des contentieux civils | G3: =SUM(SUMIFS( INDEX( 'ETPT Format DDG'!$A:$ZZ,,MATCH("1. TOTAL CONTENTIEUX SOCIAL",'ETPT Format DDG'!2:2,0)), INDEX( 'ETPT Format DDG'!$A:$ZZ,,MATCH("Fonction recodée",'ETPT Format DDG'!2:2,0)),"Fonctionnaire CTECH"))+ SUM(SUMIFS( INDEX( 'ETPT Format DDG'!$A:$ZZ,,MATCH("2. TOTAL CONTENTIEUX COMMERCIAL",'ETPT Format DDG'!2:2,0)), INDEX( 'ETPT Format DDG'!$A:$ZZ,,MATCH("Fonction recodée",'ETPT Format DDG'!2:2,0)),"Fonctionnaire CTECH"))+ SUM(SUMIFS( INDEX( 'ETPT Format DDG'!$A:$ZZ,,MATCH("3. TOTAL CONTENTIEUX DE LA FAMILLE",'ETPT Format DDG'!2:2,0)), INDEX( 'ETPT Format DDG'!$A:$ZZ,,MATCH("Fonction recodée",'ETPT Format DDG'!2:2,0)),"Fonctionnaire CTECH"))+ SUM(SUMIFS( INDEX( 'ETPT Format DDG'!$A:$ZZ,,MATCH("4. TOTAL CONTENTIEUX DE LA PROTECTION",'ETPT Format DDG'!2:2,0)), INDEX( 'ETPT Format DDG'!$A:$ZZ,,MATCH("Fonction recodée",'ETPT Format DDG'!2:2,0)),"Fonctionnaire CTECH"))+ SUM(SUMIFS( INDEX( 'ETPT Format DDG'!$A:$ZZ,,MATCH("5. TOTAL CONTENTIEUX CIVIL NON SPÉCIALISÉ",'ETPT Format DDG'!2:2,0)), INDEX( 'ETPT Format DDG'!$A:$ZZ,,MATCH("Fonction recodée",'ETPT Format DDG'!2:2,0)),"Fonctionnaire CTECH"))+ SUM(SUMIFS( INDEX( 'ETPT Format DDG'!$A:$ZZ,,MATCH("12. TOTAL ATTRIBUTIONS DU PP",'ETPT Format DDG'!2:2,0)), INDEX( 'ETPT Format DDG'!$A:$ZZ,,MATCH("Fonction recodée",'ETPT Format DDG'!2:2,0)),"Fonctionnaire CTECH"))- SUM(SUMIFS( INDEX( 'ETPT Format DDG'!$A:$ZZ,,MATCH("12.5. EXTRADITIONS ET MAE",'ETPT Format DDG'!2:2,0)), INDEX( 'ETPT Format DDG'!$A:$ZZ,,MATCH("Fonction recodée",'ETPT Format DDG'!2:2,0)),"Fonctionnaire CTECH"))- SUM(SUMIFS( INDEX( 'ETPT Format DDG'!$A:$ZZ,,MATCH("12.6. SAISIES ET CONFISCATIONS DES AVOIRS CRIMINELS",'ETPT Format DDG'!2:2,0)), INDEX( 'ETPT Format DDG'!$A:$ZZ,,MATCH("Fonction recodée",'ETPT Format DDG'!2:2,0)),"Fonctionnaire CTECH"))- SUM(SUMIFS( INDEX( 'ETPT Format DDG'!$A:$ZZ,,MATCH("12.9. AUTRES APPELS JLD",'ETPT Format DDG'!2:2,0)), INDEX( 'ETPT Format DDG'!$A:$ZZ,,MATCH("Fonction recodée",'ETPT Format DDG'!2:2,0)),"Fonctionnaire CTECH"))+ SUM(SUMIFS( INDEX( 'ETPT Format DDG'!$A:$ZZ,,MATCH("7.1. ACTIVITÉ CIVILE",'ETPT Format DDG'!2:2,0)), INDEX( 'ETPT Format DDG'!$A:$ZZ,,MATCH("Fonction recodée",'ETPT Format DDG'!2:2,0)),"Fonctionnaire CTECH"))+ SUM(SUMIFS( INDEX( 'ETPT Format DDG'!$A:$ZZ,,MATCH("13.9. FONCTIONNAIRES / AJ AFFECTÉS AUX ACTIVITÉS CIVILES ET COMMERCIALES DU PARQUET GÉNÉRAL",'ETPT Format DDG'!2:2,0)), INDEX( 'ETPT Format DDG'!$A:$ZZ,,MATCH("Fonction recodée",'ETPT Format DDG'!2:2,0)),"Fonctionnaire CTECH")) -> #N/A | H3: =_xlfn.AGGREGATE(9,6,G3) -> 0 | I3: =SUM(SUMIFS( INDEX( 'ETPT Format DDG'!$A:$ZZ,,MATCH("13.9. FONCTIONNAIRES / AJ AFFECTÉS AUX ACTIVITÉS CIVILES ET COMMERCIALES DU PARQUET GÉNÉRAL",'ETPT Format DDG'!2:2,0)), INDEX( 'ETPT Format DDG'!$A:$ZZ,,MATCH("Fonction recodée",'ETPT Format DDG'!2:2,0)),"Fonctionnaire A-B-CBUR")) -> #N/A | M3: =SUM(SUMIFS( INDEX( 'ETPT Format DDG'!$A:$ZZ,,MATCH("1. TOTAL CONTENTIEUX SOCIAL",'ETPT Format DDG'!2:2,0)), INDEX( 'ETPT Format DDG'!$A:$ZZ,,MATCH("Fonction recodée",'ETPT Format DDG'!2:2,0)),"Fonctionnaire A-B-CBUR")) -> #N/A | N3: =SUM(SUMIFS( INDEX( 'ETPT Format DDG'!$A:$ZZ,,MATCH("2. TOTAL CONTENTIEUX COMMERCIAL",'ETPT Format DDG'!2:2,0)), INDEX( 'ETPT Format DDG'!$A:$ZZ,,MATCH("Fonction recodée",'ETPT Format DDG'!2:2,0)),"Fonctionnaire A-B-CBUR"))+ SUM(SUMIFS( INDEX( 'ETPT Format DDG'!$A:$ZZ,,MATCH("3. TOTAL CONTENTIEUX DE LA FAMILLE",'ETPT Format DDG'!2:2,0)), INDEX( 'ETPT Format DDG'!$A:$ZZ,,MATCH("Fonction recodée",'ETPT Format DDG'!2:2,0)),"Fonctionnaire A-B-CBUR"))+ SUM(SUMIFS( INDEX( 'ETPT Format DDG'!$A:$ZZ,,MATCH("4. TOTAL CONTENTIEUX DE LA PROTECTION",'ETPT Format DDG'!2:2,0)), INDEX( 'ETPT Format DDG'!$A:$ZZ,,MATCH("Fonction recodée",'ETPT Format DDG'!2:2,0)),"Fonctionnaire A-B-CBUR"))+ SUM(SUMIFS( INDEX( 'ETPT Format DDG'!$A:$ZZ,,MATCH("5. TOTAL CONTENTIEUX CIVIL NON SPÉCIALISÉ",'ETPT Format DDG'!2:2,0)), INDEX( 'ETPT Format DDG'!$A:$ZZ,,MATCH("Fonction recodée",'ETPT Format DDG'!2:2,0)),"Fonctionnaire A-B-CBUR"))+ SUM(SUMIFS( INDEX( 'ETPT Format DDG'!$A:$ZZ,,MATCH("12. TOTAL ATTRIBUTIONS DU PP",'ETPT Format DDG'!2:2,0)), INDEX( 'ETPT Format DDG'!$A:$ZZ,,MATCH("Fonction recodée",'ETPT Format DDG'!2:2,0)),"Fonctionnaire A-B-CBUR"))- SUM(SUMIFS( INDEX( 'ETPT Format DDG'!$A:$ZZ,,MATCH("12.5. EXTRADITIONS ET MAE",'ETPT Format DDG'!2:2,0)), INDEX( 'ETPT Format DDG'!$A:$ZZ,,MATCH("Fonction recodée",'ETPT Format DDG'!2:2,0)),"Fonctionnaire A-B-CBUR"))- SUM(SUMIFS( INDEX( 'ETPT Format DDG'!$A:$ZZ,,MATCH("12.6. SAISIES ET CONFISCATIONS DES AVOIRS CRIMINELS",'ETPT Format DDG'!2:2,0)), INDEX( 'ETPT Format DDG'!$A:$ZZ,,MATCH("Fonction recodée",'ETPT Format DDG'!2:2,0)),"Fonctionnaire A-B-CBUR"))- SUM(SUMIFS( INDEX( 'ETPT Format DDG'!$A:$ZZ,,MATCH("12.9. AUTRES APPELS JLD",'ETPT Format DDG'!2:2,0)), INDEX( 'ETPT Format DDG'!$A:$ZZ,,MATCH("Fonction recodée",'ETPT Format DDG'!2:2,0)),"Fonctionnaire A-B-CBUR"))+ SUM(SUMIFS( INDEX( 'ETPT Format DDG'!$A:$ZZ,,MATCH("7.1. ACTIVITÉ CIVILE",'ETPT Format DDG'!2:2,0)), INDEX( 'ETPT Format DDG'!$A:$ZZ,,MATCH("Fonction recodée",'ETPT Format DDG'!2:2,0)),"Fonctionnaire A-B-CBUR")) -> #N/A | O3: =_xlfn.AGGREGATE(9,6,I3:N3) -> 0 | S3: =SUM(SUMIFS( INDEX( 'ETPT Format DDG'!$A:$ZZ,,MATCH("1. TOTAL CONTENTIEUX SOCIAL",'ETPT Format DDG'!2:2,0)), INDEX( 'ETPT Format DDG'!$A:$ZZ,,MATCH("Fonction recodée",'ETPT Format DDG'!2:2,0)),"Magistrat SIEGE")) -> #N/A | T3: =SUM(SUMIFS( INDEX( 'ETPT Format DDG'!$A:$ZZ,,MATCH("2. TOTAL CONTENTIEUX COMMERCIAL",'ETPT Format DDG'!2:2,0)), INDEX( 'ETPT Format DDG'!$A:$ZZ,,MATCH("Fonction recodée",'ETPT Format DDG'!2:2,0)),"Magistrat SIEGE"))+ SUM(SUMIFS( INDEX( 'ETPT Format DDG'!$A:$ZZ,,MATCH("3. TOTAL CONTENTIEUX DE LA FAMILLE",'ETPT Format DDG'!2:2,0)), INDEX( 'ETPT Format DDG'!$A:$ZZ,,MATCH("Fonction recodée",'ETPT Format DDG'!2:2,0)),"Magistrat SIEGE"))+ SUM(SUMIFS( INDEX( 'ETPT Format DDG'!$A:$ZZ,,MATCH("4. TOTAL CONTENTIEUX DE LA PROTECTION",'ETPT Format DDG'!2:2,0)), INDEX( 'ETPT Format DDG'!$A:$ZZ,,MATCH("Fonction recodée",'ETPT Format DDG'!2:2,0)),"Magistrat SIEGE"))+ SUM(SUMIFS( INDEX( 'ETPT Format DDG'!$A:$ZZ,,MATCH("5. TOTAL CONTENTIEUX CIVIL NON SPÉCIALISÉ",'ETPT Format DDG'!2:2,0)), INDEX( 'ETPT Format DDG'!$A:$ZZ,,MATCH("Fonction recodée",'ETPT Format DDG'!2:2,0)),"Magistrat SIEGE"))+ SUM(SUMIFS( INDEX( 'ETPT Format DDG'!$A:$ZZ,,MATCH("12. TOTAL ATTRIBUTIONS DU PP",'ETPT Format DDG'!2:2,0)), INDEX( 'ETPT Format DDG'!$A:$ZZ,,MATCH("Fonction recodée",'ETPT Format DDG'!2:2,0)),"Magistrat SIEGE"))- SUM(SUMIFS( INDEX( 'ETPT Format DDG'!$A:$ZZ,,MATCH("12.5. EXTRADITIONS ET MAE",'ETPT Format DDG'!2:2,0)), INDEX( 'ETPT Format DDG'!$A:$ZZ,,MATCH("Fonction recodée",'ETPT Format DDG'!2:2,0)),"Magistrat SIEGE"))- SUM(SUMIFS( INDEX( 'ETPT Format DDG'!$A:$ZZ,,MATCH("12.6. SAISIES ET CONFISCATIONS DES AVOIRS CRIMINELS",'ETPT Format DDG'!2:2,0)), INDEX( 'ETPT Format DDG'!$A:$ZZ,,MATCH("Fonction recodée",'ETPT Format DDG'!2:2,0)),"Magistrat SIEGE"))- SUM(SUMIFS( INDEX( 'ETPT Format DDG'!$A:$ZZ,,MATCH("12.9. AUTRES APPELS JLD",'ETPT Format DDG'!2:2,0)), INDEX( 'ETPT Format DDG'!$A:$ZZ,,MATCH("Fonction recodée",'ETPT Format DDG'!2:2,0)),"Magistrat SIEGE"))+ SUM(SUMIFS( INDEX( 'ETPT Format DDG'!$A:$ZZ,,MATCH("7.1. ACTIVITÉ CIVILE",'ETPT Format DDG'!2:2,0)), INDEX( 'ETPT Format DDG'!$A:$ZZ,,MATCH("Fonction recodée",'ETPT Format DDG'!2:2,0)),"Magistrat SIEGE")) -> #N/A | U3: =_xlfn.AGGREGATE(9,6,P3:T3) -> 0 | AA3: =_xlfn.AGGREGATE(9,6,V3:Z3) -> 0
D4: =IF(ISBLANK($D$3),"",$D$3) -> =ETPT_CA_JUR_DDG!$D$5 | E4: 166-02-NC | F4: Action 2 - Traitement et jugement des affaires pénales | G4: =SUM(SUMIFS( INDEX( 'ETPT Format DDG'!$A:$ZZ,,MATCH("12.5. EXTRADITIONS ET MAE",'ETPT Format DDG'!2:2,0)), INDEX( 'ETPT Format DDG'!$A:$ZZ,,MATCH("Fonction recodée",'ETPT Format DDG'!2:2,0)),"Fonctionnaire CTECH"))+ SUM(SUMIFS( INDEX( 'ETPT Format DDG'!$A:$ZZ,,MATCH("12.6. SAISIES ET CONFISCATIONS DES AVOIRS CRIMINELS",'ETPT Format DDG'!2:2,0)), INDEX( 'ETPT Format DDG'!$A:$ZZ,,MATCH("Fonction recodée",'ETPT Format DDG'!2:2,0)),"Fonctionnaire CTECH"))+ SUM(SUMIFS( INDEX( 'ETPT Format DDG'!$A:$ZZ,,MATCH("12.9. AUTRES APPELS JLD",'ETPT Format DDG'!2:2,0)), INDEX( 'ETPT Format DDG'!$A:$ZZ,,MATCH("Fonction recodée",'ETPT Format DDG'!2:2,0)),"Fonctionnaire CTECH"))+ SUM(SUMIFS( INDEX( 'ETPT Format DDG'!$A:$ZZ,,MATCH("7.2. ACTIVITÉ PÉNALE",'ETPT Format DDG'!2:2,0)), INDEX( 'ETPT Format DDG'!$A:$ZZ,,MATCH("Fonction recodée",'ETPT Format DDG'!2:2,0)),"Fonctionnaire CTECH"))+ SUM(SUMIFS( INDEX( 'ETPT Format DDG'!$A:$ZZ,,MATCH("8. TOTAL CORRECTIONNEL",'ETPT Format DDG'!2:2,0)), INDEX( 'ETPT Format DDG'!$A:$ZZ,,MATCH("Fonction recodée",'ETPT Format DDG'!2:2,0)),"Fonctionnaire CTECH"))+ SUM(SUMIFS( INDEX( 'ETPT Format DDG'!$A:$ZZ,,MATCH("9. TOTAL INSTRUCTION ET ENTRAIDE",'ETPT Format DDG'!2:2,0)), INDEX( 'ETPT Format DDG'!$A:$ZZ,,MATCH("Fonction recodée",'ETPT Format DDG'!2:2,0)),"Fonctionnaire CTECH"))+ SUM(SUMIFS( INDEX( 'ETPT Format DDG'!$A:$ZZ,,MATCH("10. TOTAL APPLICATION DES PEINES",'ETPT Format DDG'!2:2,0)), INDEX( 'ETPT Format DDG'!$A:$ZZ,,MATCH("Fonction recodée",'ETPT Format DDG'!2:2,0)),"Fonctionnaire CTECH"))+ SUM(SUMIFS( INDEX( 'ETPT Format DDG'!$A:$ZZ,,MATCH("11. TOTAL CONTENTIEUX CRIMINEL",'ETPT Format DDG'!2:2,0)), INDEX( 'ETPT Format DDG'!$A:$ZZ,,MATCH("Fonction recodée",'ETPT Format DDG'!2:2,0)),"Fonctionnaire CTECH"))+ SUM(SUMIFS( INDEX( 'ETPT Format DDG'!$A:$ZZ,,MATCH("13.10. AUTRES FONCTIONNAIRES / AJ AFFECTÉS AU PARQUET GÉNÉRAL",'ETPT Format DDG'!2:2,0)), INDEX( 'ETPT Format DDG'!$A:$ZZ,,MATCH("Fonction recodée",'ETPT Format DDG'!2:2,0)),"Fonctionnaire CTECH")) -> #N/A | H4: =_xlfn.AGGREGATE(9,6,G4) -> 0 | J4: =SUM(SUMIFS( INDEX( 'ETPT Format DDG'!$A:$ZZ,,MATCH("11.1. ASSISES HORS JIRS",'ETPT Format DDG'!2:2,0)), INDEX( 'ETPT Format DDG'!$A:$ZZ,,MATCH("Fonction recodée",'ETPT Format DDG'!2:2,0)),"Fonctionnaire A-B-CBUR"))+ SUM(SUMIFS( INDEX( 'ETPT Format DDG'!$A:$ZZ,,MATCH("11.2 ASSISES JIRS",'ETPT Format DDG'!2:2,0)), INDEX( 'ETPT Format DDG'!$A:$ZZ,,MATCH("Fonction recodée",'ETPT Format DDG'!2:2,0)),"Fonctionnaire A-B-CBUR")) -> #N/A | K4: =SUM(SUMIFS( INDEX( 'ETPT Format DDG'!$A:$ZZ,,MATCH("11.3. COUR CRIMINELLE DÉPARTEMENTALE",'ETPT Format DDG'!2:2,0)), INDEX( 'ETPT Format DDG'!$A:$ZZ,,MATCH("Fonction recodée",'ETPT Format DDG'!2:2,0)),"Fonctionnaire A-B-CBUR")) -> #N/A | L4: =SUM(SUMIFS( INDEX( 'ETPT Format DDG'!$A:$ZZ,,MATCH("8.4. CONTENTIEUX JIRS CRIM-ORG",'ETPT Format DDG'!2:2,0)), INDEX( 'ETPT Format DDG'!$A:$ZZ,,MATCH("Fonction recodée",'ETPT Format DDG'!2:2,0)),"Fonctionnaire A-B-CBUR"))+ SUM(SUMIFS( INDEX( 'ETPT Format DDG'!$A:$ZZ,,MATCH("8.7. CONTENTIEUX JIRS ÉCO-FI",'ETPT Format DDG'!2:2,0)), INDEX( 'ETPT Format DDG'!$A:$ZZ,,MATCH("Fonction recodée",'ETPT Format DDG'!2:2,0)),"Fonctionnaire A-B-CBUR"))+ SUM(SUMIFS( INDEX( 'ETPT Format DDG'!$A:$ZZ,,MATCH("9.3. CONTENTIEUX DE LA DÉTENTION JIRS",'ETPT Format DDG'!2:2,0)), INDEX( 'ETPT Format DDG'!$A:$ZZ,,MATCH("Fonction recodée",'ETPT Format DDG'!2:2,0)),"Fonctionnaire A-B-CBUR"))+ SUM(SUMIFS( INDEX( 'ETPT Format DDG'!$A:$ZZ,,MATCH("9.5. CONTENTIEUX DU CONTRÔLE JUDICIAIRE JIRS",'ETPT Format DDG'!2:2,0)), INDEX( 'ETPT Format DDG'!$A:$ZZ,,MATCH("Fonction recodée",'ETPT Format DDG'!2:2,0)),"Fonctionnaire A-B-CBUR"))+ SUM(SUMIFS( INDEX( 'ETPT Format DDG'!$A:$ZZ,,MATCH("9.7. CONTENTIEUX DE FOND JIRS",'ETPT Format DDG'!2:2,0)), INDEX( 'ETPT Format DDG'!$A:$ZZ,,MATCH("Fonction recodée",'ETPT Format DDG'!2:2,0)),"Fonctionnaire A-B-CBUR")) -> #N/A | N4: =SUM(SUMIFS( INDEX( 'ETPT Format DDG'!$A:$ZZ,,MATCH("12.5. EXTRADITIONS ET MAE",'ETPT Format DDG'!2:2,0)), INDEX( 'ETPT Format DDG'!$A:$ZZ,,MATCH("Fonction recodée",'ETPT Format DDG'!2:2,0)),"Fonctionnaire A-B-CBUR"))+ SUM(SUMIFS( INDEX( 'ETPT Format DDG'!$A:$ZZ,,MATCH("12.6. SAISIES ET CONFISCATIONS DES AVOIRS CRIMINELS",'ETPT Format DDG'!2:2,0)), INDEX( 'ETPT Format DDG'!$A:$ZZ,,MATCH("Fonction recodée",'ETPT Format DDG'!2:2,0)),"Fonctionnaire A-B-CBUR"))+ SUM(SUMIFS( INDEX( 'ETPT Format DDG'!$A:$ZZ,,MATCH("12.9. AUTRES APPELS JLD",'ETPT Format DDG'!2:2,0)), INDEX( 'ETPT Format DDG'!$A:$ZZ,,MATCH("Fonction recodée",'ETPT Format DDG'!2:2,0)),"Fonctionnaire A-B-CBUR"))+ SUM(SUMIFS( INDEX( 'ETPT Format DDG'!$A:$ZZ,,MATCH("7.2. ACTIVITÉ PÉNALE",'ETPT Format DDG'!2:2,0)), INDEX( 'ETPT Format DDG'!$A:$ZZ,,MATCH("Fonction recodée",'ETPT Format DDG'!2:2,0)),"Fonctionnaire A-B-CBUR"))+ SUM(SUMIFS( INDEX( 'ETPT Format DDG'!$A:$ZZ,,MATCH("8. TOTAL CORRECTIONNEL",'ETPT Format DDG'!2:2,0)), INDEX( 'ETPT Format DDG'!$A:$ZZ,,MATCH("Fonction recodée",'ETPT Format DDG'!2:2,0)),"Fonctionnaire A-B-CBUR"))+ SUM(SUMIFS( INDEX( 'ETPT Format DDG'!$A:$ZZ,,MATCH("9. TOTAL INSTRUCTION ET ENTRAIDE",'ETPT Format DDG'!2:2,0)), INDEX( 'ETPT Format DDG'!$A:$ZZ,,MATCH("Fonction recodée",'ETPT Format DDG'!2:2,0)),"Fonctionnaire A-B-CBUR"))+ SUM(SUMIFS( INDEX( 'ETPT Format DDG'!$A:$ZZ,,MATCH("10. TOTAL APPLICATION DES PEINES",'ETPT Format DDG'!2:2,0)), INDEX( 'ETPT Format DDG'!$A:$ZZ,,MATCH("Fonction recodée",'ETPT Format DDG'!2:2,0)),"Fonctionnaire A-B-CBUR"))+ SUM(SUMIFS( INDEX( 'ETPT Format DDG'!$A:$ZZ,,MATCH("11. TOTAL CONTENTIEUX CRIMINEL",'ETPT Format DDG'!2:2,0)), INDEX( 'ETPT Format DDG'!$A:$ZZ,,MATCH("Fonction recodée",'ETPT Format DDG'!2:2,0)),"Fonctionnaire A-B-CBUR"))+ SUM(SUMIFS( INDEX( 'ETPT Format DDG'!$A:$ZZ,,MATCH("13.10. AUTRES FONCTIONNAIRES / AJ AFFECTÉS AU PARQUET GÉNÉRAL",'ETPT Format DDG'!2:2,0)), INDEX( 'ETPT Format DDG'!$A:$ZZ,,MATCH("Fonction recodée",'ETPT Format DDG'!2:2,0)),"Fonctionnaire A-B-CBUR"))- SUM(I4:M4) -> #N/A | O4: =_xlfn.AGGREGATE(9,6,I4:N4) -> 0 | P4: =SUM(SUMIFS( INDEX( 'ETPT Format DDG'!$A:$ZZ,,MATCH("11.1. ASSISES HORS JIRS",'ETPT Format DDG'!2:2,0)), INDEX( 'ETPT Format DDG'!$A:$ZZ,,MATCH("Fonction recodée",'ETPT Format DDG'!2:2,0)),"Magistrat SIEGE"))+ SUM(SUMIFS( INDEX( 'ETPT Format DDG'!$A:$ZZ,,MATCH("11.2 ASSISES JIRS",'ETPT Format DDG'!2:2,0)), INDEX( 'ETPT Format DDG'!$A:$ZZ,,MATCH("Fonction recodée",'ETPT Format DDG'!2:2,0)),"Magistrat SIEGE")) -> #N/A | Q4: =SUM(SUMIFS( INDEX( 'ETPT Format DDG'!$A:$ZZ,,MATCH("11.3. COUR CRIMINELLE DÉPARTEMENTALE",'ETPT Format DDG'!2:2,0)), INDEX( 'ETPT Format DDG'!$A:$ZZ,,MATCH("Fonction recodée",'ETPT Format DDG'!2:2,0)),"Magistrat SIEGE")) -> #N/A | R4: =SUM(SUMIFS( INDEX( 'ETPT Format DDG'!$A:$ZZ,,MATCH("8.4. CONTENTIEUX JIRS CRIM-ORG",'ETPT Format DDG'!2:2,0)), INDEX( 'ETPT Format DDG'!$A:$ZZ,,MATCH("Fonction recodée",'ETPT Format DDG'!2:2,0)),"Magistrat SIEGE"))+ SUM(SUMIFS( INDEX( 'ETPT Format DDG'!$A:$ZZ,,MATCH("8.7. CONTENTIEUX JIRS ÉCO-FI",'ETPT Format DDG'!2:2,0)), INDEX( 'ETPT Format DDG'!$A:$ZZ,,MATCH("Fonction recodée",'ETPT Format DDG'!2:2,0)),"Magistrat SIEGE"))+ SUM(SUMIFS( INDEX( 'ETPT Format DDG'!$A:$ZZ,,MATCH("9.3. CONTENTIEUX DE LA DÉTENTION JIRS",'ETPT Format DDG'!2:2,0)), INDEX( 'ETPT Format DDG'!$A:$ZZ,,MATCH("Fonction recodée",'ETPT Format DDG'!2:2,0)),"Magistrat SIEGE"))+ SUM(SUMIFS( INDEX( 'ETPT Format DDG'!$A:$ZZ,,MATCH("9.5. CONTENTIEUX DU CONTRÔLE JUDICIAIRE JIRS",'ETPT Format DDG'!2:2,0)), INDEX( 'ETPT Format DDG'!$A:$ZZ,,MATCH("Fonction recodée",'ETPT Format DDG'!2:2,0)),"Magistrat SIEGE"))+ SUM(SUMIFS( INDEX( 'ETPT Format DDG'!$A:$ZZ,,MATCH("9.7. CONTENTIEUX DE FOND JIRS",'ETPT Format DDG'!2:2,0)), INDEX( 'ETPT Format DDG'!$A:$ZZ,,MATCH("Fonction recodée",'ETPT Format DDG'!2:2,0)),"Magistrat SIEGE")) -> #N/A | T4: =SUM(SUMIFS( INDEX( 'ETPT Format DDG'!$A:$ZZ,,MATCH("12.5. EXTRADITIONS ET MAE",'ETPT Format DDG'!2:2,0)), INDEX( 'ETPT Format DDG'!$A:$ZZ,,MATCH("Fonction recodée",'ETPT Format DDG'!2:2,0)),"Magistrat SIEGE"))+ SUM(SUMIFS( INDEX( 'ETPT Format DDG'!$A:$ZZ,,MATCH("12.6. SAISIES ET CONFISCATIONS DES AVOIRS CRIMINELS",'ETPT Format DDG'!2:2,0)), INDEX( 'ETPT Format DDG'!$A:$ZZ,,MATCH("Fonction recodée",'ETPT Format DDG'!2:2,0)),"Magistrat SIEGE"))+ SUM(SUMIFS( INDEX( 'ETPT Format DDG'!$A:$ZZ,,MATCH("12.9. AUTRES APPELS JLD",'ETPT Format DDG'!2:2,0)), INDEX( 'ETPT Format DDG'!$A:$ZZ,,MATCH("Fonction recodée",'ETPT Format DDG'!2:2,0)),"Magistrat SIEGE"))+ SUM(SUMIFS( INDEX( 'ETPT Format DDG'!$A:$ZZ,,MATCH("7.2. ACTIVITÉ PÉNALE",'ETPT Format DDG'!2:2,0)), INDEX( 'ETPT Format DDG'!$A:$ZZ,,MATCH("Fonction recodée",'ETPT Format DDG'!2:2,0)),"Magistrat SIEGE"))+ SUM(SUMIFS( INDEX( 'ETPT Format DDG'!$A:$ZZ,,MATCH("8. TOTAL CORRECTIONNEL",'ETPT Format DDG'!2:2,0)), INDEX( 'ETPT Format DDG'!$A:$ZZ,,MATCH("Fonction recodée",'ETPT Format DDG'!2:2,0)),"Magistrat SIEGE"))+ SUM(SUMIFS( INDEX( 'ETPT Format DDG'!$A:$ZZ,,MATCH("9. TOTAL INSTRUCTION ET ENTRAIDE",'ETPT Format DDG'!2:2,0)), INDEX( 'ETPT Format DDG'!$A:$ZZ,,MATCH("Fonction recodée",'ETPT Format DDG'!2:2,0)),"Magistrat SIEGE"))+ SUM(SUMIFS( INDEX( 'ETPT Format DDG'!$A:$ZZ,,MATCH("10. TOTAL APPLICATION DES PEINES",'ETPT Format DDG'!2:2,0)), INDEX( 'ETPT Format DDG'!$A:$ZZ,,MATCH("Fonction recodée",'ETPT Format DDG'!2:2,0)),"Magistrat SIEGE"))+ SUM(SUMIFS( INDEX( 'ETPT Format DDG'!$A:$ZZ,,MATCH("11. TOTAL CONTENTIEUX CRIMINEL",'ETPT Format DDG'!2:2,0)), INDEX( 'ETPT Format DDG'!$A:$ZZ,,MATCH("Fonction recodée",'ETPT Format DDG'!2:2,0)),"Magistrat SIEGE"))- SUM(P4:S4) -> #N/A | U4: =_xlfn.AGGREGATE(9,6,P4:T4) -> 0 | AA4: =_xlfn.AGGREGATE(9,6,V4:Z4) -> 0
D5: =IF(ISBLANK($D$3),"",$D$3) -> =ETPT_CA_JUR_DDG!$D$5 | E5: 166-04-NC | F5: Action 4 - Conseil supérieur de la magistrature | H5: =_xlfn.AGGREGATE(9,6,G5) -> 0 | O5: =_xlfn.AGGREGATE(9,6,I5:N5) -> 0 | T5: =SUM(SUMIFS( INDEX( 'ETPT Format DDG'!$A:$ZZ,,MATCH("13.4 CSM",'ETPT Format DDG'!2:2,0)), INDEX( 'ETPT Format DDG'!$A:$ZZ,,MATCH("Fonction recodée",'ETPT Format DDG'!2:2,0)),"Magistrat SIEGE")) -> #N/A | U5: =_xlfn.AGGREGATE(9,6,P5:T5) -> 0 | AA5: =_xlfn.AGGREGATE(9,6,V5:Z5) -> 0
D6: =IF(ISBLANK($D$3),"",$D$3) -> =ETPT_CA_JUR_DDG!$D$5 | E6: 166-06-99 | F6: Action 6 - Accueil du justiciable (inclus SAUJ) | G6: =SUM(SUMIFS( INDEX( 'ETPT Format DDG'!$A:$ZZ,,MATCH("13.8. ACCUEIL DU JUSTICIABLE",'ETPT Format DDG'!2:2,0)), INDEX( 'ETPT Format DDG'!$A:$ZZ,,MATCH("Fonction recodée",'ETPT Format DDG'!2:2,0)),"Fonctionnaire CTECH")) -> #N/A | H6: =_xlfn.AGGREGATE(9,6,G6) -> 0 | N6: =SUM(SUMIFS( INDEX( 'ETPT Format DDG'!$A:$ZZ,,MATCH("13.8. ACCUEIL DU JUSTICIABLE",'ETPT Format DDG'!2:2,0)), INDEX( 'ETPT Format DDG'!$A:$ZZ,,MATCH("Fonction recodée",'ETPT Format DDG'!2:2,0)),"Fonctionnaire A-B-CBUR")) -> #N/A | O6: =_xlfn.AGGREGATE(9,6,I6:N6) -> 0 | T6: =SUM(SUMIFS( INDEX( 'ETPT Format DDG'!$A:$ZZ,,MATCH("13.8. ACCUEIL DU JUSTICIABLE",'ETPT Format DDG'!2:2,0)), INDEX( 'ETPT Format DDG'!$A:$ZZ,,MATCH("Fonction recodée",'ETPT Format DDG'!2:2,0)),"Magistrat SIEGE")) -> #N/A | U6: =_xlfn.AGGREGATE(9,6,P6:T6) -> 0 | AA6: =_xlfn.AGGREGATE(9,6,V6:Z6) -> 0
D7: =IF(ISBLANK($D$3),"",$D$3) -> =ETPT_CA_JUR_DDG!$D$5 | E7: 166-06-NC | F7: Action 6 - Soutien (Hors accueil du justiciable) | G7: =SUM(SUMIFS( INDEX( 'ETPT Format DDG'!$A:$ZZ,,MATCH("13.11. ACTIVITÉS EXTÉRIEURES ET PARTENARIATS",'ETPT Format DDG'!2:2,0)), INDEX( 'ETPT Format DDG'!$A:$ZZ,,MATCH("Fonction recodée",'ETPT Format DDG'!2:2,0)),"Fonctionnaire CTECH"))+ SUM(SUMIFS( INDEX( 'ETPT Format DDG'!$A:$ZZ,,MATCH("13.13. COMMUNICATION",'ETPT Format DDG'!2:2,0)), INDEX( 'ETPT Format DDG'!$A:$ZZ,,MATCH("Fonction recodée",'ETPT Format DDG'!2:2,0)),"Fonctionnaire CTECH"))+ SUM(SUMIFS( INDEX( 'ETPT Format DDG'!$A:$ZZ,,MATCH("13.12. ÉQUIPEMENT",'ETPT Format DDG'!2:2,0)), INDEX( 'ETPT Format DDG'!$A:$ZZ,,MATCH("Fonction recodée",'ETPT Format DDG'!2:2,0)),"Fonctionnaire CTECH"))+ SUM(SUMIFS( INDEX( 'ETPT Format DDG'!$A:$ZZ,,MATCH("13.5. EXPERTISES (SUIVI ET LISTES)",'ETPT Format DDG'!2:2,0)), INDEX( 'ETPT Format DDG'!$A:$ZZ,,MATCH("Fonction recodée",'ETPT Format DDG'!2:2,0)),"Fonctionnaire CTECH"))+ SUM(SUMIFS( INDEX( 'ETPT Format DDG'!$A:$ZZ,,MATCH("13.2. FORMATIONS SUIVIES",'ETPT Format DDG'!2:2,0)), INDEX( 'ETPT Format DDG'!$A:$ZZ,,MATCH("Fonction recodée",'ETPT Format DDG'!2:2,0)),"Fonctionnaire CTECH"))+ SUM(SUMIFS( INDEX( 'ETPT Format DDG'!$A:$ZZ,,MATCH("13.6. MÉDIATION / CONCILIATION (SUIVI ET LISTES)",'ETPT Format DDG'!2:2,0)), INDEX( 'ETPT Format DDG'!$A:$ZZ,,MATCH("Fonction recodée",'ETPT Format DDG'!2:2,0)),"Fonctionnaire CTECH"))+ SUM(SUMIFS( INDEX( 'ETPT Format DDG'!$A:$ZZ,,MATCH("13.14. POLITIQUE ASSOCIATIVE ET AIDE AUX VICTIMES",'ETPT Format DDG'!2:2,0)), INDEX( 'ETPT Format DDG'!$A:$ZZ,,MATCH("Fonction recodée",'ETPT Format DDG'!2:2,0)),"Fonctionnaire CTECH"))+ SUM(SUMIFS( INDEX( 'ETPT Format DDG'!$A:$ZZ,,MATCH("13.1. SOUTIEN (AUTRES)",'ETPT Format DDG'!2:2,0)), INDEX( 'ETPT Format DDG'!$A:$ZZ,,MATCH("Fonction recodée",'ETPT Format DDG'!2:2,0)),"Fonctionnaire CTECH"))+ SUM(SUMIFS( INDEX( 'ETPT Format DDG'!$A:$ZZ,,MATCH("13.15. AUTRES ACTIVITÉS NON JURIDICTIONNELLES",'ETPT Format DDG'!2:2,0)), INDEX( 'ETPT Format DDG'!$A:$ZZ,,MATCH("Fonction recodée",'ETPT Format DDG'!2:2,0)),"Fonctionnaire CTECH")) -> #N/A | H7: =_xlfn.AGGREGATE(9,6,G7) -> 0 | N7: =SUM(SUMIFS( INDEX( 'ETPT Format DDG'!$A:$ZZ,,MATCH("13.11. ACTIVITÉS EXTÉRIEURES ET PARTENARIATS",'ETPT Format DDG'!2:2,0)), INDEX( 'ETPT Format DDG'!$A:$ZZ,,MATCH("Fonction recodée",'ETPT Format DDG'!2:2,0)),"Fonctionnaire A-B-CBUR"))+ SUM(SUMIFS( INDEX( 'ETPT Format DDG'!$A:$ZZ,,MATCH("13.13. COMMUNICATION",'ETPT Format DDG'!2:2,0)), INDEX( 'ETPT Format DDG'!$A:$ZZ,,MATCH("Fonction recodée",'ETPT Format DDG'!2:2,0)),"Fonctionnaire A-B-CBUR"))+ SUM(SUMIFS( INDEX( 'ETPT Format DDG'!$A:$ZZ,,MATCH("13.12. ÉQUIPEMENT",'ETPT Format DDG'!2:2,0)), INDEX( 'ETPT Format DDG'!$A:$ZZ,,MATCH("Fonction recodée",'ETPT Format DDG'!2:2,0)),"Fonctionnaire A-B-CBUR"))+ SUM(SUMIFS( INDEX( 'ETPT Format DDG'!$A:$ZZ,,MATCH("13.5. EXPERTISES (SUIVI ET LISTES)",'ETPT Format DDG'!2:2,0)), INDEX( 'ETPT Format DDG'!$A:$ZZ,,MATCH("Fonction recodée",'ETPT Format DDG'!2:2,0)),"Fonctionnaire A-B-CBUR"))+ SUM(SUMIFS( INDEX( 'ETPT Format DDG'!$A:$ZZ,,MATCH("13.2. FORMATIONS SUIVIES",'ETPT Format DDG'!2:2,0)), INDEX( 'ETPT Format DDG'!$A:$ZZ,,MATCH("Fonction recodée",'ETPT Format DDG'!2:2,0)),"Fonctionnaire A-B-CBUR"))+ SUM(SUMIFS( INDEX( 'ETPT Format DDG'!$A:$ZZ,,MATCH("13.6. MÉDIATION / CONCILIATION (SUIVI ET LISTES)",'ETPT Format DDG'!2:2,0)), INDEX( 'ETPT Format DDG'!$A:$ZZ,,MATCH("Fonction recodée",'ETPT Format DDG'!2:2,0)),"Fonctionnaire A-B-CBUR"))+ SUM(SUMIFS( INDEX( 'ETPT Format DDG'!$A:$ZZ,,MATCH("13.14. POLITIQUE ASSOCIATIVE ET AIDE AUX VICTIMES",'ETPT Format DDG'!2:2,0)), INDEX( 'ETPT Format DDG'!$A:$ZZ,,MATCH("Fonction recodée",'ETPT Format DDG'!2:2,0)),"Fonctionnaire A-B-CBUR"))+ SUM(SUMIFS( INDEX( 'ETPT Format DDG'!$A:$ZZ,,MATCH("13.1. SOUTIEN (AUTRES)",'ETPT Format DDG'!2:2,0)), INDEX( 'ETPT Format DDG'!$A:$ZZ,,MATCH("Fonction recodée",'ETPT Format DDG'!2:2,0)),"Fonctionnaire A-B-CBUR"))+ SUM(SUMIFS( INDEX( 'ETPT Format DDG'!$A:$ZZ,,MATCH("13.15. AUTRES ACTIVITÉS NON JURIDICTIONNELLES",'ETPT Format DDG'!2:2,0)), INDEX( 'ETPT Format DDG'!$A:$ZZ,,MATCH("Fonction recodée",'ETPT Format DDG'!2:2,0)),"Fonctionnaire A-B-CBUR")) -> #N/A | O7: =_xlfn.AGGREGATE(9,6,I7:N7) -> 0 | T7: =SUM(SUMIFS( INDEX( 'ETPT Format DDG'!$A:$ZZ,,MATCH("13.11. ACTIVITÉS EXTÉRIEURES ET PARTENARIATS",'ETPT Format DDG'!2:2,0)), INDEX( 'ETPT Format DDG'!$A:$ZZ,,MATCH("Fonction recodée",'ETPT Format DDG'!2:2,0)),"Magistrat SIEGE"))+ SUM(SUMIFS( INDEX( 'ETPT Format DDG'!$A:$ZZ,,MATCH("13.13. COMMUNICATION",'ETPT Format DDG'!2:2,0)), INDEX( 'ETPT Format DDG'!$A:$ZZ,,MATCH("Fonction recodée",'ETPT Format DDG'!2:2,0)),"Magistrat SIEGE"))+ SUM(SUMIFS( INDEX( 'ETPT Format DDG'!$A:$ZZ,,MATCH("13.12. ÉQUIPEMENT",'ETPT Format DDG'!2:2,0)), INDEX( 'ETPT Format DDG'!$A:$ZZ,,MATCH("Fonction recodée",'ETPT Format DDG'!2:2,0)),"Magistrat SIEGE"))+ SUM(SUMIFS( INDEX( 'ETPT Format DDG'!$A:$ZZ,,MATCH("13.5. EXPERTISES (SUIVI ET LISTES)",'ETPT Format DDG'!2:2,0)), INDEX( 'ETPT Format DDG'!$A:$ZZ,,MATCH("Fonction recodée",'ETPT Format DDG'!2:2,0)),"Magistrat SIEGE"))+ SUM(SUMIFS( INDEX( 'ETPT Format DDG'!$A:$ZZ,,MATCH("13.2. FORMATIONS SUIVIES",'ETPT Format DDG'!2:2,0)), INDEX( 'ETPT Format DDG'!$A:$ZZ,,MATCH("Fonction recodée",'ETPT Format DDG'!2:2,0)),"Magistrat SIEGE"))+ SUM(SUMIFS( INDEX( 'ETPT Format DDG'!$A:$ZZ,,MATCH("13.6. MÉDIATION / CONCILIATION (SUIVI ET LISTES)",'ETPT Format DDG'!2:2,0)), INDEX( 'ETPT Format DDG'!$A:$ZZ,,MATCH("Fonction recodée",'ETPT Format DDG'!2:2,0)),"Magistrat SIEGE"))+ SUM(SUMIFS( INDEX( 'ETPT Format DDG'!$A:$ZZ,,MATCH("13.14. POLITIQUE ASSOCIATIVE ET AIDE AUX VICTIMES",'ETPT Format DDG'!2:2,0)), INDEX( 'ETPT Format DDG'!$A:$ZZ,,MATCH("Fonction recodée",'ETPT Format DDG'!2:2,0)),"Magistrat SIEGE"))+ SUM(SUMIFS( INDEX( 'ETPT Format DDG'!$A:$ZZ,,MATCH("13.1. SOUTIEN (AUTRES)",'ETPT Format DDG'!2:2,0)), INDEX( 'ETPT Format DDG'!$A:$ZZ,,MATCH("Fonction recodée",'ETPT Format DDG'!2:2,0)),"Magistrat SIEGE"))+ SUM(SUMIFS( INDEX( 'ETPT Format DDG'!$A:$ZZ,,MATCH("13.15. AUTRES ACTIVITÉS NON JURIDICTIONNELLES",'ETPT Format DDG'!2:2,0)), INDEX( 'ETPT Format DDG'!$A:$ZZ,,MATCH("Fonction recodée",'ETPT Format DDG'!2:2,0)),"Magistrat SIEGE")) -> #N/A | U7: =_xlfn.AGGREGATE(9,6,P7:T7) -> 0 | AA7: =_xlfn.AGGREGATE(9,6,V7:Z7) -> 0
D8: =IF(ISBLANK($D$3),"",$D$3) -> =ETPT_CA_JUR_DDG!$D$5 | E8: 166-07-NC | F8: Action 7 - Formation dispensée | G8: =SUM(SUMIFS( INDEX( 'ETPT Format DDG'!$A:$ZZ,,MATCH("13.3. FORMATIONS DISPENSÉES",'ETPT Format DDG'!2:2,0)), INDEX( 'ETPT Format DDG'!$A:$ZZ,,MATCH("Fonction recodée",'ETPT Format DDG'!2:2,0)),"Fonctionnaire CTECH")) -> #N/A | H8: =_xlfn.AGGREGATE(9,6,G8) -> 0 | N8: =SUM(SUMIFS( INDEX( 'ETPT Format DDG'!$A:$ZZ,,MATCH("13.3. FORMATIONS DISPENSÉES",'ETPT Format DDG'!2:2,0)), INDEX( 'ETPT Format DDG'!$A:$ZZ,,MATCH("Fonction recodée",'ETPT Format DDG'!2:2,0)),"Fonctionnaire A-B-CBUR")) -> #N/A | O8: =_xlfn.AGGREGATE(9,6,I8:N8) -> 0 | T8: =SUM(SUMIFS( INDEX( 'ETPT Format DDG'!$A:$ZZ,,MATCH("13.3. FORMATIONS DISPENSÉES",'ETPT Format DDG'!2:2,0)), INDEX( 'ETPT Format DDG'!$A:$ZZ,,MATCH("Fonction recodée",'ETPT Format DDG'!2:2,0)),"Magistrat SIEGE")) -> #N/A | U8: =_xlfn.AGGREGATE(9,6,P8:T8) -> 0 | AA8: =_xlfn.AGGREGATE(9,6,V8:Z8) -> 0
D9: =IF(ISBLANK($D$3),"",$D$3) -> =ETPT_CA_JUR_DDG!$D$5 | E9: 166-08-NC | F9: Action 8 - Support à l'accès au droit et à la justice | G9: =SUM(SUMIFS( INDEX( 'ETPT Format DDG'!$A:$ZZ,,MATCH("13.7. ACCÈS AU DROIT ET À LA JUSTICE",'ETPT Format DDG'!2:2,0)), INDEX( 'ETPT Format DDG'!$A:$ZZ,,MATCH("Fonction recodée",'ETPT Format DDG'!2:2,0)),"Fonctionnaire CTECH")) -> #N/A | H9: =_xlfn.AGGREGATE(9,6,G9) -> 0 | N9: =SUM(SUMIFS( INDEX( 'ETPT Format DDG'!$A:$ZZ,,MATCH("13.7. ACCÈS AU DROIT ET À LA JUSTICE",'ETPT Format DDG'!2:2,0)), INDEX( 'ETPT Format DDG'!$A:$ZZ,,MATCH("Fonction recodée",'ETPT Format DDG'!2:2,0)),"Fonctionnaire A-B-CBUR")) -> #N/A | O9: =_xlfn.AGGREGATE(9,6,I9:N9) -> 0 | T9: =SUM(SUMIFS( INDEX( 'ETPT Format DDG'!$A:$ZZ,,MATCH("13.7. ACCÈS AU DROIT ET À LA JUSTICE",'ETPT Format DDG'!2:2,0)), INDEX( 'ETPT Format DDG'!$A:$ZZ,,MATCH("Fonction recodée",'ETPT Format DDG'!2:2,0)),"Magistrat SIEGE")) -> #N/A | U9: =_xlfn.AGGREGATE(9,6,P9:T9) -> 0 | AA9: =_xlfn.AGGREGATE(9,6,V9:Z9) -> 0
D10: =IF(ISBLANK($D$3),"",$D$3) -> =ETPT_CA_JUR_DDG!$D$5 | E10: 166-99-NC | F10: Action 99 - Personnel concourant au programme - à reventiler | G10: =SUM(SUMIFS( INDEX( 'ETPT Format DDG'!$A:$ZZ,,MATCH("14. TOTAL des INDISPONIBILITÉS relevant de l'action 99",'ETPT Format DDG'!2:2,0)), INDEX( 'ETPT Format DDG'!$A:$ZZ,,MATCH("Fonction recodée",'ETPT Format DDG'!2:2,0)),"Fonctionnaire CTECH"))- SUM(SUMIFS( INDEX( 'ETPT Format DDG'!$A:$ZZ,,MATCH("14.9. MISE À DISPOSITION",'ETPT Format DDG'!2:2,0)), INDEX( 'ETPT Format DDG'!$A:$ZZ,,MATCH("Fonction recodée",'ETPT Format DDG'!2:2,0)),"Fonctionnaire CTECH")) -> #N/A | H10: =_xlfn.AGGREGATE(9,6,G10) -> 0 | N10: =SUM(SUMIFS( INDEX( 'ETPT Format DDG'!$A:$ZZ,,MATCH("14. TOTAL des INDISPONIBILITÉS relevant de l'action 99",'ETPT Format DDG'!2:2,0)), INDEX( 'ETPT Format DDG'!$A:$ZZ,,MATCH("Fonction recodée",'ETPT Format DDG'!2:2,0)),"Fonctionnaire A-B-CBUR"))- SUM(SUMIFS( INDEX( 'ETPT Format DDG'!$A:$ZZ,,MATCH("14.9. MISE À DISPOSITION",'ETPT Format DDG'!2:2,0)), INDEX( 'ETPT Format DDG'!$A:$ZZ,,MATCH("Fonction recodée",'ETPT Format DDG'!2:2,0)),"Fonctionnaire A-B-CBUR")) -> #N/A | O10: =_xlfn.AGGREGATE(9,6,I10:N10) -> 0 | T10: =SUM(SUMIFS( INDEX( 'ETPT Format DDG'!$A:$ZZ,,MATCH("14. TOTAL des INDISPONIBILITÉS relevant de l'action 99",'ETPT Format DDG'!2:2,0)), INDEX( 'ETPT Format DDG'!$A:$ZZ,,MATCH("Fonction recodée",'ETPT Format DDG'!2:2,0)),"Magistrat SIEGE"))- SUM(SUMIFS( INDEX( 'ETPT Format DDG'!$A:$ZZ,,MATCH("14.9. MISE À DISPOSITION",'ETPT Format DDG'!2:2,0)), INDEX( 'ETPT Format DDG'!$A:$ZZ,,MATCH("Fonction recodée",'ETPT Format DDG'!2:2,0)),"Magistrat SIEGE")) -> #N/A | U10: =_xlfn.AGGREGATE(9,6,P10:T10) -> 0 | AA10: =_xlfn.AGGREGATE(9,6,V10:Z10) -> 0
D11: =IF(ISBLANK($D$3),"",$D$3) -> =ETPT_CA_JUR_DDG!$D$5 | E11: 166-NC-NC | F11: Etpt autres personnels à reventiler (dont droit local,commercial- rcs, mise à disposition) | G11: =SUM(SUMIFS( INDEX( 'ETPT Format DDG'!$A:$ZZ,,MATCH("14.9. MISE À DISPOSITION",'ETPT Format DDG'!2:2,0)), INDEX( 'ETPT Format DDG'!$A:$ZZ,,MATCH("Fonction recodée",'ETPT Format DDG'!2:2,0)),"Fonctionnaire CTECH")) -> #N/A | H11: =_xlfn.AGGREGATE(9,6,G11) -> 0 | N11: =SUM(SUMIFS( INDEX( 'ETPT Format DDG'!$A:$ZZ,,MATCH("14.9. MISE À DISPOSITION",'ETPT Format DDG'!2:2,0)), INDEX( 'ETPT Format DDG'!$A:$ZZ,,MATCH("Fonction recodée",'ETPT Format DDG'!2:2,0)),"Fonctionnaire A-B-CBUR")) -> #N/A | O11: =_xlfn.AGGREGATE(9,6,I11:N11) -> 0 | T11: =SUM(SUMIFS( INDEX( 'ETPT Format DDG'!$A:$ZZ,,MATCH("14.9. MISE À DISPOSITION",'ETPT Format DDG'!2:2,0)), INDEX( 'ETPT Format DDG'!$A:$ZZ,,MATCH("Fonction recodée",'ETPT Format DDG'!2:2,0)),"Magistrat SIEGE")) -> #N/A | U11: =_xlfn.AGGREGATE(9,6,P11:T11) -> 0 | AA11: =_xlfn.AGGREGATE(9,6,V11:Z11) -> 0
D12: =IF(ISBLANK($D$3),"",$D$3) -> =ETPT_CA_JUR_DDG!$D$5 | E12: 166-PA-NC | F12: Etpt placés additionnels | G12: =SUM(SUMIFS( INDEX('ETPT A-JUST'!$A:$ZZ,,MATCH("Temps ventilés sur la période (absentéisme et action 99 déduits)",'ETPT A-JUST'!2:2,0)), INDEX('ETPT A-JUST'!$A:$ZZ,,MATCH("Fonction recodée",'ETPT A-JUST'!2:2,0)),"Fonctionnaire CTECH placé ADD")) -> #N/A | H12: =_xlfn.AGGREGATE(9,6,G12) -> 0 | I12: =SUM(SUMIFS( INDEX('ETPT A-JUST'!$A:$ZZ,,MATCH("13.9. FONCTIONNAIRES / AJ AFFECTÉS AUX ACTIVITÉS CIVILES ET COMMERCIALES DU PARQUET GÉNÉRAL",'ETPT A-JUST'!2:2,0)), INDEX('ETPT A-JUST'!$A:$ZZ,,MATCH("Fonction recodée",'ETPT A-JUST'!2:2,0)),"Fonctionnaire A-B-CBUR placé ADD")) -> #N/A | J12: =SUM(SUMIFS( INDEX('ETPT A-JUST'!$A:$ZZ,,MATCH("11.1. ASSISES HORS JIRS",'ETPT A-JUST'!2:2,0)), INDEX('ETPT A-JUST'!$A:$ZZ,,MATCH("Fonction recodée",'ETPT A-JUST'!2:2,0)),"Fonctionnaire A-B-CBUR placé ADD"))+ SUM(SUMIFS( INDEX('ETPT A-JUST'!$A:$ZZ,,MATCH("11.2 ASSISES JIRS",'ETPT A-JUST'!2:2,0)), INDEX('ETPT A-JUST'!$A:$ZZ,,MATCH("Fonction recodée",'ETPT A-JUST'!2:2,0)),"Fonctionnaire A-B-CBUR placé ADD")) -> #N/A | K12: =SUM(SUMIFS( INDEX('ETPT A-JUST'!$A:$ZZ,,MATCH("11.3. COUR CRIMINELLE DÉPARTEMENTALE",'ETPT A-JUST'!2:2,0)), INDEX('ETPT A-JUST'!$A:$ZZ,,MATCH("Fonction recodée",'ETPT A-JUST'!2:2,0)),"Fonctionnaire A-B-CBUR placé ADD")) -> #N/A | L12: =SUM(SUMIFS( INDEX( 'ETPT A-JUST'!$A:$ZZ,,MATCH("8.4. CONTENTIEUX JIRS CRIM-ORG",'ETPT A-JUST'!2:2,0)), INDEX( 'ETPT A-JUST'!$A:$ZZ,,MATCH("Fonction recodée",'ETPT A-JUST'!2:2,0)),"Fonctionnaire A-B-CBUR placé ADD"))+ SUM(SUMIFS( INDEX( 'ETPT A-JUST'!$A:$ZZ,,MATCH("8.7. CONTENTIEUX JIRS ÉCO-FI",'ETPT A-JUST'!2:2,0)), INDEX( 'ETPT A-JUST'!$A:$ZZ,,MATCH("Fonction recodée",'ETPT A-JUST'!2:2,0)),"Fonctionnaire A-B-CBUR placé ADD"))+ SUM(SUMIFS( INDEX( 'ETPT A-JUST'!$A:$ZZ,,MATCH("9.3. CONTENTIEUX DE LA DÉTENTION JIRS",'ETPT A-JUST'!2:2,0)), INDEX( 'ETPT A-JUST'!$A:$ZZ,,MATCH("Fonction recodée",'ETPT A-JUST'!2:2,0)),"Fonctionnaire A-B-CBUR placé ADD"))+ SUM(SUMIFS( INDEX( 'ETPT A-JUST'!$A:$ZZ,,MATCH("9.5. CONTENTIEUX DU CONTRÔLE JUDICIAIRE JIRS",'ETPT A-JUST'!2:2,0)), INDEX( 'ETPT A-JUST'!$A:$ZZ,,MATCH("Fonction recodée",'ETPT A-JUST'!2:2,0)),"Fonctionnaire A-B-CBUR placé ADD"))+ SUM(SUMIFS( INDEX( 'ETPT A-JUST'!$A:$ZZ,,MATCH("9.7. CONTENTIEUX DE FOND JIRS",'ETPT A-JUST'!2:2,0)), INDEX( 'ETPT A-JUST'!$A:$ZZ,,MATCH("Fonction recodée",'ETPT A-JUST'!2:2,0)),"Fonctionnaire A-B-CBUR placé ADD")) -> #N/A | M12: =SUM(SUMIFS( INDEX( 'ETPT A-JUST'!$A:$ZZ,,MATCH("1. TOTAL CONTENTIEUX SOCIAL",'ETPT A-JUST'!2:2,0)), INDEX( 'ETPT A-JUST'!$A:$ZZ,,MATCH("Fonction recodée",'ETPT A-JUST'!2:2,0)),"Fonctionnaire A-B-CBUR placé ADD")) -> #N/A | N12: =SUM(SUMIFS( INDEX('ETPT A-JUST'!$A:$ZZ,,MATCH("Temps ventilés sur la période (absentéisme et action 99 déduits)",'ETPT A-JUST'!2:2,0)), INDEX('ETPT A-JUST'!$A:$ZZ,,MATCH("Fonction recodée",'ETPT A-JUST'!2:2,0)),"Fonctionnaire A-B-CBUR placé ADD"))- SUM(I12:M12) -> #N/A | O12: =_xlfn.AGGREGATE(9,6,I12:N12) -> 0 | P12: =SUM(SUMIFS( INDEX('ETPT A-JUST'!$A:$ZZ,,MATCH("11.1. ASSISES HORS JIRS",'ETPT A-JUST'!2:2,0)), INDEX('ETPT A-JUST'!$A:$ZZ,,MATCH("Fonction recodée",'ETPT A-JUST'!2:2,0)),"Magistrat placé ADD"))+ SUM(SUMIFS( INDEX('ETPT A-JUST'!$A:$ZZ,,MATCH("11.2 ASSISES JIRS",'ETPT A-JUST'!2:2,0)), INDEX('ETPT A-JUST'!$A:$ZZ,,MATCH("Fonction recodée",'ETPT A-JUST'!2:2,0)),"Magistrat placé ADD")) -> #N/A | Q12: =SUM(SUMIFS( INDEX('ETPT A-JUST'!$A:$ZZ,,MATCH("11.3. COUR CRIMINELLE DÉPARTEMENTALE",'ETPT A-JUST'!2:2,0)), INDEX('ETPT A-JUST'!$A:$ZZ,,MATCH("Fonction recodée",'ETPT A-JUST'!2:2,0)),"Magistrat placé ADD")) -> #N/A | R12: =SUM(SUMIFS( INDEX( 'ETPT A-JUST'!$A:$ZZ,,MATCH("8.4. CONTENTIEUX JIRS CRIM-ORG",'ETPT A-JUST'!2:2,0)), INDEX( 'ETPT A-JUST'!$A:$ZZ,,MATCH("Fonction recodée",'ETPT A-JUST'!2:2,0)),"Magistrat placé ADD"))+ SUM(SUMIFS( INDEX( 'ETPT A-JUST'!$A:$ZZ,,MATCH("8.7. CONTENTIEUX JIRS ÉCO-FI",'ETPT A-JUST'!2:2,0)), INDEX( 'ETPT A-JUST'!$A:$ZZ,,MATCH("Fonction recodée",'ETPT A-JUST'!2:2,0)),"Magistrat placé ADD"))+ SUM(SUMIFS( INDEX( 'ETPT A-JUST'!$A:$ZZ,,MATCH("9.3. CONTENTIEUX DE LA DÉTENTION JIRS",'ETPT A-JUST'!2:2,0)), INDEX( 'ETPT A-JUST'!$A:$ZZ,,MATCH("Fonction recodée",'ETPT A-JUST'!2:2,0)),"Magistrat placé ADD"))+ SUM(SUMIFS( INDEX( 'ETPT A-JUST'!$A:$ZZ,,MATCH("9.5. CONTENTIEUX DU CONTRÔLE JUDICIAIRE JIRS",'ETPT A-JUST'!2:2,0)), INDEX( 'ETPT A-JUST'!$A:$ZZ,,MATCH("Fonction recodée",'ETPT A-JUST'!2:2,0)),"Magistrat placé ADD"))+ SUM(SUMIFS( INDEX( 'ETPT A-JUST'!$A:$ZZ,,MATCH("9.7. CONTENTIEUX DE FOND JIRS",'ETPT A-JUST'!2:2,0)), INDEX( 'ETPT A-JUST'!$A:$ZZ,,MATCH("Fonction recodée",'ETPT A-JUST'!2:2,0)),"Magistrat placé ADD")) -> #N/A | S12: =SUM(SUMIFS( INDEX( 'ETPT A-JUST'!$A:$ZZ,,MATCH("1. TOTAL CONTENTIEUX SOCIAL",'ETPT A-JUST'!2:2,0)), INDEX( 'ETPT A-JUST'!$A:$ZZ,,MATCH("Fonction recodée",'ETPT A-JUST'!2:2,0)),"Magistrat placé ADD")) -> #N/A | T12: =SUM(SUMIFS( INDEX('ETPT A-JUST'!$A:$ZZ,,MATCH("Temps ventilés sur la période (absentéisme et action 99 déduits)",'ETPT A-JUST'!2:2,0)), INDEX('ETPT A-JUST'!$A:$ZZ,,MATCH("Fonction recodée",'ETPT A-JUST'!2:2,0)),"Magistrat placé ADD"))- SUM(P12:S12) -> #N/A | U12: =_xlfn.AGGREGATE(9,6,P12:T12) -> 0 | AA12: =_xlfn.AGGREGATE(9,6,V12:Z12) -> 0
D13: =IF(ISBLANK($D$3),"",$D$3) -> =ETPT_CA_JUR_DDG!$D$5 | E13: 166-PN-NC | F13: Etpt placés absents non affectés | H13: =_xlfn.AGGREGATE(9,6,G13) -> 0 | O13: =_xlfn.AGGREGATE(9,6,I13:N13) -> 0 | T13: {=SUM(SUMIFS( INDEX( 'ETPT A-JUST'!$A:$ZZ,,MATCH("14. TOTAL INDISPONIBILITÉ",'ETPT A-JUST'!2:2,0)), INDEX( 'ETPT A-JUST'!$A:$ZZ,,MATCH("Fonction recodée",'ETPT A-JUST'!2:2,0)),{"Magistrat placé ADD";"Magistrat placé SUB"}))} -> #N/A | U13: =_xlfn.AGGREGATE(9,6,P13:T13) -> 0 | AA13: =_xlfn.AGGREGATE(9,6,V13:Z13) -> 0
E14: 166-PS-NC | F14: Etpt placés de substitution | G14: =SUM(SUMIFS( INDEX('ETPT A-JUST'!$A:$ZZ,,MATCH("Temps ventilés sur la période (absentéisme et action 99 déduits)",'ETPT A-JUST'!2:2,0)), INDEX('ETPT A-JUST'!$A:$ZZ,,MATCH("Fonction recodée",'ETPT A-JUST'!2:2,0)),"Fonctionnaire CTECH placé SUB")) -> #N/A | H14: =_xlfn.AGGREGATE(9,6,G14) -> 0 | I14: =SUM(SUMIFS( INDEX('ETPT A-JUST'!$A:$ZZ,,MATCH("13.9. FONCTIONNAIRES / AJ AFFECTÉS AUX ACTIVITÉS CIVILES ET COMMERCIALES DU PARQUET GÉNÉRAL",'ETPT A-JUST'!2:2,0)), INDEX('ETPT A-JUST'!$A:$ZZ,,MATCH("Fonction recodée",'ETPT A-JUST'!2:2,0)),"Fonctionnaire A-B-CBUR placé SUB")) -> #N/A | J14: =SUM(SUMIFS( INDEX('ETPT A-JUST'!$A:$ZZ,,MATCH("11.1. ASSISES HORS JIRS",'ETPT A-JUST'!2:2,0)), INDEX('ETPT A-JUST'!$A:$ZZ,,MATCH("Fonction recodée",'ETPT A-JUST'!2:2,0)),"Fonctionnaire A-B-CBUR placé SUB"))+ SUM(SUMIFS( INDEX('ETPT A-JUST'!$A:$ZZ,,MATCH("11.2 ASSISES JIRS",'ETPT A-JUST'!2:2,0)), INDEX('ETPT A-JUST'!$A:$ZZ,,MATCH("Fonction recodée",'ETPT A-JUST'!2:2,0)),"Fonctionnaire A-B-CBUR placé SUB")) -> #N/A | K14: =SUM(SUMIFS( INDEX('ETPT A-JUST'!$A:$ZZ,,MATCH("11.3. COUR CRIMINELLE DÉPARTEMENTALE",'ETPT A-JUST'!2:2,0)), INDEX('ETPT A-JUST'!$A:$ZZ,,MATCH("Fonction recodée",'ETPT A-JUST'!2:2,0)),"Fonctionnaire A-B-CBUR placé SUB")) -> #N/A | L14: =SUM(SUMIFS( INDEX( 'ETPT A-JUST'!$A:$ZZ,,MATCH("8.4. CONTENTIEUX JIRS CRIM-ORG",'ETPT A-JUST'!2:2,0)), INDEX( 'ETPT A-JUST'!$A:$ZZ,,MATCH("Fonction recodée",'ETPT A-JUST'!2:2,0)),"Fonctionnaire A-B-CBUR placé SUB"))+ SUM(SUMIFS( INDEX( 'ETPT A-JUST'!$A:$ZZ,,MATCH("8.7. CONTENTIEUX JIRS ÉCO-FI",'ETPT A-JUST'!2:2,0)), INDEX( 'ETPT A-JUST'!$A:$ZZ,,MATCH("Fonction recodée",'ETPT A-JUST'!2:2,0)),"Fonctionnaire A-B-CBUR placé SUB"))+ SUM(SUMIFS( INDEX( 'ETPT A-JUST'!$A:$ZZ,,MATCH("9.3. CONTENTIEUX DE LA DÉTENTION JIRS",'ETPT A-JUST'!2:2,0)), INDEX( 'ETPT A-JUST'!$A:$ZZ,,MATCH("Fonction recodée",'ETPT A-JUST'!2:2,0)),"Fonctionnaire A-B-CBUR placé SUB"))+ SUM(SUMIFS( INDEX( 'ETPT A-JUST'!$A:$ZZ,,MATCH("9.5. CONTENTIEUX DU CONTRÔLE JUDICIAIRE JIRS",'ETPT A-JUST'!2:2,0)), INDEX( 'ETPT A-JUST'!$A:$ZZ,,MATCH("Fonction recodée",'ETPT A-JUST'!2:2,0)),"Fonctionnaire A-B-CBUR placé SUB"))+ SUM(SUMIFS( INDEX( 'ETPT A-JUST'!$A:$ZZ,,MATCH("9.7. CONTENTIEUX DE FOND JIRS",'ETPT A-JUST'!2:2,0)), INDEX( 'ETPT A-JUST'!$A:$ZZ,,MATCH("Fonction recodée",'ETPT A-JUST'!2:2,0)),"Fonctionnaire A-B-CBUR placé SUB")) -> #N/A | M14: =SUM(SUMIFS( INDEX( 'ETPT A-JUST'!$A:$ZZ,,MATCH("1. TOTAL CONTENTIEUX SOCIAL",'ETPT A-JUST'!2:2,0)), INDEX( 'ETPT A-JUST'!$A:$ZZ,,MATCH("Fonction recodée",'ETPT A-JUST'!2:2,0)),"Fonctionnaire A-B-CBUR placé SUB")) -> #N/A | N14: =SUM(SUMIFS( INDEX('ETPT A-JUST'!$A:$ZZ,,MATCH("Temps ventilés sur la période (absentéisme et action 99 déduits)",'ETPT A-JUST'!2:2,0)), INDEX('ETPT A-JUST'!$A:$ZZ,,MATCH("Fonction recodée",'ETPT A-JUST'!2:2,0)),"Fonctionnaire A-B-CBUR placé SUB"))- SUM(I14:M14) -> #N/A | O14: =_xlfn.AGGREGATE(9,6,I14:N14) -> 0 | P14: =SUM(SUMIFS( INDEX('ETPT A-JUST'!$A:$ZZ,,MATCH("11.1. ASSISES HORS JIRS",'ETPT A-JUST'!2:2,0)), INDEX('ETPT A-JUST'!$A:$ZZ,,MATCH("Fonction recodée",'ETPT A-JUST'!2:2,0)),"Magistrat placé SUB"))+ SUM(SUMIFS( INDEX('ETPT A-JUST'!$A:$ZZ,,MATCH("11.2 ASSISES JIRS",'ETPT A-JUST'!2:2,0)), INDEX('ETPT A-JUST'!$A:$ZZ,,MATCH("Fonction recodée",'ETPT A-JUST'!2:2,0)),"Magistrat placé SUB")) -> #N/A | Q14: =SUM(SUMIFS( INDEX('ETPT A-JUST'!$A:$ZZ,,MATCH("11.3. COUR CRIMINELLE DÉPARTEMENTALE",'ETPT A-JUST'!2:2,0)), INDEX('ETPT A-JUST'!$A:$ZZ,,MATCH("Fonction recodée",'ETPT A-JUST'!2:2,0)),"Magistrat placé SUB")) -> #N/A | R14: =SUM(SUMIFS( INDEX( 'ETPT A-JUST'!$A:$ZZ,,MATCH("8.4. CONTENTIEUX JIRS CRIM-ORG",'ETPT A-JUST'!2:2,0)), INDEX( 'ETPT A-JUST'!$A:$ZZ,,MATCH("Fonction recodée",'ETPT A-JUST'!2:2,0)),"Magistrat placé SUB"))+ SUM(SUMIFS( INDEX( 'ETPT A-JUST'!$A:$ZZ,,MATCH("8.7. CONTENTIEUX JIRS ÉCO-FI",'ETPT A-JUST'!2:2,0)), INDEX( 'ETPT A-JUST'!$A:$ZZ,,MATCH("Fonction recodée",'ETPT A-JUST'!2:2,0)),"Magistrat placé SUB"))+ SUM(SUMIFS( INDEX( 'ETPT A-JUST'!$A:$ZZ,,MATCH("9.3. CONTENTIEUX DE LA DÉTENTION JIRS",'ETPT A-JUST'!2:2,0)), INDEX( 'ETPT A-JUST'!$A:$ZZ,,MATCH("Fonction recodée",'ETPT A-JUST'!2:2,0)),"Magistrat placé SUB"))+ SUM(SUMIFS( INDEX( 'ETPT A-JUST'!$A:$ZZ,,MATCH("9.5. CONTENTIEUX DU CONTRÔLE JUDICIAIRE JIRS",'ETPT A-JUST'!2:2,0)), INDEX( 'ETPT A-JUST'!$A:$ZZ,,MATCH("Fonction recodée",'ETPT A-JUST'!2:2,0)),"Magistrat placé SUB"))+ SUM(SUMIFS( INDEX( 'ETPT A-JUST'!$A:$ZZ,,MATCH("9.7. CONTENTIEUX DE FOND JIRS",'ETPT A-JUST'!2:2,0)), INDEX( 'ETPT A-JUST'!$A:$ZZ,,MATCH("Fonction recodée",'ETPT A-JUST'!2:2,0)),"Magistrat placé SUB")) -> #N/A | S14: =SUM(SUMIFS( INDEX( 'ETPT A-JUST'!$A:$ZZ,,MATCH("1. TOTAL CONTENTIEUX SOCIAL",'ETPT A-JUST'!2:2,0)), INDEX( 'ETPT A-JUST'!$A:$ZZ,,MATCH("Fonction recodée",'ETPT A-JUST'!2:2,0)),"Magistrat placé SUB")) -> #N/A | T14: =SUM(SUMIFS( INDEX('ETPT A-JUST'!$A:$ZZ,,MATCH("Temps ventilés sur la période (absentéisme et action 99 déduits)",'ETPT A-JUST'!2:2,0)), INDEX('ETPT A-JUST'!$A:$ZZ,,MATCH("Fonction recodée",'ETPT A-JUST'!2:2,0)),"Magistrat placé SUB"))- SUM(P14:S14) -> #N/A | U14: =_xlfn.AGGREGATE(9,6,P14:T14) -> 0 | AA14: =_xlfn.AGGREGATE(9,6,V14:Z14) -> 0
F15: TOTAL ETPT | G15: =_xlfn.AGGREGATE(9,6,G3:G14) -> 0 | H15: =_xlfn.AGGREGATE(9,6,H3:H14) -> 0 | I15: =_xlfn.AGGREGATE(9,6,I3:I14) -> 0 | J15: =_xlfn.AGGREGATE(9,6,J3:J14) -> 0 | K15: =_xlfn.AGGREGATE(9,6,K3:K14) -> 0 | L15: =_xlfn.AGGREGATE(9,6,L3:L14) -> 0 | M15: =_xlfn.AGGREGATE(9,6,M3:M14) -> 0 | N15: =_xlfn.AGGREGATE(9,6,N3:N14) -> 0 | ... AA15: =_xlfn.AGGREGATE(9,6,AA3:AA14) -> 0
F17: Indisponibilité des placés à reporter sur le SAR, ligne "Etpt placés absents non affectés", colonne C-TECH | G17: {=SUM(SUMIFS( INDEX( 'ETPT A-JUST'!$A:$ZZ,,MATCH("14. TOTAL INDISPONIBILITÉ",'ETPT A-JUST'!2:2,0)), INDEX( 'ETPT A-JUST'!$A:$ZZ,,MATCH("Fonction recodée",'ETPT A-JUST'!2:2,0)),{"Fonctionnaire CTECH placé ADD";"Fonctionnaire CTECH placé SUB"}))} -> #N/A | I17: Indisponibilité des placés à reporter sur le SAR, ligne "Etpt placés absents non affectés", colonne ABC-BUR | N17: {=SUM(SUMIFS( INDEX( 'ETPT A-JUST'!$A:$ZZ,,MATCH("14. TOTAL INDISPONIBILITÉ",'ETPT A-JUST'!2:2,0)), INDEX( 'ETPT A-JUST'!$A:$ZZ,,MATCH("Fonction recodée",'ETPT A-JUST'!2:2,0)),{"Fonctionnaire A-B-CBUR placé ADD";"Fonctionnaire A-B-CBUR placé SUB"}))} -> #N/A

Sheet ETPT_CA_JUR_DDG
A1: Déclaration des ETPT CA | D1: Déclaration des ETPT CA
B2: UO | C2: Code de la juridiction | D2: Juridiction | E2: Code sous action | F2: Action | G2: Fonctionnaires Catégorie C Technique spécialisés | H2: Total fonctionnaires techniques | I2: Fonctionnaires activité civile et commerciale du parquet | J2: Fonctionnaires Assises (inclus JIRS) | K2: Fonctionnaires Cour criminelle | L2: Fonctionnaires JIRS (correctionnel) | M2: Fonctionnaires chambres sociales | N2: Fonctionnaires hors fonctions spécifiques | O2: Total fonctionnaires administratifs | P2: Magistrats du Siège assises (inclus JIRS) | Q2: Magistrats du siège Cour criminelle | R2: Autres Magistrats du Siège JIRS (correctionnel) | S2: Magistrats du Siège chambres sociales | T2: Autres Magistrats du Siège non spécialisés | U2: Total magistrats du siège non spécialisés | V2: Magistrats du Parquet - activité civile et commerciale | W2: Magistrats du Parquet JIRS (correctionnel) | X2: Magistrats du Parquet assises (inclus JIRS) | Y2: Magistrats du Parquet Cour criminelle | Z2: Autres Magistrats du Parquet | AA2: Total magistrats du parquet
D3: A | E3: 166-01-NC | F3: Action 1 - Traitement et jugement des contentieux civils | G3: =IF(ISBLANK($D$3),"",IF(ISERROR(ETPT_CA_JUR!G3),"",IF(ETPT_CA_JUR!G3=0,"",ETPT_CA_JUR!G3))) | H3: =ETPT_CA_JUR!H3 -> 0 | I3: =IF(ISBLANK($D$3),"",IF(ISERROR(ETPT_CA_JUR!I3),"",IF(ETPT_CA_JUR!I3=0,"",ETPT_CA_JUR!I3))) | J3: =IF(ISBLANK($D$3),"",IF(ISERROR(ETPT_CA_JUR!J3),"",IF(ETPT_CA_JUR!J3=0,"",ETPT_CA_JUR!J3))) | K3: =IF(ISBLANK($D$3),"",IF(ISERROR(ETPT_CA_JUR!K3),"",IF(ETPT_CA_JUR!K3=0,"",ETPT_CA_JUR!K3))) | L3: =IF(ISBLANK($D$3),"",IF(ISERROR(ETPT_CA_JUR!L3),"",IF(ETPT_CA_JUR!L3=0,"",ETPT_CA_JUR!L3))) | M3: =IF(ISBLANK($D$3),"",IF(ISERROR(ETPT_CA_JUR!M3),"",IF(ETPT_CA_JUR!M3=0,"",ETPT_CA_JUR!M3))) | N3: =IF(ISBLANK($D$3),"",IF(ISERROR(ETPT_CA_JUR!N3),"",IF(ETPT_CA_JUR!N3=0,"",ETPT_CA_JUR!N3))) | O3: =ETPT_CA_JUR!O3 -> 0 | P3: =IF(ISBLANK($D$3),"",IF(ISERROR(ETPT_CA_JUR!P3),"",IF(ETPT_CA_JUR!P3=0,"",ETPT_CA_JUR!P3))) | Q3: =IF(ISBLANK($D$3),"",IF(ISERROR(ETPT_CA_JUR!Q3),"",IF(ETPT_CA_JUR!Q3=0,"",ETPT_CA_JUR!Q3))) | R3: =IF(ISBLANK($D$3),"",IF(ISERROR(ETPT_CA_JUR!R3),"",IF(ETPT_CA_JUR!R3=0,"",ETPT_CA_JUR!R3))) | S3: =IF(ISBLANK($D$3),"",IF(ISERROR(ETPT_CA_JUR!S3),"",IF(ETPT_CA_JUR!S3=0,"",ETPT_CA_JUR!S3))) | T3: =IF(ISBLANK($D$3),"",IF(ISERROR(ETPT_CA_JUR!T3),"",IF(ETPT_CA_JUR!T3=0,"",ETPT_CA_JUR!T3))) | U3: =ETPT_CA_JUR!U3 -> 0 | V3: =IF(ISBLANK($D$3),"",IF(ISERROR(ETPT_CA_JUR!V3),"",IF(ETPT_CA_JUR!V3=0,"",ETPT_CA_JUR!V3))) | W3: =IF(ISBLANK($D$3),"",IF(ISERROR(ETPT_CA_JUR!W3),"",IF(ETPT_CA_JUR!W3=0,"",ETPT_CA_JUR!W3))) | X3: =IF(ISBLANK($D$3),"",IF(ISERROR(ETPT_CA_JUR!X3),"",IF(ETPT_CA_JUR!X3=0,"",ETPT_CA_JUR!X3))) | Y3: =IF(ISBLANK($D$3),"",IF(ISERROR(ETPT_CA_JUR!Y3),"",IF(ETPT_CA_JUR!Y3=0,"",ETPT_CA_JUR!Y3))) | Z3: =IF(ISBLANK($D$3),"",IF(ISERROR(ETPT_CA_JUR!Z3),"",IF(ETPT_CA_JUR!Z3=0,"",ETPT_CA_JUR!Z3))) | AA3: =ETPT_CA_JUR!AA3 -> 0
D4: =IF(ISBLANK($D$3),"",$D$3) -> A | E4: 166-02-NC | F4: Action 2 - Traitement et jugement des affaires pénales | G4: =IF(ISBLANK($D$3),"",IF(ISERROR(ETPT_CA_JUR!G4),"",IF(ETPT_CA_JUR!G4=0,"",ETPT_CA_JUR!G4))) | H4: =ETPT_CA_JUR!H4 -> 0 | I4: =IF(ISBLANK($D$3),"",IF(ISERROR(ETPT_CA_JUR!I4),"",IF(ETPT_CA_JUR!I4=0,"",ETPT_CA_JUR!I4))) | J4: =IF(ISBLANK($D$3),"",IF(ISERROR(ETPT_CA_JUR!J4),"",IF(ETPT_CA_JUR!J4=0,"",ETPT_CA_JUR!J4))) | K4: =IF(ISBLANK($D$3),"",IF(ISERROR(ETPT_CA_JUR!K4),"",IF(ETPT_CA_JUR!K4=0,"",ETPT_CA_JUR!K4))) | L4: =IF(ISBLANK($D$3),"",IF(ISERROR(ETPT_CA_JUR!L4),"",IF(ETPT_CA_JUR!L4=0,"",ETPT_CA_JUR!L4))) | M4: =IF(ISBLANK($D$3),"",IF(ISERROR(ETPT_CA_JUR!M4),"",IF(ETPT_CA_JUR!M4=0,"",ETPT_CA_JUR!M4))) | N4: =IF(ISBLANK($D$3),"",IF(ISERROR(ETPT_CA_JUR!N4),"",IF(ETPT_CA_JUR!N4=0,"",ETPT_CA_JUR!N4))) | O4: =ETPT_CA_JUR!O4 -> 0 | P4: =IF(ISBLANK($D$3),"",IF(ISERROR(ETPT_CA_JUR!P4),"",IF(ETPT_CA_JUR!P4=0,"",ETPT_CA_JUR!P4))) | Q4: =IF(ISBLANK($D$3),"",IF(ISERROR(ETPT_CA_JUR!Q4),"",IF(ETPT_CA_JUR!Q4=0,"",ETPT_CA_JUR!Q4))) | R4: =IF(ISBLANK($D$3),"",IF(ISERROR(ETPT_CA_JUR!R4),"",IF(ETPT_CA_JUR!R4=0,"",ETPT_CA_JUR!R4))) | S4: =IF(ISBLANK($D$3),"",IF(ISERROR(ETPT_CA_JUR!S4),"",IF(ETPT_CA_JUR!S4=0,"",ETPT_CA_JUR!S4))) | T4: =IF(ISBLANK($D$3),"",IF(ISERROR(ETPT_CA_JUR!T4),"",IF(ETPT_CA_JUR!T4=0,"",ETPT_CA_JUR!T4))) | U4: =ETPT_CA_JUR!U4 -> 0 | V4: =IF(ISBLANK($D$3),"",IF(ISERROR(ETPT_CA_JUR!V4),"",IF(ETPT_CA_JUR!V4=0,"",ETPT_CA_JUR!V4))) | W4: =IF(ISBLANK($D$3),"",IF(ISERROR(ETPT_CA_JUR!W4),"",IF(ETPT_CA_JUR!W4=0,"",ETPT_CA_JUR!W4))) | X4: =IF(ISBLANK($D$3),"",IF(ISERROR(ETPT_CA_JUR!X4),"",IF(ETPT_CA_JUR!X4=0,"",ETPT_CA_JUR!X4))) | Y4: =IF(ISBLANK($D$3),"",IF(ISERROR(ETPT_CA_JUR!Y4),"",IF(ETPT_CA_JUR!Y4=0,"",ETPT_CA_JUR!Y4))) | Z4: =IF(ISBLANK($D$3),"",IF(ISERROR(ETPT_CA_JUR!Z4),"",IF(ETPT_CA_JUR!Z4=0,"",ETPT_CA_JUR!Z4))) | AA4: =ETPT_CA_JUR!AA4 -> 0
D5: =IF(ISBLANK($D$3),"",$D$3) -> A | E5: 166-04-NC | F5: Action 4 - Conseil supérieur de la magistrature | G5: =IF(ISBLANK($D$3),"",IF(ISERROR(ETPT_CA_JUR!G5),"",IF(ETPT_CA_JUR!G5=0,"",ETPT_CA_JUR!G5))) | H5: =ETPT_CA_JUR!H5 -> 0 | I5: =IF(ISBLANK($D$3),"",IF(ISERROR(ETPT_CA_JUR!I5),"",IF(ETPT_CA_JUR!I5=0,"",ETPT_CA_JUR!I5))) | J5: =IF(ISBLANK($D$3),"",IF(ISERROR(ETPT_CA_JUR!J5),"",IF(ETPT_CA_JUR!J5=0,"",ETPT_CA_JUR!J5))) | K5: =IF(ISBLANK($D$3),"",IF(ISERROR(ETPT_CA_JUR!K5),"",IF(ETPT_CA_JUR!K5=0,"",ETPT_CA_JUR!K5))) | L5: =IF(ISBLANK($D$3),"",IF(ISERROR(ETPT_CA_JUR!L5),"",IF(ETPT_CA_JUR!L5=0,"",ETPT_CA_JUR!L5))) | M5: =IF(ISBLANK($D$3),"",IF(ISERROR(ETPT_CA_JUR!M5),"",IF(ETPT_CA_JUR!M5=0,"",ETPT_CA_JUR!M5))) | N5: =IF(ISBLANK($D$3),"",IF(ISERROR(ETPT_CA_JUR!N5),"",IF(ETPT_CA_JUR!N5=0,"",ETPT_CA_JUR!N5))) | O5: =ETPT_CA_JUR!O5 -> 0 | P5: =IF(ISBLANK($D$3),"",IF(ISERROR(ETPT_CA_JUR!P5),"",IF(ETPT_CA_JUR!P5=0,"",ETPT_CA_JUR!P5))) | Q5: =IF(ISBLANK($D$3),"",IF(ISERROR(ETPT_CA_JUR!Q5),"",IF(ETPT_CA_JUR!Q5=0,"",ETPT_CA_JUR!Q5))) | R5: =IF(ISBLANK($D$3),"",IF(ISERROR(ETPT_CA_JUR!R5),"",IF(ETPT_CA_JUR!R5=0,"",ETPT_CA_JUR!R5))) | S5: =IF(ISBLANK($D$3),"",IF(ISERROR(ETPT_CA_JUR!S5),"",IF(ETPT_CA_JUR!S5=0,"",ETPT_CA_JUR!S5))) | T5: =IF(ISBLANK($D$3),"",IF(ISERROR(ETPT_CA_JUR!T5),"",IF(ETPT_CA_JUR!T5=0,"",ETPT_CA_JUR!T5))) | U5: =ETPT_CA_JUR!U5 -> 0 | V5: =IF(ISBLANK($D$3),"",IF(ISERROR(ETPT_CA_JUR!V5),"",IF(ETPT_CA_JUR!V5=0,"",ETPT_CA_JUR!V5))) | W5: =IF(ISBLANK($D$3),"",IF(ISERROR(ETPT_CA_JUR!W5),"",IF(ETPT_CA_JUR!W5=0,"",ETPT_CA_JUR!W5))) | X5: =IF(ISBLANK($D$3),"",IF(ISERROR(ETPT_CA_JUR!X5),"",IF(ETPT_CA_JUR!X5=0,"",ETPT_CA_JUR!X5))) | Y5: =IF(ISBLANK($D$3),"",IF(ISERROR(ETPT_CA_JUR!Y5),"",IF(ETPT_CA_JUR!Y5=0,"",ETPT_CA_JUR!Y5))) | Z5: =IF(ISBLANK($D$3),"",IF(ISERROR(ETPT_CA_JUR!Z5),"",IF(ETPT_CA_JUR!Z5=0,"",ETPT_CA_JUR!Z5))) | AA5: =ETPT_CA_JUR!AA5 -> 0
D6: =IF(ISBLANK($D$3),"",$D$3) -> A | E6: 166-06-99 | F6: Action 6 - Accueil du justiciable (inclus SAUJ) | G6: =IF(ISBLANK($D$3),"",IF(ISERROR(ETPT_CA_JUR!G6),"",IF(ETPT_CA_JUR!G6=0,"",ETPT_CA_JUR!G6))) | H6: =ETPT_CA_JUR!H6 -> 0 | I6: =IF(ISBLANK($D$3),"",IF(ISERROR(ETPT_CA_JUR!I6),"",IF(ETPT_CA_JUR!I6=0,"",ETPT_CA_JUR!I6))) | J6: =IF(ISBLANK($D$3),"",IF(ISERROR(ETPT_CA_JUR!J6),"",IF(ETPT_CA_JUR!J6=0,"",ETPT_CA_JUR!J6))) | K6: =IF(ISBLANK($D$3),"",IF(ISERROR(ETPT_CA_JUR!K6),"",IF(ETPT_CA_JUR!K6=0,"",ETPT_CA_JUR!K6))) | L6: =IF(ISBLANK($D$3),"",IF(ISERROR(ETPT_CA_JUR!L6),"",IF(ETPT_CA_JUR!L6=0,"",ETPT_CA_JUR!L6))) | M6: =IF(ISBLANK($D$3),"",IF(ISERROR(ETPT_CA_JUR!M6),"",IF(ETPT_CA_JUR!M6=0,"",ETPT_CA_JUR!M6))) | N6: =IF(ISBLANK($D$3),"",IF(ISERROR(ETPT_CA_JUR!N6),"",IF(ETPT_CA_JUR!N6=0,"",ETPT_CA_JUR!N6))) | O6: =ETPT_CA_JUR!O6 -> 0 | P6: =IF(ISBLANK($D$3),"",IF(ISERROR(ETPT_CA_JUR!P6),"",IF(ETPT_CA_JUR!P6=0,"",ETPT_CA_JUR!P6))) | Q6: =IF(ISBLANK($D$3),"",IF(ISERROR(ETPT_CA_JUR!Q6),"",IF(ETPT_CA_JUR!Q6=0,"",ETPT_CA_JUR!Q6))) | R6: =IF(ISBLANK($D$3),"",IF(ISERROR(ETPT_CA_JUR!R6),"",IF(ETPT_CA_JUR!R6=0,"",ETPT_CA_JUR!R6))) | S6: =IF(ISBLANK($D$3),"",IF(ISERROR(ETPT_CA_JUR!S6),"",IF(ETPT_CA_JUR!S6=0,"",ETPT_CA_JUR!S6))) | T6: =IF(ISBLANK($D$3),"",IF(ISERROR(ETPT_CA_JUR!T6),"",IF(ETPT_CA_JUR!T6=0,"",ETPT_CA_JUR!T6))) | U6: =ETPT_CA_JUR!U6 -> 0 | V6: =IF(ISBLANK($D$3),"",IF(ISERROR(ETPT_CA_JUR!V6),"",IF(ETPT_CA_JUR!V6=0,"",ETPT_CA_JUR!V6))) | W6: =IF(ISBLANK($D$3),"",IF(ISERROR(ETPT_CA_JUR!W6),"",IF(ETPT_CA_JUR!W6=0,"",ETPT_CA_JUR!W6))) | X6: =IF(ISBLANK($D$3),"",IF(ISERROR(ETPT_CA_JUR!X6),"",IF(ETPT_CA_JUR!X6=0,"",ETPT_CA_JUR!X6))) | Y6: =IF(ISBLANK($D$3),"",IF(ISERROR(ETPT_CA_JUR!Y6),"",IF(ETPT_CA_JUR!Y6=0,"",ETPT_CA_JUR!Y6))) | Z6: =IF(ISBLANK($D$3),"",IF(ISERROR(ETPT_CA_JUR!Z6),"",IF(ETPT_CA_JUR!Z6=0,"",ETPT_CA_JUR!Z6))) | AA6: =ETPT_CA_JUR!AA6 -> 0
D7: =IF(ISBLANK($D$3),"",$D$3) -> A | E7: 166-06-NC | F7: Action 6 - Soutien (Hors accueil du justiciable) | G7: =IF(ISBLANK($D$3),"",IF(ISERROR(ETPT_CA_JUR!G7),"",IF(ETPT_CA_JUR!G7=0,"",ETPT_CA_JUR!G7))) | H7: =ETPT_CA_JUR!H7 -> 0 | I7: =IF(ISBLANK($D$3),"",IF(ISERROR(ETPT_CA_JUR!I7),"",IF(ETPT_CA_JUR!I7=0,"",ETPT_CA_JUR!I7))) | J7: =IF(ISBLANK($D$3),"",IF(ISERROR(ETPT_CA_JUR!J7),"",IF(ETPT_CA_JUR!J7=0,"",ETPT_CA_JUR!J7))) | K7: =IF(ISBLANK($D$3),"",IF(ISERROR(ETPT_CA_JUR!K7),"",IF(ETPT_CA_JUR!K7=0,"",ETPT_CA_JUR!K7))) | L7: =IF(ISBLANK($D$3),"",IF(ISERROR(ETPT_CA_JUR!L7),"",IF(ETPT_CA_JUR!L7=0,"",ETPT_CA_JUR!L7))) | M7: =IF(ISBLANK($D$3),"",IF(ISERROR(ETPT_CA_JUR!M7),"",IF(ETPT_CA_JUR!M7=0,"",ETPT_CA_JUR!M7))) | N7: =IF(ISBLANK($D$3),"",IF(ISERROR(ETPT_CA_JUR!N7),"",IF(ETPT_CA_JUR!N7=0,"",ETPT_CA_JUR!N7))) | O7: =ETPT_CA_JUR!O7 -> 0 | P7: =IF(ISBLANK($D$3),"",IF(ISERROR(ETPT_CA_JUR!P7),"",IF(ETPT_CA_JUR!P7=0,"",ETPT_CA_JUR!P7))) | Q7: =IF(ISBLANK($D$3),"",IF(ISERROR(ETPT_CA_JUR!Q7),"",IF(ETPT_CA_JUR!Q7=0,"",ETPT_CA_JUR!Q7))) | R7: =IF(ISBLANK($D$3),"",IF(ISERROR(ETPT_CA_JUR!R7),"",IF(ETPT_CA_JUR!R7=0,"",ETPT_CA_JUR!R7))) | S7: =IF(ISBLANK($D$3),"",IF(ISERROR(ETPT_CA_JUR!S7),"",IF(ETPT_CA_JUR!S7=0,"",ETPT_CA_JUR!S7))) | T7: =IF(ISBLANK($D$3),"",IF(ISERROR(ETPT_CA_JUR!T7),"",IF(ETPT_CA_JUR!T7=0,"",ETPT_CA_JUR!T7))) | U7: =ETPT_CA_JUR!U7 -> 0 | V7: =IF(ISBLANK($D$3),"",IF(ISERROR(ETPT_CA_JUR!V7),"",IF(ETPT_CA_JUR!V7=0,"",ETPT_CA_JUR!V7))) | W7: =IF(ISBLANK($D$3),"",IF(ISERROR(ETPT_CA_JUR!W7),"",IF(ETPT_CA_JUR!W7=0,"",ETPT_CA_JUR!W7))) | X7: =IF(ISBLANK($D$3),"",IF(ISERROR(ETPT_CA_JUR!X7),"",IF(ETPT_CA_JUR!X7=0,"",ETPT_CA_JUR!X7))) | Y7: =IF(ISBLANK($D$3),"",IF(ISERROR(ETPT_CA_JUR!Y7),"",IF(ETPT_CA_JUR!Y7=0,"",ETPT_CA_JUR!Y7))) | Z7: =IF(ISBLANK($D$3),"",IF(ISERROR(ETPT_CA_JUR!Z7),"",IF(ETPT_CA_JUR!Z7=0,"",ETPT_CA_JUR!Z7))) | AA7: =ETPT_CA_JUR!AA7 -> 0
D8: =IF(ISBLANK($D$3),"",$D$3) -> A | E8: 166-07-NC | F8: Action 7 - Formation dispensée | G8: =IF(ISBLANK($D$3),"",IF(ISERROR(ETPT_CA_JUR!G8),"",IF(ETPT_CA_JUR!G8=0,"",ETPT_CA_JUR!G8))) | H8: =ETPT_CA_JUR!H8 -> 0 | I8: =IF(ISBLANK($D$3),"",IF(ISERROR(ETPT_CA_JUR!I8),"",IF(ETPT_CA_JUR!I8=0,"",ETPT_CA_JUR!I8))) | J8: =IF(ISBLANK($D$3),"",IF(ISERROR(ETPT_CA_JUR!J8),"",IF(ETPT_CA_JUR!J8=0,"",ETPT_CA_JUR!J8))) | K8: =IF(ISBLANK($D$3),"",IF(ISERROR(ETPT_CA_JUR!K8),"",IF(ETPT_CA_JUR!K8=0,"",ETPT_CA_JUR!K8))) | L8: =IF(ISBLANK($D$3),"",IF(ISERROR(ETPT_CA_JUR!L8),"",IF(ETPT_CA_JUR!L8=0,"",ETPT_CA_JUR!L8))) | M8: =IF(ISBLANK($D$3),"",IF(ISERROR(ETPT_CA_JUR!M8),"",IF(ETPT_CA_JUR!M8=0,"",ETPT_CA_JUR!M8))) | N8: =IF(ISBLANK($D$3),"",IF(ISERROR(ETPT_CA_JUR!N8),"",IF(ETPT_CA_JUR!N8=0,"",ETPT_CA_JUR!N8))) | O8: =ETPT_CA_JUR!O8 -> 0 | P8: =IF(ISBLANK($D$3),"",IF(ISERROR(ETPT_CA_JUR!P8),"",IF(ETPT_CA_JUR!P8=0,"",ETPT_CA_JUR!P8))) | Q8: =IF(ISBLANK($D$3),"",IF(ISERROR(ETPT_CA_JUR!Q8),"",IF(ETPT_CA_JUR!Q8=0,"",ETPT_CA_JUR!Q8))) | R8: =IF(ISBLANK($D$3),"",IF(ISERROR(ETPT_CA_JUR!R8),"",IF(ETPT_CA_JUR!R8=0,"",ETPT_CA_JUR!R8))) | S8: =IF(ISBLANK($D$3),"",IF(ISERROR(ETPT_CA_JUR!S8),"",IF(ETPT_CA_JUR!S8=0,"",ETPT_CA_JUR!S8))) | T8: =IF(ISBLANK($D$3),"",IF(ISERROR(ETPT_CA_JUR!T8),"",IF(ETPT_CA_JUR!T8=0,"",ETPT_CA_JUR!T8))) | U8: =ETPT_CA_JUR!U8 -> 0 | V8: =IF(ISBLANK($D$3),"",IF(ISERROR(ETPT_CA_JUR!V8),"",IF(ETPT_CA_JUR!V8=0,"",ETPT_CA_JUR!V8))) | W8: =IF(ISBLANK($D$3),"",IF(ISERROR(ETPT_CA_JUR!W8),"",IF(ETPT_CA_JUR!W8=0,"",ETPT_CA_JUR!W8))) | X8: =IF(ISBLANK($D$3),"",IF(ISERROR(ETPT_CA_JUR!X8),"",IF(ETPT_CA_JUR!X8=0,"",ETPT_CA_JUR!X8))) | Y8: =IF(ISBLANK($D$3),"",IF(ISERROR(ETPT_CA_JUR!Y8),"",IF(ETPT_CA_JUR!Y8=0,"",ETPT_CA_JUR!Y8))) | Z8: =IF(ISBLANK($D$3),"",IF(ISERROR(ETPT_CA_JUR!Z8),"",IF(ETPT_CA_JUR!Z8=0,"",ETPT_CA_JUR!Z8))) | AA8: =ETPT_CA_JUR!AA8 -> 0
D9: =IF(ISBLANK($D$3),"",$D$3) -> A | E9: 166-08-NC | F9: Action 8 - Support à l'accès au droit et à la justice | G9: =IF(ISBLANK($D$3),"",IF(ISERROR(ETPT_CA_JUR!G9),"",IF(ETPT_CA_JUR!G9=0,"",ETPT_CA_JUR!G9))) | H9: =ETPT_CA_JUR!H9 -> 0 | I9: =IF(ISBLANK($D$3),"",IF(ISERROR(ETPT_CA_JUR!I9),"",IF(ETPT_CA_JUR!I9=0,"",ETPT_CA_JUR!I9))) | J9: =IF(ISBLANK($D$3),"",IF(ISERROR(ETPT_CA_JUR!J9),"",IF(ETPT_CA_JUR!J9=0,"",ETPT_CA_JUR!J9))) | K9: =IF(ISBLANK($D$3),"",IF(ISERROR(ETPT_CA_JUR!K9),"",IF(ETPT_CA_JUR!K9=0,"",ETPT_CA_JUR!K9))) | L9: =IF(ISBLANK($D$3),"",IF(ISERROR(ETPT_CA_JUR!L9),"",IF(ETPT_CA_JUR!L9=0,"",ETPT_CA_JUR!L9))) | M9: =IF(ISBLANK($D$3),"",IF(ISERROR(ETPT_CA_JUR!M9),"",IF(ETPT_CA_JUR!M9=0,"",ETPT_CA_JUR!M9))) | N9: =IF(ISBLANK($D$3),"",IF(ISERROR(ETPT_CA_JUR!N9),"",IF(ETPT_CA_JUR!N9=0,"",ETPT_CA_JUR!N9))) | O9: =ETPT_CA_JUR!O9 -> 0 | P9: =IF(ISBLANK($D$3),"",IF(ISERROR(ETPT_CA_JUR!P9),"",IF(ETPT_CA_JUR!P9=0,"",ETPT_CA_JUR!P9))) | Q9: =IF(ISBLANK($D$3),"",IF(ISERROR(ETPT_CA_JUR!Q9),"",IF(ETPT_CA_JUR!Q9=0,"",ETPT_CA_JUR!Q9))) | R9: =IF(ISBLANK($D$3),"",IF(ISERROR(ETPT_CA_JUR!R9),"",IF(ETPT_CA_JUR!R9=0,"",ETPT_CA_JUR!R9))) | S9: =IF(ISBLANK($D$3),"",IF(ISERROR(ETPT_CA_JUR!S9),"",IF(ETPT_CA_JUR!S9=0,"",ETPT_CA_JUR!S9))) | T9: =IF(ISBLANK($D$3),"",IF(ISERROR(ETPT_CA_JUR!T9),"",IF(ETPT_CA_JUR!T9=0,"",ETPT_CA_JUR!T9))) | U9: =ETPT_CA_JUR!U9 -> 0 | V9: =IF(ISBLANK($D$3),"",IF(ISERROR(ETPT_CA_JUR!V9),"",IF(ETPT_CA_JUR!V9=0,"",ETPT_CA_JUR!V9))) | W9: =IF(ISBLANK($D$3),"",IF(ISERROR(ETPT_CA_JUR!W9),"",IF(ETPT_CA_JUR!W9=0,"",ETPT_CA_JUR!W9))) | X9: =IF(ISBLANK($D$3),"",IF(ISERROR(ETPT_CA_JUR!X9),"",IF(ETPT_CA_JUR!X9=0,"",ETPT_CA_JUR!X9))) | Y9: =IF(ISBLANK($D$3),"",IF(ISERROR(ETPT_CA_JUR!Y9),"",IF(ETPT_CA_JUR!Y9=0,"",ETPT_CA_JUR!Y9))) | Z9: =IF(ISBLANK($D$3),"",IF(ISERROR(ETPT_CA_JUR!Z9),"",IF(ETPT_CA_JUR!Z9=0,"",ETPT_CA_JUR!Z9))) | AA9: =ETPT_CA_JUR!AA9 -> 0
D10: =IF(ISBLANK($D$3),"",$D$3) -> A | E10: 166-99-NC | F10: Action 99 - Personnel concourant au programme - à reventiler | G10: =IF(ISBLANK($D$3),"",IF(ISERROR(ETPT_CA_JUR!G10),"",IF(ETPT_CA_JUR!G10=0,"",ETPT_CA_JUR!G10))) | H10: =ETPT_CA_JUR!H10 -> 0 | I10: =IF(ISBLANK($D$3),"",IF(ISERROR(ETPT_CA_JUR!I10),"",IF(ETPT_CA_JUR!I10=0,"",ETPT_CA_JUR!I10))) | J10: =IF(ISBLANK($D$3),"",IF(ISERROR(ETPT_CA_JUR!J10),"",IF(ETPT_CA_JUR!J10=0,"",ETPT_CA_JUR!J10))) | K10: =IF(ISBLANK($D$3),"",IF(ISERROR(ETPT_CA_JUR!K10),"",IF(ETPT_CA_JUR!K10=0,"",ETPT_CA_JUR!K10))) | L10: =IF(ISBLANK($D$3),"",IF(ISERROR(ETPT_CA_JUR!L10),"",IF(ETPT_CA_JUR!L10=0,"",ETPT_CA_JUR!L10))) | M10: =IF(ISBLANK($D$3),"",IF(ISERROR(ETPT_CA_JUR!M10),"",IF(ETPT_CA_JUR!M10=0,"",ETPT_CA_JUR!M10))) | N10: =IF(ISBLANK($D$3),"",IF(ISERROR(ETPT_CA_JUR!N10),"",IF(ETPT_CA_JUR!N10=0,"",ETPT_CA_JUR!N10))) | O10: =ETPT_CA_JUR!O10 -> 0 | P10: =IF(ISBLANK($D$3),"",IF(ISERROR(ETPT_CA_JUR!P10),"",IF(ETPT_CA_JUR!P10=0,"",ETPT_CA_JUR!P10))) | Q10: =IF(ISBLANK($D$3),"",IF(ISERROR(ETPT_CA_JUR!Q10),"",IF(ETPT_CA_JUR!Q10=0,"",ETPT_CA_JUR!Q10))) | R10: =IF(ISBLANK($D$3),"",IF(ISERROR(ETPT_CA_JUR!R10),"",IF(ETPT_CA_JUR!R10=0,"",ETPT_CA_JUR!R10))) | S10: =IF(ISBLANK($D$3),"",IF(ISERROR(ETPT_CA_JUR!S10),"",IF(ETPT_CA_JUR!S10=0,"",ETPT_CA_JUR!S10))) | T10: =IF(ISBLANK($D$3),"",IF(ISERROR(ETPT_CA_JUR!T10),"",IF(ETPT_CA_JUR!T10=0,"",ETPT_CA_JUR!T10))) | U10: =ETPT_CA_JUR!U10 -> 0 | V10: =IF(ISBLANK($D$3),"",IF(ISERROR(ETPT_CA_JUR!V10),"",IF(ETPT_CA_JUR!V10=0,"",ETPT_CA_JUR!V10))) | W10: =IF(ISBLANK($D$3),"",IF(ISERROR(ETPT_CA_JUR!W10),"",IF(ETPT_CA_JUR!W10=0,"",ETPT_CA_JUR!W10))) | X10: =IF(ISBLANK($D$3),"",IF(ISERROR(ETPT_CA_JUR!X10),"",IF(ETPT_CA_JUR!X10=0,"",ETPT_CA_JUR!X10))) | Y10: =IF(ISBLANK($D$3),"",IF(ISERROR(ETPT_CA_JUR!Y10),"",IF(ETPT_CA_JUR!Y10=0,"",ETPT_CA_JUR!Y10))) | Z10: =IF(ISBLANK($D$3),"",IF(ISERROR(ETPT_CA_JUR!Z10),"",IF(ETPT_CA_JUR!Z10=0,"",ETPT_CA_JUR!Z10))) | AA10: =ETPT_CA_JUR!AA10 -> 0
D11: =IF(ISBLANK($D$3),"",$D$3) -> A | E11: 166-NC-NC | F11: Etpt autres personnels à reventiler (dont droit local,commercial- rcs, mise à disposition) | G11: =IF(ISBLANK($D$3),"",IF(ISERROR(ETPT_CA_JUR!G11),"",IF(ETPT_CA_JUR!G11=0,"",ETPT_CA_JUR!G11))) | H11: =ETPT_CA_JUR!H11 -> 0 | I11: =IF(ISBLANK($D$3),"",IF(ISERROR(ETPT_CA_JUR!I11),"",IF(ETPT_CA_JUR!I11=0,"",ETPT_CA_JUR!I11))) | J11: =IF(ISBLANK($D$3),"",IF(ISERROR(ETPT_CA_JUR!J11),"",IF(ETPT_CA_JUR!J11=0,"",ETPT_CA_JUR!J11))) | K11: =IF(ISBLANK($D$3),"",IF(ISERROR(ETPT_CA_JUR!K11),"",IF(ETPT_CA_JUR!K11=0,"",ETPT_CA_JUR!K11))) | L11: =IF(ISBLANK($D$3),"",IF(ISERROR(ETPT_CA_JUR!L11),"",IF(ETPT_CA_JUR!L11=0,"",ETPT_CA_JUR!L11))) | M11: =IF(ISBLANK($D$3),"",IF(ISERROR(ETPT_CA_JUR!M11),"",IF(ETPT_CA_JUR!M11=0,"",ETPT_CA_JUR!M11))) | N11: =IF(ISBLANK($D$3),"",IF(ISERROR(ETPT_CA_JUR!N11),"",IF(ETPT_CA_JUR!N11=0,"",ETPT_CA_JUR!N11))) | O11: =ETPT_CA_JUR!O11 -> 0 | P11: =IF(ISBLANK($D$3),"",IF(ISERROR(ETPT_CA_JUR!P11),"",IF(ETPT_CA_JUR!P11=0,"",ETPT_CA_JUR!P11))) | Q11: =IF(ISBLANK($D$3),"",IF(ISERROR(ETPT_CA_JUR!Q11),"",IF(ETPT_CA_JUR!Q11=0,"",ETPT_CA_JUR!Q11))) | R11: =IF(ISBLANK($D$3),"",IF(ISERROR(ETPT_CA_JUR!R11),"",IF(ETPT_CA_JUR!R11=0,"",ETPT_CA_JUR!R11))) | S11: =IF(ISBLANK($D$3),"",IF(ISERROR(ETPT_CA_JUR!S11),"",IF(ETPT_CA_JUR!S11=0,"",ETPT_CA_JUR!S11))) | T11: =IF(ISBLANK($D$3),"",IF(ISERROR(ETPT_CA_JUR!T11),"",IF(ETPT_CA_JUR!T11=0,"",ETPT_CA_JUR!T11))) | U11: =ETPT_CA_JUR!U11 -> 0 | V11: =IF(ISBLANK($D$3),"",IF(ISERROR(ETPT_CA_JUR!V11),"",IF(ETPT_CA_JUR!V11=0,"",ETPT_CA_JUR!V11))) | W11: =IF(ISBLANK($D$3),"",IF(ISERROR(ETPT_CA_JUR!W11),"",IF(ETPT_CA_JUR!W11=0,"",ETPT_CA_JUR!W11))) | X11: =IF(ISBLANK($D$3),"",IF(ISERROR(ETPT_CA_JUR!X11),"",IF(ETPT_CA_JUR!X11=0,"",ETPT_CA_JUR!X11))) | Y11: =IF(ISBLANK($D$3),"",IF(ISERROR(ETPT_CA_JUR!Y11),"",IF(ETPT_CA_JUR!Y11=0,"",ETPT_CA_JUR!Y11))) | Z11: =IF(ISBLANK($D$3),"",IF(ISERROR(ETPT_CA_JUR!Z11),"",IF(ETPT_CA_JUR!Z11=0,"",ETPT_CA_JUR!Z11))) | AA11: =ETPT_CA_JUR!AA11 -> 0
D12: =IF(ISBLANK($D$3),"",$D$3) -> A | E12: 166-PA-NC | F12: Etpt placés additionnels | G12: =IF(ISBLANK($D$3),"",IF(ISERROR(ETPT_CA_JUR!G12),"",IF(ETPT_CA_JUR!G12=0,"",ETPT_CA_JUR!G12))) | H12: =ETPT_CA_JUR!H12 -> 0 | I12: =IF(ISBLANK($D$3),"",IF(ISERROR(ETPT_CA_JUR!I12),"",IF(ETPT_CA_JUR!I12=0,"",ETPT_CA_JUR!I12))) | J12: =IF(ISBLANK($D$3),"",IF(ISERROR(ETPT_CA_JUR!J12),"",IF(ETPT_CA_JUR!J12=0,"",ETPT_CA_JUR!J12))) | K12: =IF(ISBLANK($D$3),"",IF(ISERROR(ETPT_CA_JUR!K12),"",IF(ETPT_CA_JUR!K12=0,"",ETPT_CA_JUR!K12))) | L12: =IF(ISBLANK($D$3),"",IF(ISERROR(ETPT_CA_JUR!L12),"",IF(ETPT_CA_JUR!L12=0,"",ETPT_CA_JUR!L12))) | M12: =IF(ISBLANK($D$3),"",IF(ISERROR(ETPT_CA_JUR!M12),"",IF(ETPT_CA_JUR!M12=0,"",ETPT_CA_JUR!M12))) | N12: =IF(ISBLANK($D$3),"",IF(ISERROR(ETPT_CA_JUR!N12),"",IF(ETPT_CA_JUR!N12=0,"",ETPT_CA_JUR!N12))) | O12: =ETPT_CA_JUR!O12 -> 0 | P12: =IF(ISBLANK($D$3),"",IF(ISERROR(ETPT_CA_JUR!P12),"",IF(ETPT_CA_JUR!P12=0,"",ETPT_CA_JUR!P12))) | Q12: =IF(ISBLANK($D$3),"",IF(ISERROR(ETPT_CA_JUR!Q12),"",IF(ETPT_CA_JUR!Q12=0,"",ETPT_CA_JUR!Q12))) | R12: =IF(ISBLANK($D$3),"",IF(ISERROR(ETPT_CA_JUR!R12),"",IF(ETPT_CA_JUR!R12=0,"",ETPT_CA_JUR!R12))) | S12: =IF(ISBLANK($D$3),"",IF(ISERROR(ETPT_CA_JUR!S12),"",IF(ETPT_CA_JUR!S12=0,"",ETPT_CA_JUR!S12))) | T12: =IF(ISBLANK($D$3),"",IF(ISERROR(ETPT_CA_JUR!T12),"",IF(ETPT_CA_JUR!T12=0,"",ETPT_CA_JUR!T12))) | U12: =ETPT_CA_JUR!U12 -> 0 | V12: =IF(ISBLANK($D$3),"",IF(ISERROR(ETPT_CA_JUR!V12),"",IF(ETPT_CA_JUR!V12=0,"",ETPT_CA_JUR!V12))) | W12: =IF(ISBLANK($D$3),"",IF(ISERROR(ETPT_CA_JUR!W12),"",IF(ETPT_CA_JUR!W12=0,"",ETPT_CA_JUR!W12))) | X12: =IF(ISBLANK($D$3),"",IF(ISERROR(ETPT_CA_JUR!X12),"",IF(ETPT_CA_JUR!X12=0,"",ETPT_CA_JUR!X12))) | Y12: =IF(ISBLANK($D$3),"",IF(ISERROR(ETPT_CA_JUR!Y12),"",IF(ETPT_CA_JUR!Y12=0,"",ETPT_CA_JUR!Y12))) | Z12: =IF(ISBLANK($D$3),"",IF(ISERROR(ETPT_CA_JUR!Z12),"",IF(ETPT_CA_JUR!Z12=0,"",ETPT_CA_JUR!Z12))) | AA12: =ETPT_CA_JUR!AA12 -> 0
D13: =IF(ISBLANK($D$3),"",$D$3) -> A | E13: 166-PN-NC | F13: Etpt placés absents non affectés | G13: =IF(ISBLANK($D$3),"",IF(ISERROR(ETPT_CA_JUR!G13),"",IF(ETPT_CA_JUR!G13=0,"",ETPT_CA_JUR!G13))) | H13: =ETPT_CA_JUR!H13 -> 0 | I13: =IF(ISBLANK($D$3),"",IF(ISERROR(ETPT_CA_JUR!I13),"",IF(ETPT_CA_JUR!I13=0,"",ETPT_CA_JUR!I13))) | J13: =IF(ISBLANK($D$3),"",IF(ISERROR(ETPT_CA_JUR!J13),"",IF(ETPT_CA_JUR!J13=0,"",ETPT_CA_JUR!J13))) | K13: =IF(ISBLANK($D$3),"",IF(ISERROR(ETPT_CA_JUR!K13),"",IF(ETPT_CA_JUR!K13=0,"",ETPT_CA_JUR!K13))) | L13: =IF(ISBLANK($D$3),"",IF(ISERROR(ETPT_CA_JUR!L13),"",IF(ETPT_CA_JUR!L13=0,"",ETPT_CA_JUR!L13))) | M13: =IF(ISBLANK($D$3),"",IF(ISERROR(ETPT_CA_JUR!M13),"",IF(ETPT_CA_JUR!M13=0,"",ETPT_CA_JUR!M13))) | N13: =IF(ISBLANK($D$3),"",IF(ISERROR(ETPT_CA_JUR!N13),"",IF(ETPT_CA_JUR!N13=0,"",ETPT_CA_JUR!N13))) | O13: =ETPT_CA_JUR!O13 -> 0 | P13: =IF(ISBLANK($D$3),"",IF(ISERROR(ETPT_CA_JUR!P13),"",IF(ETPT_CA_JUR!P13=0,"",ETPT_CA_JUR!P13))) | Q13: =IF(ISBLANK($D$3),"",IF(ISERROR(ETPT_CA_JUR!Q13),"",IF(ETPT_CA_JUR!Q13=0,"",ETPT_CA_JUR!Q13))) | R13: =IF(ISBLANK($D$3),"",IF(ISERROR(ETPT_CA_JUR!R13),"",IF(ETPT_CA_JUR!R13=0,"",ETPT_CA_JUR!R13))) | S13: =IF(ISBLANK($D$3),"",IF(ISERROR(ETPT_CA_JUR!S13),"",IF(ETPT_CA_JUR!S13=0,"",ETPT_CA_JUR!S13))) | T13: =IF(ISBLANK($D$3),"",IF(ISERROR(ETPT_CA_JUR!T13),"",IF(ETPT_CA_JUR!T13=0,"",ETPT_CA_JUR!T13))) | U13: =ETPT_CA_JUR!U13 -> 0 | V13: =IF(ISBLANK($D$3),"",IF(ISERROR(ETPT_CA_JUR!V13),"",IF(ETPT_CA_JUR!V13=0,"",ETPT_CA_JUR!V13))) | W13: =IF(ISBLANK($D$3),"",IF(ISERROR(ETPT_CA_JUR!W13),"",IF(ETPT_CA_JUR!W13=0,"",ETPT_CA_JUR!W13))) | X13: =IF(ISBLANK($D$3),"",IF(ISERROR(ETPT_CA_JUR!X13),"",IF(ETPT_CA_JUR!X13=0,"",ETPT_CA_JUR!X13))) | Y13: =IF(ISBLANK($D$3),"",IF(ISERROR(ETPT_CA_JUR!Y13),"",IF(ETPT_CA_JUR!Y13=0,"",ETPT_CA_JUR!Y13))) | Z13: =IF(ISBLANK($D$3),"",IF(ISERROR(ETPT_CA_JUR!Z13),"",IF(ETPT_CA_JUR!Z13=0,"",ETPT_CA_JUR!Z13))) | AA13: =ETPT_CA_JUR!AA13 -> 0
D14: =IF(ISBLANK($D$3),"",$D$3) -> A | E14: 166-PS-NC | F14: Etpt placés de substitution | G14: =IF(ISBLANK($D$3),"",IF(ISERROR(ETPT_CA_JUR!G14),"",IF(ETPT_CA_JUR!G14=0,"",ETPT_CA_JUR!G14))) | H14: =ETPT_CA_JUR!H14 -> 0 | I14: =IF(ISBLANK($D$3),"",IF(ISERROR(ETPT_CA_JUR!I14),"",IF(ETPT_CA_JUR!I14=0,"",ETPT_CA_JUR!I14))) | J14: =IF(ISBLANK($D$3),"",IF(ISERROR(ETPT_CA_JUR!J14),"",IF(ETPT_CA_JUR!J14=0,"",ETPT_CA_JUR!J14))) | K14: =IF(ISBLANK($D$3),"",IF(ISERROR(ETPT_CA_JUR!K14),"",IF(ETPT_CA_JUR!K14=0,"",ETPT_CA_JUR!K14))) | L14: =IF(ISBLANK($D$3),"",IF(ISERROR(ETPT_CA_JUR!L14),"",IF(ETPT_CA_JUR!L14=0,"",ETPT_CA_JUR!L14))) | M14: =IF(ISBLANK($D$3),"",IF(ISERROR(ETPT_CA_JUR!M14),"",IF(ETPT_CA_JUR!M14=0,"",ETPT_CA_JUR!M14))) | N14: =IF(ISBLANK($D$3),"",IF(ISERROR(ETPT_CA_JUR!N14),"",IF(ETPT_CA_JUR!N14=0,"",ETPT_CA_JUR!N14))) | O14: =ETPT_CA_JUR!O14 -> 0 | P14: =IF(ISBLANK($D$3),"",IF(ISERROR(ETPT_CA_JUR!P14),"",IF(ETPT_CA_JUR!P14=0,"",ETPT_CA_JUR!P14))) | Q14: =IF(ISBLANK($D$3),"",IF(ISERROR(ETPT_CA_JUR!Q14),"",IF(ETPT_CA_JUR!Q14=0,"",ETPT_CA_JUR!Q14))) | R14: =IF(ISBLANK($D$3),"",IF(ISERROR(ETPT_CA_JUR!R14),"",IF(ETPT_CA_JUR!R14=0,"",ETPT_CA_JUR!R14))) | S14: =IF(ISBLANK($D$3),"",IF(ISERROR(ETPT_CA_JUR!S14),"",IF(ETPT_CA_JUR!S14=0,"",ETPT_CA_JUR!S14))) | T14: =IF(ISBLANK($D$3),"",IF(ISERROR(ETPT_CA_JUR!T14),"",IF(ETPT_CA_JUR!T14=0,"",ETPT_CA_JUR!T14))) | U14: =ETPT_CA_JUR!U14 -> 0 | V14: =IF(ISBLANK($D$3),"",IF(ISERROR(ETPT_CA_JUR!V14),"",IF(ETPT_CA_JUR!V14=0,"",ETPT_CA_JUR!V14))) | W14: =IF(ISBLANK($D$3),"",IF(ISERROR(ETPT_CA_JUR!W14),"",IF(ETPT_CA_JUR!W14=0,"",ETPT_CA_JUR!W14))) | X14: =IF(ISBLANK($D$3),"",IF(ISERROR(ETPT_CA_JUR!X14),"",IF(ETPT_CA_JUR!X14=0,"",ETPT_CA_JUR!X14))) | Y14: =IF(ISBLANK($D$3),"",IF(ISERROR(ETPT_CA_JUR!Y14),"",IF(ETPT_CA_JUR!Y14=0,"",ETPT_CA_JUR!Y14))) | Z14: =IF(ISBLANK($D$3),"",IF(ISERROR(ETPT_CA_JUR!Z14),"",IF(ETPT_CA_JUR!Z14=0,"",ETPT_CA_JUR!Z14))) | AA14: =ETPT_CA_JUR!AA14 -> 0
F15: TOTAL ETPT | G15: =ETPT_CA_JUR!G15 -> 0 | H15: =ETPT_CA_JUR!H15 -> 0 | I15: =ETPT_CA_JUR!I15 -> 0 | J15: =ETPT_CA_JUR!J15 -> 0 | K15: =ETPT_CA_JUR!K15 -> 0 | L15: =ETPT_CA_JUR!L15 -> 0 | M15: =ETPT_CA_JUR!M15 -> 0 | N15: =ETPT_CA_JUR!N15 -> 0 | ... AA15: =ETPT_CA_JUR!AA15 -> 0
F17: Indisponibilité des placés à reporter sur le SAR, ligne "Etpt placés absents non affectés", colonne C-TECH | G17: =IF(ISBLANK($D$3),"",IF(ISERROR(ETPT_CA_JUR!G17),"",IF(ETPT_CA_JUR!G17=0,"",ETPT_CA_JUR!G17))) | I17: Indisponibilité des placés à reporter sur le SAR, ligne "Etpt placés absents non affectés", colonne ABC-BUR | N17: =IF(ISBLANK($D$3),"",IF(ISERROR(ETPT_CA_JUR!N17),"",IF(ETPT_CA_JUR!N17=0,"",ETPT_CA_JUR!N17)))

Sheet ETPT_CA_ATTJ
A1: Déclaration des ETPT CA | F1: Attachés de justice siège
A2: Juridiction | B2: Sous action | C2: Action | D2: Contractuels A J Prox et A VIF | E2: Contractuels A J Prox et A VIF au Parquet | F2: Attachés de justice siège | G2: Attachés de justice siège affectés aux assises | H2: Attachés de justice siège affectés au CCD | I2: Attachés de justice au parquet | J2: Attachés de justice parquet affectés aux assises | K2: Attachés de justice parquet affectés aux CDD | L2: Attachés de justice affectés aux JAP | M2: Attachés de justice affectés aux JE | N2: Attachés de justice affectés aux Juge d'instruction | O2: Attachés de justice affectés aux JLD (pénal uniquement)
A3: =ETPT_CA_JUR!D5 | B3: 166-01-NC | C3: Action 1 - Traitement et jugement des contentieux civils | D3: {=SUM(SUMIFS( INDEX( 'ETPT Format DDG'!$A:$ZZ,,MATCH("1. TOTAL CONTENTIEUX SOCIAL",'ETPT Format DDG'!2:2,0)), INDEX( 'ETPT Format DDG'!$A:$ZZ,,MATCH("Fonction recodée",'ETPT Format DDG'!2:2,0)),{"CONT A VIF Parquet";"CONT A VIF Siège";"CONT A JP Parquet";"CONT A JP Siège"}))+ SUM(SUMIFS( INDEX( 'ETPT Format DDG'!$A:$ZZ,,MATCH("2. TOTAL CONTENTIEUX COMMERCIAL",'ETPT Format DDG'!2:2,0)), INDEX( 'ETPT Format DDG'!$A:$ZZ,,MATCH("Fonction recodée",'ETPT Format DDG'!2:2,0)),{"CONT A VIF Parquet";"CONT A VIF Siège";"CONT A JP Parquet";"CONT A JP Siège"}))+ SUM(SUMIFS( INDEX( 'ETPT Format DDG'!$A:$ZZ,,MATCH("3. TOTAL CONTENTIEUX DE LA FAMILLE",'ETPT Format DDG'!2:2,0)), INDEX( 'ETPT Format DDG'!$A:$ZZ,,MATCH("Fonction recodée",'ETPT Format DDG'!2:2,0)),{"CONT A VIF Parquet";"CONT A VIF Siège";"CONT A JP Parquet";"CONT A JP Siège"}))+ SUM(SUMIFS( INDEX( 'ETPT Format DDG'!$A:$ZZ,,MATCH("4. TOTAL CONTENTIEUX DE LA PROTECTION",'ETPT Format DDG'!2:2,0)), INDEX( 'ETPT Format DDG'!$A:$ZZ,,MATCH("Fonction recodée",'ETPT Format DDG'!2:2,0)),{"CONT A VIF Parquet";"CONT A VIF Siège";"CONT A JP Parquet";"CONT A JP Siège"}))+ SUM(SUMIFS( INDEX( 'ETPT Format DDG'!$A:$ZZ,,MATCH("5. TOTAL CONTENTIEUX CIVIL NON SPÉCIALISÉ",'ETPT Format DDG'!2:2,0)), INDEX( 'ETPT Format DDG'!$A:$ZZ,,MATCH("Fonction recodée",'ETPT Format DDG'!2:2,0)),{"CONT A VIF Parquet";"CONT A VIF Siège";"CONT A JP Parquet";"CONT A JP Siège"}))+ SUM(SUMIFS( INDEX( 'ETPT Format DDG'!$A:$ZZ,,MATCH("12. TOTAL ATTRIBUTIONS DU PP",'ETPT Format DDG'!2:2,0)), INDEX( 'ETPT Format DDG'!$A:$ZZ,,MATCH("Fonction recodée",'ETPT Format DDG'!2:2,0)),{"CONT A VIF Parquet";"CONT A VIF Siège";"CONT A JP Parquet";"CONT A JP Siège"}))- SUM(SUMIFS( INDEX( 'ETPT Format DDG'!$A:$ZZ,,MATCH("12.5. EXTRADITIONS ET MAE",'ETPT Format DDG'!2:2,0)), INDEX( 'ETPT Format DDG'!$A:$ZZ,,MATCH("Fonction recodée",'ETPT Format DDG'!2:2,0)),{"CONT A VIF Parquet";"CONT A VIF Siège";"CONT A JP Parquet";"CONT A JP Siège"}))- SUM(SUMIFS( INDEX( 'ETPT Format DDG'!$A:$ZZ,,MATCH("12.6. SAISIES ET CONFISCATIONS DES AVOIRS CRIMINELS",'ETPT Format DDG'!2:2,0)), INDEX( 'ETPT Format DDG'!$A:$ZZ,,MATCH("Fonction recodée",'ETPT Format DDG'!2:2,0)),{"CONT A VIF Parquet";"CONT A VIF Siège";"CONT A JP Parquet";"CONT A JP Siège"}))- SUM(SUMIFS( INDEX( 'ETPT Format DDG'!$A:$ZZ,,MATCH("12.9. AUTRES APPELS JLD",'ETPT Format DDG'!2:2,0)), INDEX( 'ETPT Format DDG'!$A:$ZZ,,MATCH("Fonction recodée",'ETPT Format DDG'!2:2,0)),{"CONT A VIF Parquet";"CONT A VIF Siège";"CONT A JP Parquet";"CONT A JP Siège"}))+ SUM(SUMIFS( INDEX( 'ETPT Format DDG'!$A:$ZZ,,MATCH("7.1. ACTIVITÉ CIVILE",'ETPT Format DDG'!2:2,0)), INDEX( 'ETPT Format DDG'!$A:$ZZ,,MATCH("Fonction recodée",'ETPT Format DDG'!2:2,0)),{"CONT A VIF Parquet";"CONT A VIF Siège";"CONT A JP Parquet";"CONT A JP Siège"}))} -> #N/A | E3: {=SUM(SUMIFS( INDEX( 'ETPT Format DDG'!$A:$ZZ,,MATCH("13.9. FONCTIONNAIRES / AJ AFFECTÉS AUX ACTIVITÉS CIVILES ET COMMERCIALES DU PARQUET GÉNÉRAL",'ETPT Format DDG'!2:2,0)), INDEX( 'ETPT Format DDG'!$A:$ZZ,,MATCH("Fonction recodée",'ETPT Format DDG'!2:2,0)),{"CONT A VIF Parquet";"CONT A VIF Siège";"CONT A JP Parquet";"CONT A JP Siège"}))} -> #N/A | F3: {=SUM(SUMIFS( INDEX( 'ETPT Format DDG'!$A:$ZZ,,MATCH("1. TOTAL CONTENTIEUX SOCIAL",'ETPT Format DDG'!2:2,0)), INDEX( 'ETPT Format DDG'!$A:$ZZ,,MATCH("Fonction recodée",'ETPT Format DDG'!2:2,0)),{"JA/AttJ Parquet";"JA/AttJ Siège autres";"JA/AttJ Siège Assises";"JA/AttJ Siège CCD"}))+ SUM(SUMIFS( INDEX( 'ETPT Format DDG'!$A:$ZZ,,MATCH("2. TOTAL CONTENTIEUX COMMERCIAL",'ETPT Format DDG'!2:2,0)), INDEX( 'ETPT Format DDG'!$A:$ZZ,,MATCH("Fonction recodée",'ETPT Format DDG'!2:2,0)),{"JA/AttJ Parquet";"JA/AttJ Siège autres";"JA/AttJ Siège Assises";"JA/AttJ Siège CCD"}))+ SUM(SUMIFS( INDEX( 'ETPT Format DDG'!$A:$ZZ,,MATCH("3. TOTAL CONTENTIEUX DE LA FAMILLE",'ETPT Format DDG'!2:2,0)), INDEX( 'ETPT Format DDG'!$A:$ZZ,,MATCH("Fonction recodée",'ETPT Format DDG'!2:2,0)),{"JA/AttJ Parquet";"JA/AttJ Siège autres";"JA/AttJ Siège Assises";"JA/AttJ Siège CCD"}))+ SUM(SUMIFS( INDEX( 'ETPT Format DDG'!$A:$ZZ,,MATCH("4. TOTAL CONTENTIEUX DE LA PROTECTION",'ETPT Format DDG'!2:2,0)), INDEX( 'ETPT Format DDG'!$A:$ZZ,,MATCH("Fonction recodée",'ETPT Format DDG'!2:2,0)),{"JA/AttJ Parquet";"JA/AttJ Siège autres";"JA/AttJ Siège Assises";"JA/AttJ Siège CCD"}))+ SUM(SUMIFS( INDEX( 'ETPT Format DDG'!$A:$ZZ,,MATCH("5. TOTAL CONTENTIEUX CIVIL NON SPÉCIALISÉ",'ETPT Format DDG'!2:2,0)), INDEX( 'ETPT Format DDG'!$A:$ZZ,,MATCH("Fonction recodée",'ETPT Format DDG'!2:2,0)),{"JA/AttJ Parquet";"JA/AttJ Siège autres";"JA/AttJ Siège Assises";"JA/AttJ Siège CCD"}))+ SUM(SUMIFS( INDEX( 'ETPT Format DDG'!$A:$ZZ,,MATCH("12. TOTAL ATTRIBUTIONS DU PP",'ETPT Format DDG'!2:2,0)), INDEX( 'ETPT Format DDG'!$A:$ZZ,,MATCH("Fonction recodée",'ETPT Format DDG'!2:2,0)),{"JA/AttJ Parquet";"JA/AttJ Siège autres";"JA/AttJ Siège Assises";"JA/AttJ Siège CCD"}))- SUM(SUMIFS( INDEX( 'ETPT Format DDG'!$A:$ZZ,,MATCH("12.5. EXTRADITIONS ET MAE",'ETPT Format DDG'!2:2,0)), INDEX( 'ETPT Format DDG'!$A:$ZZ,,MATCH("Fonction recodée",'ETPT Format DDG'!2:2,0)),{"JA/AttJ Parquet";"JA/AttJ Siège autres";"JA/AttJ Siège Assises";"JA/AttJ Siège CCD"}))- SUM(SUMIFS( INDEX( 'ETPT Format DDG'!$A:$ZZ,,MATCH("12.6. SAISIES ET CONFISCATIONS DES AVOIRS CRIMINELS",'ETPT Format DDG'!2:2,0)), INDEX( 'ETPT Format DDG'!$A:$ZZ,,MATCH("Fonction recodée",'ETPT Format DDG'!2:2,0)),{"JA/AttJ Parquet";"JA/AttJ Siège autres";"JA/AttJ Siège Assises";"JA/AttJ Siège CCD"}))- SUM(SUMIFS( INDEX( 'ETPT Format DDG'!$A:$ZZ,,MATCH("12.9. AUTRES APPELS JLD",'ETPT Format DDG'!2:2,0)), INDEX( 'ETPT Format DDG'!$A:$ZZ,,MATCH("Fonction recodée",'ETPT Format DDG'!2:2,0)),{"JA/AttJ Parquet";"JA/AttJ Siège autres";"JA/AttJ Siège Assises";"JA/AttJ Siège CCD"}))+ SUM(SUMIFS( INDEX( 'ETPT Format DDG'!$A:$ZZ,,MATCH("7.1. ACTIVITÉ CIVILE",'ETPT Format DDG'!2:2,0)), INDEX( 'ETPT Format DDG'!$A:$ZZ,,MATCH("Fonction recodée",'ETPT Format DDG'!2:2,0)),{"JA/AttJ Parquet";"JA/AttJ Siège autres";"JA/AttJ Siège Assises";"JA/AttJ Siège CCD"}))} -> #N/A | I3: {=SUM(SUMIFS( INDEX('ETPT Format DDG'!$A:$ZZ,,MATCH("13.9. FONCTIONNAIRES / AJ AFFECTÉS AUX ACTIVITÉS CIVILES ET COMMERCIALES DU PARQUET GÉNÉRAL",'ETPT Format DDG'!2:2,0)), INDEX('ETPT Format DDG'!$A:$ZZ,,MATCH("Fonction recodée",'ETPT Format DDG'!2:2,0)),{"JA/AttJ Parquet";"JA/AttJ Siège autres";"JA/AttJ Siège Assises";"JA/AttJ Siège CCD"}))} -> #N/A | P3: =_xlfn.AGGREGATE(9,6,D3:O3) -> 0
A4: =$A$6 | B4: 166-02-NC | C4: Action 2 - Traitement et jugement des affaires pénales | D4: {=SUM(SUMIFS( INDEX( 'ETPT Format DDG'!$A:$ZZ,,MATCH("12.5. EXTRADITIONS ET MAE",'ETPT Format DDG'!2:2,0)), INDEX( 'ETPT Format DDG'!$A:$ZZ,,MATCH("Fonction recodée",'ETPT Format DDG'!2:2,0)),{"CONT A VIF Parquet";"CONT A VIF Siège";"CONT A JP Parquet";"CONT A JP Siège"}))+ SUM(SUMIFS( INDEX( 'ETPT Format DDG'!$A:$ZZ,,MATCH("12.6. SAISIES ET CONFISCATIONS DES AVOIRS CRIMINELS",'ETPT Format DDG'!2:2,0)), INDEX( 'ETPT Format DDG'!$A:$ZZ,,MATCH("Fonction recodée",'ETPT Format DDG'!2:2,0)),{"CONT A VIF Parquet";"CONT A VIF Siège";"CONT A JP Parquet";"CONT A JP Siège"}))+ SUM(SUMIFS( INDEX( 'ETPT Format DDG'!$A:$ZZ,,MATCH("12.9. AUTRES APPELS JLD",'ETPT Format DDG'!2:2,0)), INDEX( 'ETPT Format DDG'!$A:$ZZ,,MATCH("Fonction recodée",'ETPT Format DDG'!2:2,0)),{"CONT A VIF Parquet";"CONT A VIF Siège";"CONT A JP Parquet";"CONT A JP Siège"}))+ SUM(SUMIFS( INDEX( 'ETPT Format DDG'!$A:$ZZ,,MATCH("7.2. ACTIVITÉ PÉNALE",'ETPT Format DDG'!2:2,0)), INDEX( 'ETPT Format DDG'!$A:$ZZ,,MATCH("Fonction recodée",'ETPT Format DDG'!2:2,0)),{"CONT A VIF Parquet";"CONT A VIF Siège";"CONT A JP Parquet";"CONT A JP Siège"}))+ SUM(SUMIFS( INDEX( 'ETPT Format DDG'!$A:$ZZ,,MATCH("8. TOTAL CORRECTIONNEL",'ETPT Format DDG'!2:2,0)), INDEX( 'ETPT Format DDG'!$A:$ZZ,,MATCH("Fonction recodée",'ETPT Format DDG'!2:2,0)),{"CONT A VIF Parquet";"CONT A VIF Siège";"CONT A JP Parquet";"CONT A JP Siège"}))+ SUM(SUMIFS( INDEX( 'ETPT Format DDG'!$A:$ZZ,,MATCH("9. TOTAL INSTRUCTION ET ENTRAIDE",'ETPT Format DDG'!2:2,0)), INDEX( 'ETPT Format DDG'!$A:$ZZ,,MATCH("Fonction recodée",'ETPT Format DDG'!2:2,0)),{"CONT A VIF Parquet";"CONT A VIF Siège";"CONT A JP Parquet";"CONT A JP Siège"}))+ SUM(SUMIFS( INDEX( 'ETPT Format DDG'!$A:$ZZ,,MATCH("10. TOTAL APPLICATION DES PEINES",'ETPT Format DDG'!2:2,0)), INDEX( 'ETPT Format DDG'!$A:$ZZ,,MATCH("Fonction recodée",'ETPT Format DDG'!2:2,0)),{"CONT A VIF Parquet";"CONT A VIF Siège";"CONT A JP Parquet";"CONT A JP Siège"}))+ SUM(SUMIFS( INDEX( 'ETPT Format DDG'!$A:$ZZ,,MATCH("11. TOTAL CONTENTIEUX CRIMINEL",'ETPT Format DDG'!2:2,0)), INDEX( 'ETPT Format DDG'!$A:$ZZ,,MATCH("Fonction recodée",'ETPT Format DDG'!2:2,0)),{"CONT A VIF Parquet";"CONT A VIF Siège";"CONT A JP Parquet";"CONT A JP Siège"}))} -> #N/A | E4: {=SUM(SUMIFS( INDEX( 'ETPT Format DDG'!$A:$ZZ,,MATCH("13.10. AUTRES FONCTIONNAIRES / AJ AFFECTÉS AU PARQUET GÉNÉRAL",'ETPT Format DDG'!2:2,0)), INDEX( 'ETPT Format DDG'!$A:$ZZ,,MATCH("Fonction recodée",'ETPT Format DDG'!2:2,0)),{"CONT A VIF Parquet";"CONT A VIF Siège";"CONT A JP Parquet";"CONT A JP Siège"}))} -> #N/A | F4: {=SUM(SUMIFS( INDEX('ETPT Format DDG'!$A:$ZZ,,MATCH("12.5. EXTRADITIONS ET MAE",'ETPT Format DDG'!2:2,0)), INDEX('ETPT Format DDG'!$A:$ZZ,,MATCH("Fonction recodée",'ETPT Format DDG'!2:2,0)), {"JA/AttJ Parquet";"JA/AttJ Siège autres";"JA/AttJ Siège Assises";"JA/AttJ Siège CCD"})) +SUM(SUMIFS( INDEX('ETPT Format DDG'!$A:$ZZ,,MATCH("12.6. SAISIES ET CONFISCATIONS DES AVOIRS CRIMINELS",'ETPT Format DDG'!2:2,0)), INDEX('ETPT Format DDG'!$A:$ZZ,,MATCH("Fonction recodée",'ETPT Format DDG'!2:2,0)), {"JA/AttJ Parquet";"JA/AttJ Siège autres";"JA/AttJ Siège Assises";"JA/AttJ Siège CCD"})) +SUM(SUMIFS( INDEX('ETPT Format DDG'!$A:$ZZ,,MATCH("12.9. AUTRES APPELS JLD",'ETPT Format DDG'!2:2,0)), INDEX('ETPT Format DDG'!$A:$ZZ,,MATCH("Fonction recodée",'ETPT Format DDG'!2:2,0)), {"JA/AttJ Parquet";"JA/AttJ Siège autres";"JA/AttJ Siège Assises";"JA/AttJ Siège CCD"})) +SUM(SUMIFS( INDEX('ETPT Format DDG'!$A:$ZZ,,MATCH("7.2. ACTIVITÉ PÉNALE",'ETPT Format DDG'!2:2,0)), INDEX('ETPT Format DDG'!$A:$ZZ,,MATCH("Fonction recodée",'ETPT Format DDG'!2:2,0)), {"JA/AttJ Parquet";"JA/AttJ Siège autres";"JA/AttJ Siège Assises";"JA/AttJ Siège CCD"})) +SUM(SUMIFS( INDEX('ETPT Format DDG'!$A:$ZZ,,MATCH("8. TOTAL CORRECTIONNEL",'ETPT Format DDG'!2:2,0)), INDEX('ETPT Format DDG'!$A:$ZZ,,MATCH("Fonction recodée",'ETPT Format DDG'!2:2,0)), {"JA/AttJ Parquet";"JA/AttJ Siège autres";"JA/AttJ Siège Assises";"JA/AttJ Siège CCD"})) +SUM(SUMIFS( INDEX('ETPT Format DDG'!$A:$ZZ,,MATCH("9. TOTAL INSTRUCTION ET ENTRAIDE",'ETPT Format DDG'!2:2,0)), INDEX('ETPT Format DDG'!$A:$ZZ,,MATCH("Fonction recodée",'ETPT Format DDG'!2:2,0)), {"JA/AttJ Parquet";"JA/AttJ Siège autres";"JA/AttJ Siège Assises";"JA/AttJ Siège CCD"})) +SUM(SUMIFS( INDEX('ETPT Format DDG'!$A:$ZZ,,MATCH("10. TOTAL APPLICATION DES PEINES",'ETPT Format DDG'!2:2,0)), INDEX('ETPT Format DDG'!$A:$ZZ,,MATCH("Fonction recodée",'ETPT Format DDG'!2:2,0)), {"JA/AttJ Parquet";"JA/AttJ Siège autres";"JA/AttJ Siège Assises";"JA/AttJ Siège CCD"})) +SUM(SUMIFS( INDEX('ETPT Format DDG'!$A:$ZZ,,MATCH("11. TOTAL CONTENTIEUX CRIMINEL",'ETPT Format DDG'!2:2,0)), INDEX('ETPT Format DDG'!$A:$ZZ,,MATCH("Fonction recodée",'ETPT Format DDG'!2:2,0)), {"JA/AttJ Parquet";"JA/AttJ Siège autres";"JA/AttJ Siège Assises";"JA/AttJ Siège CCD"})) -SUM(SUMIFS( INDEX('ETPT Format DDG'!$A:$ZZ,,MATCH("11.1. ASSISES HORS JIRS",'ETPT Format DDG'!2:2,0)), INDEX('ETPT Format DDG'!$A:$ZZ,,MATCH("Fonction recodée",'ETPT Format DDG'!2:2,0)), {"JA/AttJ Parquet";"JA/AttJ Siège autres";"JA/AttJ Siège Assises";"JA/AttJ Siège CCD"})) -SUM(SUMIFS( INDEX('ETPT Format DDG'!$A:$ZZ,,MATCH("11.2 ASSISES JIRS",'ETPT Format DDG'!2:2,0)), INDEX('ETPT Format DDG'!$A:$ZZ,,MATCH("Fonction recodée",'ETPT Format DDG'!2:2,0)), {"JA/AttJ Parquet";"JA/AttJ Siège autres";"JA/AttJ Siège Assises";"JA/AttJ Siège CCD"})) -SUM(SUMIFS( INDEX('ETPT Format DDG'!$A:$ZZ,,MATCH("11.3. COUR CRIMINELLE DÉPARTEMENTALE",'ETPT Format DDG'!2:2,0)), INDEX('ETPT Format DDG'!$A:$ZZ,,MATCH("Fonction recodée",'ETPT Format DDG'!2:2,0)), {"JA/AttJ Parquet";"JA/AttJ Siège autres";"JA/AttJ Siège Assises";"JA/AttJ Siège CCD"}))} -> #N/A | G4: {=SUM(SUMIFS( INDEX( 'ETPT Format DDG'!$A:$ZZ,,MATCH("11.1. ASSISES HORS JIRS",'ETPT Format DDG'!2:2,0)), INDEX( 'ETPT Format DDG'!$A:$ZZ,,MATCH("Fonction recodée",'ETPT Format DDG'!2:2,0)),{"JA/AttJ Parquet";"JA/AttJ Siège autres";"JA/AttJ Siège Assises";"JA/AttJ Siège CCD"}))+ SUM(SUMIFS( INDEX( 'ETPT Format DDG'!$A:$ZZ,,MATCH("11.2 ASSISES JIRS",'ETPT Format DDG'!2:2,0)), INDEX( 'ETPT Format DDG'!$A:$ZZ,,MATCH("Fonction recodée",'ETPT Format DDG'!2:2,0)),{"JA/AttJ Parquet";"JA/AttJ Siège autres";"JA/AttJ Siège Assises";"JA/AttJ Siège CCD"}))} -> #N/A | H4: {=SUM(SUMIFS( INDEX('ETPT Format DDG'!$A:$ZZ,,MATCH("11.3. COUR CRIMINELLE DÉPARTEMENTALE",'ETPT Format DDG'!2:2,0)), INDEX('ETPT Format DDG'!$A:$ZZ,,MATCH("Fonction recodée",'ETPT Format DDG'!2:2,0)),{"JA/AttJ Parquet";"JA/AttJ Siège autres";"JA/AttJ Siège Assises";"JA/AttJ Siège CCD"}))} -> #N/A | I4: {=SUM(SUMIFS( INDEX( 'ETPT Format DDG'!$A:$ZZ,,MATCH("13.10. AUTRES FONCTIONNAIRES / AJ AFFECTÉS AU PARQUET GÉNÉRAL",'ETPT Format DDG'!2:2,0)), INDEX( 'ETPT Format DDG'!$A:$ZZ,,MATCH("Fonction recodée",'ETPT Format DDG'!2:2,0)),{"JA/AttJ Parquet";"JA/AttJ Siège autres";"JA/AttJ Siège Assises";"JA/AttJ Siège CCD"}))} -> #N/A | P4: =_xlfn.AGGREGATE(9,6,D4:O4) -> 0
A5: =$A$7 | B5: 166-06-99 | C5: Action 6 - Accueil du justiciable (inclus SAUJ) | D5: {=SUM(SUMIFS( INDEX( 'ETPT Format DDG'!$A:$ZZ,,MATCH("13.8. ACCUEIL DU JUSTICIABLE",'ETPT Format DDG'!2:2,0)), INDEX( 'ETPT Format DDG'!$A:$ZZ,,MATCH("Fonction recodée",'ETPT Format DDG'!2:2,0)),{"CONT A VIF Siège";"CONT A JP Siège"}))} -> #N/A | E5: {=SUM(SUMIFS( INDEX( 'ETPT Format DDG'!$A:$ZZ,,MATCH("13.8. ACCUEIL DU JUSTICIABLE",'ETPT Format DDG'!2:2,0)), INDEX( 'ETPT Format DDG'!$A:$ZZ,,MATCH("Fonction recodée",'ETPT Format DDG'!2:2,0)),{"CONT A VIF Parquet";"CONT A JP Parquet"}))} -> #N/A | F5: =SUM(SUMIFS( INDEX( 'ETPT Format DDG'!$A:$ZZ,,MATCH("13.8. ACCUEIL DU JUSTICIABLE",'ETPT Format DDG'!2:2,0)), INDEX( 'ETPT Format DDG'!$A:$ZZ,,MATCH("Fonction recodée",'ETPT Format DDG'!2:2,0)),"JA/AttJ Siège autres")) -> #N/A | G5: =SUM(SUMIFS( INDEX( 'ETPT Format DDG'!$A:$ZZ,,MATCH("13.8. ACCUEIL DU JUSTICIABLE",'ETPT Format DDG'!2:2,0)), INDEX( 'ETPT Format DDG'!$A:$ZZ,,MATCH("Fonction recodée",'ETPT Format DDG'!2:2,0)),"JA/AttJ Siège Assises")) -> #N/A | H5: =SUM(SUMIFS( INDEX( 'ETPT Format DDG'!$A:$ZZ,,MATCH("13.8. ACCUEIL DU JUSTICIABLE",'ETPT Format DDG'!2:2,0)), INDEX( 'ETPT Format DDG'!$A:$ZZ,,MATCH("Fonction recodée",'ETPT Format DDG'!2:2,0)),"JA/AttJ Siège CCD")) -> #N/A | I5: =SUM(SUMIFS( INDEX( 'ETPT Format DDG'!$A:$ZZ,,MATCH("13.8. ACCUEIL DU JUSTICIABLE",'ETPT Format DDG'!2:2,0)), INDEX( 'ETPT Format DDG'!$A:$ZZ,,MATCH("Fonction recodée",'ETPT Format DDG'!2:2,0)),"JA/AttJ Parquet")) -> #N/A | P5: =_xlfn.AGGREGATE(9,6,D5:O5) -> 0
A6: =$A$8 | B6: 166-06-NC | C6: Action 6 - Soutien (Hors accueil du justiciable) | D6: {=SUM(SUMIFS( INDEX( 'ETPT Format DDG'!$A:$ZZ,,MATCH("13.11. ACTIVITÉS EXTÉRIEURES ET PARTENARIATS",'ETPT Format DDG'!2:2,0)), INDEX( 'ETPT Format DDG'!$A:$ZZ,,MATCH("Fonction recodée",'ETPT Format DDG'!2:2,0)),{"CONT A VIF Siège";"CONT A JP Siège"}))+ SUM(SUMIFS( INDEX( 'ETPT Format DDG'!$A:$ZZ,,MATCH("13.13. COMMUNICATION",'ETPT Format DDG'!2:2,0)), INDEX( 'ETPT Format DDG'!$A:$ZZ,,MATCH("Fonction recodée",'ETPT Format DDG'!2:2,0)),{"CONT A VIF Siège";"CONT A JP Siège"}))+ SUM(SUMIFS( INDEX( 'ETPT Format DDG'!$A:$ZZ,,MATCH("13.12. ÉQUIPEMENT",'ETPT Format DDG'!2:2,0)), INDEX( 'ETPT Format DDG'!$A:$ZZ,,MATCH("Fonction recodée",'ETPT Format DDG'!2:2,0)),{"CONT A VIF Siège";"CONT A JP Siège"}))+ SUM(SUMIFS( INDEX( 'ETPT Format DDG'!$A:$ZZ,,MATCH("13.5. EXPERTISES (SUIVI ET LISTES)",'ETPT Format DDG'!2:2,0)), INDEX( 'ETPT Format DDG'!$A:$ZZ,,MATCH("Fonction recodée",'ETPT Format DDG'!2:2,0)),{"CONT A VIF Siège";"CONT A JP Siège"}))+ SUM(SUMIFS( INDEX( 'ETPT Format DDG'!$A:$ZZ,,MATCH("13.2. FORMATIONS SUIVIES",'ETPT Format DDG'!2:2,0)), INDEX( 'ETPT Format DDG'!$A:$ZZ,,MATCH("Fonction recodée",'ETPT Format DDG'!2:2,0)),{"CONT A VIF Siège";"CONT A JP Siège"}))+ SUM(SUMIFS( INDEX( 'ETPT Format DDG'!$A:$ZZ,,MATCH("13.6. MÉDIATION / CONCILIATION (SUIVI ET LISTES)",'ETPT Format DDG'!2:2,0)), INDEX( 'ETPT Format DDG'!$A:$ZZ,,MATCH("Fonction recodée",'ETPT Format DDG'!2:2,0)),{"CONT A VIF Siège";"CONT A JP Siège"}))+ SUM(SUMIFS( INDEX( 'ETPT Format DDG'!$A:$ZZ,,MATCH("13.14. POLITIQUE ASSOCIATIVE ET AIDE AUX VICTIMES",'ETPT Format DDG'!2:2,0)), INDEX( 'ETPT Format DDG'!$A:$ZZ,,MATCH("Fonction recodée",'ETPT Format DDG'!2:2,0)),{"CONT A VIF Siège";"CONT A JP Siège"}))+ SUM(SUMIFS( INDEX( 'ETPT Format DDG'!$A:$ZZ,,MATCH("13.1. SOUTIEN (AUTRES)",'ETPT Format DDG'!2:2,0)), INDEX( 'ETPT Format DDG'!$A:$ZZ,,MATCH("Fonction recodée",'ETPT Format DDG'!2:2,0)),{"CONT A VIF Siège";"CONT A JP Siège"}))+ SUM(SUMIFS( INDEX( 'ETPT Format DDG'!$A:$ZZ,,MATCH("13.15. AUTRES ACTIVITÉS NON JURIDICTIONNELLES",'ETPT Format DDG'!2:2,0)), INDEX( 'ETPT Format DDG'!$A:$ZZ,,MATCH("Fonction recodée",'ETPT Format DDG'!2:2,0)),{"CONT A VIF Siège";"CONT A JP Siège"}))} -> #N/A | E6: {=SUM(SUMIFS( INDEX( 'ETPT Format DDG'!$A:$ZZ,,MATCH("13.11. ACTIVITÉS EXTÉRIEURES ET PARTENARIATS",'ETPT Format DDG'!2:2,0)), INDEX( 'ETPT Format DDG'!$A:$ZZ,,MATCH("Fonction recodée",'ETPT Format DDG'!2:2,0)),{"CONT A VIF Parquet";"CONT A JP Parquet"}))+ SUM(SUMIFS( INDEX( 'ETPT Format DDG'!$A:$ZZ,,MATCH("13.13. COMMUNICATION",'ETPT Format DDG'!2:2,0)), INDEX( 'ETPT Format DDG'!$A:$ZZ,,MATCH("Fonction recodée",'ETPT Format DDG'!2:2,0)),{"CONT A VIF Parquet";"CONT A JP Parquet"}))+ SUM(SUMIFS( INDEX( 'ETPT Format DDG'!$A:$ZZ,,MATCH("13.12. ÉQUIPEMENT",'ETPT Format DDG'!2:2,0)), INDEX( 'ETPT Format DDG'!$A:$ZZ,,MATCH("Fonction recodée",'ETPT Format DDG'!2:2,0)),{"CONT A VIF Parquet";"CONT A JP Parquet"}))+ SUM(SUMIFS( INDEX( 'ETPT Format DDG'!$A:$ZZ,,MATCH("13.5. EXPERTISES (SUIVI ET LISTES)",'ETPT Format DDG'!2:2,0)), INDEX( 'ETPT Format DDG'!$A:$ZZ,,MATCH("Fonction recodée",'ETPT Format DDG'!2:2,0)),{"CONT A VIF Parquet";"CONT A JP Parquet"}))+ SUM(SUMIFS( INDEX( 'ETPT Format DDG'!$A:$ZZ,,MATCH("13.2. FORMATIONS SUIVIES",'ETPT Format DDG'!2:2,0)), INDEX( 'ETPT Format DDG'!$A:$ZZ,,MATCH("Fonction recodée",'ETPT Format DDG'!2:2,0)),{"CONT A VIF Parquet";"CONT A JP Parquet"}))+ SUM(SUMIFS( INDEX( 'ETPT Format DDG'!$A:$ZZ,,MATCH("13.6. MÉDIATION / CONCILIATION (SUIVI ET LISTES)",'ETPT Format DDG'!2:2,0)), INDEX( 'ETPT Format DDG'!$A:$ZZ,,MATCH("Fonction recodée",'ETPT Format DDG'!2:2,0)),{"CONT A VIF Parquet";"CONT A JP Parquet"}))+ SUM(SUMIFS( INDEX( 'ETPT Format DDG'!$A:$ZZ,,MATCH("13.14. POLITIQUE ASSOCIATIVE ET AIDE AUX VICTIMES",'ETPT Format DDG'!2:2,0)), INDEX( 'ETPT Format DDG'!$A:$ZZ,,MATCH("Fonction recodée",'ETPT Format DDG'!2:2,0)),{"CONT A VIF Parquet";"CONT A JP Parquet"}))+ SUM(SUMIFS( INDEX( 'ETPT Format DDG'!$A:$ZZ,,MATCH("13.1. SOUTIEN (AUTRES)",'ETPT Format DDG'!2:2,0)), INDEX( 'ETPT Format DDG'!$A:$ZZ,,MATCH("Fonction recodée",'ETPT Format DDG'!2:2,0)),{"CONT A VIF Parquet";"CONT A JP Parquet"}))+ SUM(SUMIFS( INDEX( 'ETPT Format DDG'!$A:$ZZ,,MATCH("13.15. AUTRES ACTIVITÉS NON JURIDICTIONNELLES",'ETPT Format DDG'!2:2,0)), INDEX( 'ETPT Format DDG'!$A:$ZZ,,MATCH("Fonction recodée",'ETPT Format DDG'!2:2,0)),{"CONT A VIF Parquet";"CONT A JP Parquet"}))} -> #N/A | F6: =SUM(SUMIFS( INDEX( 'ETPT Format DDG'!$A:$ZZ,,MATCH("13.11. ACTIVITÉS EXTÉRIEURES ET PARTENARIATS",'ETPT Format DDG'!2:2,0)), INDEX( 'ETPT Format DDG'!$A:$ZZ,,MATCH("Fonction recodée",'ETPT Format DDG'!2:2,0)),"JA/AttJ Siège autres"))+ SUM(SUMIFS( INDEX( 'ETPT Format DDG'!$A:$ZZ,,MATCH("13.13. COMMUNICATION",'ETPT Format DDG'!2:2,0)), INDEX( 'ETPT Format DDG'!$A:$ZZ,,MATCH("Fonction recodée",'ETPT Format DDG'!2:2,0)),"JA/AttJ Siège autres"))+ SUM(SUMIFS( INDEX( 'ETPT Format DDG'!$A:$ZZ,,MATCH("13.12. ÉQUIPEMENT",'ETPT Format DDG'!2:2,0)), INDEX( 'ETPT Format DDG'!$A:$ZZ,,MATCH("Fonction recodée",'ETPT Format DDG'!2:2,0)),"JA/AttJ Siège autres"))+ SUM(SUMIFS( INDEX( 'ETPT Format DDG'!$A:$ZZ,,MATCH("13.5. EXPERTISES (SUIVI ET LISTES)",'ETPT Format DDG'!2:2,0)), INDEX( 'ETPT Format DDG'!$A:$ZZ,,MATCH("Fonction recodée",'ETPT Format DDG'!2:2,0)),"JA/AttJ Siège autres"))+ SUM(SUMIFS( INDEX( 'ETPT Format DDG'!$A:$ZZ,,MATCH("13.2. FORMATIONS SUIVIES",'ETPT Format DDG'!2:2,0)), INDEX( 'ETPT Format DDG'!$A:$ZZ,,MATCH("Fonction recodée",'ETPT Format DDG'!2:2,0)),"JA/AttJ Siège autres"))+ SUM(SUMIFS( INDEX( 'ETPT Format DDG'!$A:$ZZ,,MATCH("13.6. MÉDIATION / CONCILIATION (SUIVI ET LISTES)",'ETPT Format DDG'!2:2,0)), INDEX( 'ETPT Format DDG'!$A:$ZZ,,MATCH("Fonction recodée",'ETPT Format DDG'!2:2,0)),"JA/AttJ Siège autres"))+ SUM(SUMIFS( INDEX( 'ETPT Format DDG'!$A:$ZZ,,MATCH("13.14. POLITIQUE ASSOCIATIVE ET AIDE AUX VICTIMES",'ETPT Format DDG'!2:2,0)), INDEX( 'ETPT Format DDG'!$A:$ZZ,,MATCH("Fonction recodée",'ETPT Format DDG'!2:2,0)),"JA/AttJ Siège autres"))+ SUM(SUMIFS( INDEX( 'ETPT Format DDG'!$A:$ZZ,,MATCH("13.1. SOUTIEN (AUTRES)",'ETPT Format DDG'!2:2,0)), INDEX( 'ETPT Format DDG'!$A:$ZZ,,MATCH("Fonction recodée",'ETPT Format DDG'!2:2,0)),"JA/AttJ Siège autres"))+ SUM(SUMIFS( INDEX( 'ETPT Format DDG'!$A:$ZZ,,MATCH("13.15. AUTRES ACTIVITÉS NON JURIDICTIONNELLES",'ETPT Format DDG'!2:2,0)), INDEX( 'ETPT Format DDG'!$A:$ZZ,,MATCH("Fonction recodée",'ETPT Format DDG'!2:2,0)),"JA/AttJ Siège autres")) -> #N/A | G6: =SUM(SUMIFS( INDEX( 'ETPT Format DDG'!$A:$ZZ,,MATCH("13.11. ACTIVITÉS EXTÉRIEURES ET PARTENARIATS",'ETPT Format DDG'!2:2,0)), INDEX( 'ETPT Format DDG'!$A:$ZZ,,MATCH("Fonction recodée",'ETPT Format DDG'!2:2,0)),"JA/AttJ Siège Assises"))+ SUM(SUMIFS( INDEX( 'ETPT Format DDG'!$A:$ZZ,,MATCH("13.13. COMMUNICATION",'ETPT Format DDG'!2:2,0)), INDEX( 'ETPT Format DDG'!$A:$ZZ,,MATCH("Fonction recodée",'ETPT Format DDG'!2:2,0)),"JA/AttJ Siège Assises"))+ SUM(SUMIFS( INDEX( 'ETPT Format DDG'!$A:$ZZ,,MATCH("13.12. ÉQUIPEMENT",'ETPT Format DDG'!2:2,0)), INDEX( 'ETPT Format DDG'!$A:$ZZ,,MATCH("Fonction recodée",'ETPT Format DDG'!2:2,0)),"JA/AttJ Siège Assises"))+ SUM(SUMIFS( INDEX( 'ETPT Format DDG'!$A:$ZZ,,MATCH("13.5. EXPERTISES (SUIVI ET LISTES)",'ETPT Format DDG'!2:2,0)), INDEX( 'ETPT Format DDG'!$A:$ZZ,,MATCH("Fonction recodée",'ETPT Format DDG'!2:2,0)),"JA/AttJ Siège Assises"))+ SUM(SUMIFS( INDEX( 'ETPT Format DDG'!$A:$ZZ,,MATCH("13.2. FORMATIONS SUIVIES",'ETPT Format DDG'!2:2,0)), INDEX( 'ETPT Format DDG'!$A:$ZZ,,MATCH("Fonction recodée",'ETPT Format DDG'!2:2,0)),"JA/AttJ Siège Assises"))+ SUM(SUMIFS( INDEX( 'ETPT Format DDG'!$A:$ZZ,,MATCH("13.6. MÉDIATION / CONCILIATION (SUIVI ET LISTES)",'ETPT Format DDG'!2:2,0)), INDEX( 'ETPT Format DDG'!$A:$ZZ,,MATCH("Fonction recodée",'ETPT Format DDG'!2:2,0)),"JA/AttJ Siège Assises"))+ SUM(SUMIFS( INDEX( 'ETPT Format DDG'!$A:$ZZ,,MATCH("13.14. POLITIQUE ASSOCIATIVE ET AIDE AUX VICTIMES",'ETPT Format DDG'!2:2,0)), INDEX( 'ETPT Format DDG'!$A:$ZZ,,MATCH("Fonction recodée",'ETPT Format DDG'!2:2,0)),"JA/AttJ Siège Assises"))+ SUM(SUMIFS( INDEX( 'ETPT Format DDG'!$A:$ZZ,,MATCH("13.1. SOUTIEN (AUTRES)",'ETPT Format DDG'!2:2,0)), INDEX( 'ETPT Format DDG'!$A:$ZZ,,MATCH("Fonction recodée",'ETPT Format DDG'!2:2,0)),"JA/AttJ Siège Assises"))+ SUM(SUMIFS( INDEX( 'ETPT Format DDG'!$A:$ZZ,,MATCH("13.15. AUTRES ACTIVITÉS NON JURIDICTIONNELLES",'ETPT Format DDG'!2:2,0)), INDEX( 'ETPT Format DDG'!$A:$ZZ,,MATCH("Fonction recodée",'ETPT Format DDG'!2:2,0)),"JA/AttJ Siège Assises")) -> #N/A | H6: =SUM(SUMIFS( INDEX( 'ETPT Format DDG'!$A:$ZZ,,MATCH("13.11. ACTIVITÉS EXTÉRIEURES ET PARTENARIATS",'ETPT Format DDG'!2:2,0)), INDEX( 'ETPT Format DDG'!$A:$ZZ,,MATCH("Fonction recodée",'ETPT Format DDG'!2:2,0)),"JA/AttJ Siège CCD"))+ SUM(SUMIFS( INDEX( 'ETPT Format DDG'!$A:$ZZ,,MATCH("13.13. COMMUNICATION",'ETPT Format DDG'!2:2,0)), INDEX( 'ETPT Format DDG'!$A:$ZZ,,MATCH("Fonction recodée",'ETPT Format DDG'!2:2,0)),"JA/AttJ Siège CCD"))+ SUM(SUMIFS( INDEX( 'ETPT Format DDG'!$A:$ZZ,,MATCH("13.12. ÉQUIPEMENT",'ETPT Format DDG'!2:2,0)), INDEX( 'ETPT Format DDG'!$A:$ZZ,,MATCH("Fonction recodée",'ETPT Format DDG'!2:2,0)),"JA/AttJ Siège CCD"))+ SUM(SUMIFS( INDEX( 'ETPT Format DDG'!$A:$ZZ,,MATCH("13.5. EXPERTISES (SUIVI ET LISTES)",'ETPT Format DDG'!2:2,0)), INDEX( 'ETPT Format DDG'!$A:$ZZ,,MATCH("Fonction recodée",'ETPT Format DDG'!2:2,0)),"JA/AttJ Siège CCD"))+ SUM(SUMIFS( INDEX( 'ETPT Format DDG'!$A:$ZZ,,MATCH("13.2. FORMATIONS SUIVIES",'ETPT Format DDG'!2:2,0)), INDEX( 'ETPT Format DDG'!$A:$ZZ,,MATCH("Fonction recodée",'ETPT Format DDG'!2:2,0)),"JA/AttJ Siège CCD"))+ SUM(SUMIFS( INDEX( 'ETPT Format DDG'!$A:$ZZ,,MATCH("13.6. MÉDIATION / CONCILIATION (SUIVI ET LISTES)",'ETPT Format DDG'!2:2,0)), INDEX( 'ETPT Format DDG'!$A:$ZZ,,MATCH("Fonction recodée",'ETPT Format DDG'!2:2,0)),"JA/AttJ Siège CCD"))+ SUM(SUMIFS( INDEX( 'ETPT Format DDG'!$A:$ZZ,,MATCH("13.14. POLITIQUE ASSOCIATIVE ET AIDE AUX VICTIMES",'ETPT Format DDG'!2:2,0)), INDEX( 'ETPT Format DDG'!$A:$ZZ,,MATCH("Fonction recodée",'ETPT Format DDG'!2:2,0)),"JA/AttJ Siège CCD"))+ SUM(SUMIFS( INDEX( 'ETPT Format DDG'!$A:$ZZ,,MATCH("13.1. SOUTIEN (AUTRES)",'ETPT Format DDG'!2:2,0)), INDEX( 'ETPT Format DDG'!$A:$ZZ,,MATCH("Fonction recodée",'ETPT Format DDG'!2:2,0)),"JA/AttJ Siège CCD"))+ SUM(SUMIFS( INDEX( 'ETPT Format DDG'!$A:$ZZ,,MATCH("13.15. AUTRES ACTIVITÉS NON JURIDICTIONNELLES",'ETPT Format DDG'!2:2,0)), INDEX( 'ETPT Format DDG'!$A:$ZZ,,MATCH("Fonction recodée",'ETPT Format DDG'!2:2,0)),"JA/AttJ Siège CCD")) -> #N/A | I6: =SUM(SUMIFS( INDEX( 'ETPT Format DDG'!$A:$ZZ,,MATCH("13.11. ACTIVITÉS EXTÉRIEURES ET PARTENARIATS",'ETPT Format DDG'!2:2,0)), INDEX( 'ETPT Format DDG'!$A:$ZZ,,MATCH("Fonction recodée",'ETPT Format DDG'!2:2,0)),"JA/AttJ Parquet"))+ SUM(SUMIFS( INDEX( 'ETPT Format DDG'!$A:$ZZ,,MATCH("13.13. COMMUNICATION",'ETPT Format DDG'!2:2,0)), INDEX( 'ETPT Format DDG'!$A:$ZZ,,MATCH("Fonction recodée",'ETPT Format DDG'!2:2,0)),"JA/AttJ Parquet"))+ SUM(SUMIFS( INDEX( 'ETPT Format DDG'!$A:$ZZ,,MATCH("13.12. ÉQUIPEMENT",'ETPT Format DDG'!2:2,0)), INDEX( 'ETPT Format DDG'!$A:$ZZ,,MATCH("Fonction recodée",'ETPT Format DDG'!2:2,0)),"JA/AttJ Parquet"))+ SUM(SUMIFS( INDEX( 'ETPT Format DDG'!$A:$ZZ,,MATCH("13.5. EXPERTISES (SUIVI ET LISTES)",'ETPT Format DDG'!2:2,0)), INDEX( 'ETPT Format DDG'!$A:$ZZ,,MATCH("Fonction recodée",'ETPT Format DDG'!2:2,0)),"JA/AttJ Parquet"))+ SUM(SUMIFS( INDEX( 'ETPT Format DDG'!$A:$ZZ,,MATCH("13.2. FORMATIONS SUIVIES",'ETPT Format DDG'!2:2,0)), INDEX( 'ETPT Format DDG'!$A:$ZZ,,MATCH("Fonction recodée",'ETPT Format DDG'!2:2,0)),"JA/AttJ Parquet"))+ SUM(SUMIFS( INDEX( 'ETPT Format DDG'!$A:$ZZ,,MATCH("13.6. MÉDIATION / CONCILIATION (SUIVI ET LISTES)",'ETPT Format DDG'!2:2,0)), INDEX( 'ETPT Format DDG'!$A:$ZZ,,MATCH("Fonction recodée",'ETPT Format DDG'!2:2,0)),"JA/AttJ Parquet"))+ SUM(SUMIFS( INDEX( 'ETPT Format DDG'!$A:$ZZ,,MATCH("13.14. POLITIQUE ASSOCIATIVE ET AIDE AUX VICTIMES",'ETPT Format DDG'!2:2,0)), INDEX( 'ETPT Format DDG'!$A:$ZZ,,MATCH("Fonction recodée",'ETPT Format DDG'!2:2,0)),"JA/AttJ Parquet"))+ SUM(SUMIFS( INDEX( 'ETPT Format DDG'!$A:$ZZ,,MATCH("13.1. SOUTIEN (AUTRES)",'ETPT Format DDG'!2:2,0)), INDEX( 'ETPT Format DDG'!$A:$ZZ,,MATCH("Fonction recodée",'ETPT Format DDG'!2:2,0)),"JA/AttJ Parquet"))+ SUM(SUMIFS( INDEX( 'ETPT Format DDG'!$A:$ZZ,,MATCH("13.15. AUTRES ACTIVITÉS NON JURIDICTIONNELLES",'ETPT Format DDG'!2:2,0)), INDEX( 'ETPT Format DDG'!$A:$ZZ,,MATCH("Fonction recodée",'ETPT Format DDG'!2:2,0)),"JA/AttJ Parquet")) -> #N/A | P6: =_xlfn.AGGREGATE(9,6,D6:O6) -> 0
A7: =$A$9 | B7: 166-07-NC | C7: Action 7 - Formation dispensée | D7: {=SUM(SUMIFS( INDEX( 'ETPT Format DDG'!$A:$ZZ,,MATCH("13.3. FORMATIONS DISPENSÉES",'ETPT Format DDG'!2:2,0)), INDEX( 'ETPT Format DDG'!$A:$ZZ,,MATCH("Fonction recodée",'ETPT Format DDG'!2:2,0)),{"CONT A VIF Siège";"CONT A JP Siège"}))} -> #N/A | E7: {=SUM(SUMIFS( INDEX( 'ETPT Format DDG'!$A:$ZZ,,MATCH("13.3. FORMATIONS DISPENSÉES",'ETPT Format DDG'!2:2,0)), INDEX( 'ETPT Format DDG'!$A:$ZZ,,MATCH("Fonction recodée",'ETPT Format DDG'!2:2,0)),{"CONT A VIF Parquet";"CONT A JP Parquet"}))} -> #N/A | F7: =SUM(SUMIFS( INDEX( 'ETPT Format DDG'!$A:$ZZ,,MATCH("13.3. FORMATIONS DISPENSÉES",'ETPT Format DDG'!2:2,0)), INDEX( 'ETPT Format DDG'!$A:$ZZ,,MATCH("Fonction recodée",'ETPT Format DDG'!2:2,0)),"JA/AttJ Siège autres")) -> #N/A | G7: =SUM(SUMIFS( INDEX( 'ETPT Format DDG'!$A:$ZZ,,MATCH("13.3. FORMATIONS DISPENSÉES",'ETPT Format DDG'!2:2,0)), INDEX( 'ETPT Format DDG'!$A:$ZZ,,MATCH("Fonction recodée",'ETPT Format DDG'!2:2,0)),"JA/AttJ Siège Assises")) -> #N/A | H7: =SUM(SUMIFS( INDEX( 'ETPT Format DDG'!$A:$ZZ,,MATCH("13.3. FORMATIONS DISPENSÉES",'ETPT Format DDG'!2:2,0)), INDEX( 'ETPT Format DDG'!$A:$ZZ,,MATCH("Fonction recodée",'ETPT Format DDG'!2:2,0)),"JA/AttJ Siège CCD")) -> #N/A | I7: =SUM(SUMIFS( INDEX( 'ETPT Format DDG'!$A:$ZZ,,MATCH("13.3. FORMATIONS DISPENSÉES",'ETPT Format DDG'!2:2,0)), INDEX( 'ETPT Format DDG'!$A:$ZZ,,MATCH("Fonction recodée",'ETPT Format DDG'!2:2,0)),"JA/AttJ Parquet")) -> #N/A | P7: =_xlfn.AGGREGATE(9,6,D7:O7) -> 0
A8: =$A$10 | B8: 166-08-NC | C8: Action 8 - Support à l'accès au droit et à la justice | D8: {=SUM(SUMIFS( INDEX( 'ETPT Format DDG'!$A:$ZZ,,MATCH("13.7. ACCÈS AU DROIT ET À LA JUSTICE",'ETPT Format DDG'!2:2,0)), INDEX( 'ETPT Format DDG'!$A:$ZZ,,MATCH("Fonction recodée",'ETPT Format DDG'!2:2,0)),{"CONT A VIF Siège";"CONT A JP Siège"}))} -> #N/A | E8: {=SUM(SUMIFS( INDEX( 'ETPT Format DDG'!$A:$ZZ,,MATCH("13.7. ACCÈS AU DROIT ET À LA JUSTICE",'ETPT Format DDG'!2:2,0)), INDEX( 'ETPT Format DDG'!$A:$ZZ,,MATCH("Fonction recodée",'ETPT Format DDG'!2:2,0)),{"CONT A VIF Parquet";"CONT A JP Parquet"}))} -> #N/A | F8: =SUM(SUMIFS( INDEX( 'ETPT Format DDG'!$A:$ZZ,,MATCH("13.7. ACCÈS AU DROIT ET À LA JUSTICE",'ETPT Format DDG'!2:2,0)), INDEX( 'ETPT Format DDG'!$A:$ZZ,,MATCH("Fonction recodée",'ETPT Format DDG'!2:2,0)),"JA/AttJ Siège autres")) -> #N/A | G8: =SUM(SUMIFS( INDEX( 'ETPT Format DDG'!$A:$ZZ,,MATCH("13.7. ACCÈS AU DROIT ET À LA JUSTICE",'ETPT Format DDG'!2:2,0)), INDEX( 'ETPT Format DDG'!$A:$ZZ,,MATCH("Fonction recodée",'ETPT Format DDG'!2:2,0)),"JA/AttJ Siège Assises")) -> #N/A | H8: =SUM(SUMIFS( INDEX( 'ETPT Format DDG'!$A:$ZZ,,MATCH("13.7. ACCÈS AU DROIT ET À LA JUSTICE",'ETPT Format DDG'!2:2,0)), INDEX( 'ETPT Format DDG'!$A:$ZZ,,MATCH("Fonction recodée",'ETPT Format DDG'!2:2,0)),"JA/AttJ Siège CCD")) -> #N/A | I8: =SUM(SUMIFS( INDEX( 'ETPT Format DDG'!$A:$ZZ,,MATCH("13.7. ACCÈS AU DROIT ET À LA JUSTICE",'ETPT Format DDG'!2:2,0)), INDEX( 'ETPT Format DDG'!$A:$ZZ,,MATCH("Fonction recodée",'ETPT Format DDG'!2:2,0)),"JA/AttJ Parquet")) -> #N/A | P8: =_xlfn.AGGREGATE(9,6,D8:O8) -> 0
A9: =$A$11 | B9: 166-99-NC | C9: Action 99 - Personnel concourant au programme - à reventiler | D9: {=SUM(SUMIFS( INDEX( 'ETPT Format DDG'!$A:$ZZ,,MATCH("14. TOTAL des INDISPONIBILITÉS relevant de l'action 99",'ETPT Format DDG'!2:2,0)), INDEX( 'ETPT Format DDG'!$A:$ZZ,,MATCH("Fonction recodée",'ETPT Format DDG'!2:2,0)),{"CONT A VIF Siège";"CONT A JP Siège"}))- SUM(SUMIFS( INDEX( 'ETPT Format DDG'!$A:$ZZ,,MATCH("14.9. MISE À DISPOSITION",'ETPT Format DDG'!2:2,0)), INDEX( 'ETPT Format DDG'!$A:$ZZ,,MATCH("Fonction recodée",'ETPT Format DDG'!2:2,0)),{"CONT A VIF Siège";"CONT A JP Siège"}))} -> #N/A | E9: {=SUM(SUMIFS( INDEX( 'ETPT Format DDG'!$A:$ZZ,,MATCH("14. TOTAL des INDISPONIBILITÉS relevant de l'action 99",'ETPT Format DDG'!2:2,0)), INDEX( 'ETPT Format DDG'!$A:$ZZ,,MATCH("Fonction recodée",'ETPT Format DDG'!2:2,0)),{"CONT A VIF Parquet";"CONT A JP Parquet"}))- SUM(SUMIFS( INDEX( 'ETPT Format DDG'!$A:$ZZ,,MATCH("14.9. MISE À DISPOSITION",'ETPT Format DDG'!2:2,0)), INDEX( 'ETPT Format DDG'!$A:$ZZ,,MATCH("Fonction recodée",'ETPT Format DDG'!2:2,0)),{"CONT A VIF Parquet";"CONT A JP Parquet"}))} -> #N/A | F9: =SUM(SUMIFS( INDEX( 'ETPT Format DDG'!$A:$ZZ,,MATCH("14. TOTAL des INDISPONIBILITÉS relevant de l'action 99",'ETPT Format DDG'!2:2,0)), INDEX( 'ETPT Format DDG'!$A:$ZZ,,MATCH("Fonction recodée",'ETPT Format DDG'!2:2,0)),"JA/AttJ Siège autres"))- SUM(SUMIFS( INDEX( 'ETPT Format DDG'!$A:$ZZ,,MATCH("14.9. MISE À DISPOSITION",'ETPT Format DDG'!2:2,0)), INDEX( 'ETPT Format DDG'!$A:$ZZ,,MATCH("Fonction recodée",'ETPT Format DDG'!2:2,0)),"JA/AttJ Siège autres")) -> #N/A | G9: =SUM(SUMIFS( INDEX( 'ETPT Format DDG'!$A:$ZZ,,MATCH("14. TOTAL des INDISPONIBILITÉS relevant de l'action 99",'ETPT Format DDG'!2:2,0)), INDEX( 'ETPT Format DDG'!$A:$ZZ,,MATCH("Fonction recodée",'ETPT Format DDG'!2:2,0)),"JA/AttJ Siège Assises"))- SUM(SUMIFS( INDEX( 'ETPT Format DDG'!$A:$ZZ,,MATCH("14.9. MISE À DISPOSITION",'ETPT Format DDG'!2:2,0)), INDEX( 'ETPT Format DDG'!$A:$ZZ,,MATCH("Fonction recodée",'ETPT Format DDG'!2:2,0)),"JA/AttJ Siège Assises")) -> #N/A | H9: =SUM(SUMIFS( INDEX( 'ETPT Format DDG'!$A:$ZZ,,MATCH("14. TOTAL des INDISPONIBILITÉS relevant de l'action 99",'ETPT Format DDG'!2:2,0)), INDEX( 'ETPT Format DDG'!$A:$ZZ,,MATCH("Fonction recodée",'ETPT Format DDG'!2:2,0)),"JA/AttJ Siège CCD"))- SUM(SUMIFS( INDEX( 'ETPT Format DDG'!$A:$ZZ,,MATCH("14.9. MISE À DISPOSITION",'ETPT Format DDG'!2:2,0)), INDEX( 'ETPT Format DDG'!$A:$ZZ,,MATCH("Fonction recodée",'ETPT Format DDG'!2:2,0)),"JA/AttJ Siège CCD")) -> #N/A | I9: =SUM(SUMIFS( INDEX( 'ETPT Format DDG'!$A:$ZZ,,MATCH("14. TOTAL des INDISPONIBILITÉS relevant de l'action 99",'ETPT Format DDG'!2:2,0)), INDEX( 'ETPT Format DDG'!$A:$ZZ,,MATCH("Fonction recodée",'ETPT Format DDG'!2:2,0)),"JA/AttJ Parquet"))- SUM(SUMIFS( INDEX( 'ETPT Format DDG'!$A:$ZZ,,MATCH("14.9. MISE À DISPOSITION",'ETPT Format DDG'!2:2,0)), INDEX( 'ETPT Format DDG'!$A:$ZZ,,MATCH("Fonction recodée",'ETPT Format DDG'!2:2,0)),"JA/AttJ Parquet")) -> #N/A | P9: =_xlfn.AGGREGATE(9,6,D9:O9) -> 0
A10: =$A$12 | B10: 166-NC-NC | C10: Etpt autres personnels à reventiler (dont droit local,commercial- rcs, mise à disposition) | D10: {=SUM(SUMIFS( INDEX( 'ETPT Format DDG'!$A:$ZZ,,MATCH("14.9. MISE À DISPOSITION",'ETPT Format DDG'!2:2,0)), INDEX( 'ETPT Format DDG'!$A:$ZZ,,MATCH("Fonction recodée",'ETPT Format DDG'!2:2,0)),{"CONT A VIF Siège";"CONT A JP Siège"}))} -> #N/A | E10: {=SUM(SUMIFS( INDEX( 'ETPT Format DDG'!$A:$ZZ,,MATCH("14.9. MISE À DISPOSITION",'ETPT Format DDG'!2:2,0)), INDEX( 'ETPT Format DDG'!$A:$ZZ,,MATCH("Fonction recodée",'ETPT Format DDG'!2:2,0)),{"CONT A VIF Parquet";"CONT A JP Parquet"}))} -> #N/A | F10: =SUM(SUMIFS( INDEX( 'ETPT Format DDG'!$A:$ZZ,,MATCH("14.9. MISE À DISPOSITION",'ETPT Format DDG'!2:2,0)), INDEX( 'ETPT Format DDG'!$A:$ZZ,,MATCH("Fonction recodée",'ETPT Format DDG'!2:2,0)),"JA/AttJ Siège autres")) -> #N/A | G10: =SUM(SUMIFS( INDEX( 'ETPT Format DDG'!$A:$ZZ,,MATCH("14.9. MISE À DISPOSITION",'ETPT Format DDG'!2:2,0)), INDEX( 'ETPT Format DDG'!$A:$ZZ,,MATCH("Fonction recodée",'ETPT Format DDG'!2:2,0)),"JA/AttJ Siège Assises")) -> #N/A | H10: =SUM(SUMIFS( INDEX( 'ETPT Format DDG'!$A:$ZZ,,MATCH("14.9. MISE À DISPOSITION",'ETPT Format DDG'!2:2,0)), INDEX( 'ETPT Format DDG'!$A:$ZZ,,MATCH("Fonction recodée",'ETPT Format DDG'!2:2,0)),"JA/AttJ Siège CCD")) -> #N/A | I10: =SUM(SUMIFS( INDEX( 'ETPT Format DDG'!$A:$ZZ,,MATCH("14.9. MISE À DISPOSITION",'ETPT Format DDG'!2:2,0)), INDEX( 'ETPT Format DDG'!$A:$ZZ,,MATCH("Fonction recodée",'ETPT Format DDG'!2:2,0)),"JA/AttJ Parquet")) -> #N/A | P10: =_xlfn.AGGREGATE(9,6,D10:O10) -> 0
C11: TOTAL ETPT | D11: =_xlfn.AGGREGATE(9,6,D3:D10) -> 0 | E11: =_xlfn.AGGREGATE(9,6,E3:E10) -> 0 | F11: =_xlfn.AGGREGATE(9,6,F3:F10) -> 0 | G11: =_xlfn.AGGREGATE(9,6,G3:G10) -> 0 | H11: =_xlfn.AGGREGATE(9,6,H3:H10) -> 0 | I11: =_xlfn.AGGREGATE(9,6,I3:I10) -> 0 | J11: =_xlfn.AGGREGATE(9,6,J3:J10) -> 0 | K11: =_xlfn.AGGREGATE(9,6,K3:K10) -> 0 | ... P11: =_xlfn.AGGREGATE(9,6,P3:P10) -> 0

Sheet ETPT_CA_ATTJ_DDG
A1: Déclaration des ETPT ATTACHÉS DE JUSTICE CA
A2: Juridiction | B2: Sous action | C2: Action | D2: Contractuels A J Prox et A VIF | E2: Contractuels A J Prox et A VIF au Parquet | F2: Attachés de justice siège | G2: Attachés de justice siège affectés aux assises | H2: Attachés de justice siège affectés au CCD | I2: Attachés de justice au parquet | J2: Attachés de justice parquet affectés aux assises | K2: Attachés de justice parquet affectés aux CDD | L2: Attachés de justice affectés aux JAP | M2: Attachés de justice affectés aux JE | N2: Attachés de justice affectés aux Juge d'instruction | O2: Attachés de justice affectés aux JLD (pénal uniquement) | P2: Total ETPT AJ_JA
A3: =ETPT_CA_JUR_DDG!D3 -> A | B3: 166-01-NC | C3: Action 1 - Traitement et jugement des contentieux civils | D3: =IF(ISERROR(ETPT_CA_ATTJ!D3),"",IF(ETPT_CA_ATTJ!D3=0,"",ETPT_CA_ATTJ!D3)) | E3: =IF(ISERROR(ETPT_CA_ATTJ!E3),"",IF(ETPT_CA_ATTJ!E3=0,"",ETPT_CA_ATTJ!E3)) | F3: =IF(ISERROR(ETPT_CA_ATTJ!F3),"",IF(ETPT_CA_ATTJ!F3=0,"",ETPT_CA_ATTJ!F3)) | G3: =IF(ISERROR(ETPT_CA_ATTJ!G3),"",IF(ETPT_CA_ATTJ!G3=0,"",ETPT_CA_ATTJ!G3)) | H3: =IF(ISERROR(ETPT_CA_ATTJ!H3),"",IF(ETPT_CA_ATTJ!H3=0,"",ETPT_CA_ATTJ!H3)) | I3: =IF(ISERROR(ETPT_CA_ATTJ!I3),"",IF(ETPT_CA_ATTJ!I3=0,"",ETPT_CA_ATTJ!I3)) | L3: =IF(ISERROR(ETPT_CA_ATTJ!L3),"",IF(ETPT_CA_ATTJ!L3=0,"",ETPT_CA_ATTJ!L3)) | M3: =IF(ISERROR(ETPT_CA_ATTJ!M3),"",IF(ETPT_CA_ATTJ!M3=0,"",ETPT_CA_ATTJ!M3)) | N3: =IF(ISERROR(ETPT_CA_ATTJ!N3),"",IF(ETPT_CA_ATTJ!N3=0,"",ETPT_CA_ATTJ!N3)) | O3: =IF(ISERROR(ETPT_CA_ATTJ!O3),"",IF(ETPT_CA_ATTJ!O3=0,"",ETPT_CA_ATTJ!O3)) | P3: =ETPT_CA_ATTJ!P3 -> 0
A4: =$A$3 -> A | B4: 166-02-NC | C4: Action 2 - Traitement et jugement des affaires pénales | D4: =IF(ISERROR(ETPT_CA_ATTJ!D4),"",IF(ETPT_CA_ATTJ!D4=0,"",ETPT_CA_ATTJ!D4)) | E4: =IF(ISERROR(ETPT_CA_ATTJ!E4),"",IF(ETPT_CA_ATTJ!E4=0,"",ETPT_CA_ATTJ!E4)) | F4: =IF(ISERROR(ETPT_CA_ATTJ!F4),"",IF(ETPT_CA_ATTJ!F4=0,"",ETPT_CA_ATTJ!F4)) | G4: =IF(ISERROR(ETPT_CA_ATTJ!G4),"",IF(ETPT_CA_ATTJ!G4=0,"",ETPT_CA_ATTJ!G4)) | H4: =IF(ISERROR(ETPT_CA_ATTJ!H4),"",IF(ETPT_CA_ATTJ!H4=0,"",ETPT_CA_ATTJ!H4)) | I4: =IF(ISERROR(ETPT_CA_ATTJ!I4),"",IF(ETPT_CA_ATTJ!I4=0,"",ETPT_CA_ATTJ!I4)) | L4: =IF(ISERROR(ETPT_CA_ATTJ!L4),"",IF(ETPT_CA_ATTJ!L4=0,"",ETPT_CA_ATTJ!L4)) | M4: =IF(ISERROR(ETPT_CA_ATTJ!M4),"",IF(ETPT_CA_ATTJ!M4=0,"",ETPT_CA_ATTJ!M4)) | N4: =IF(ISERROR(ETPT_CA_ATTJ!N4),"",IF(ETPT_CA_ATTJ!N4=0,"",ETPT_CA_ATTJ!N4)) | O4: =IF(ISERROR(ETPT_CA_ATTJ!O4),"",IF(ETPT_CA_ATTJ!O4=0,"",ETPT_CA_ATTJ!O4)) | P4: =ETPT_CA_ATTJ!P4 -> 0
A5: =$A$3 -> A | B5: 166-06-99 | C5: Action 6 - Accueil du justiciable (inclus SAUJ) | D5: =IF(ISERROR(ETPT_CA_ATTJ!D5),"",IF(ETPT_CA_ATTJ!D5=0,"",ETPT_CA_ATTJ!D5)) | E5: =IF(ISERROR(ETPT_CA_ATTJ!E5),"",IF(ETPT_CA_ATTJ!E5=0,"",ETPT_CA_ATTJ!E5)) | F5: =IF(ISERROR(ETPT_CA_ATTJ!F5),"",IF(ETPT_CA_ATTJ!F5=0,"",ETPT_CA_ATTJ!F5)) | G5: =IF(ISERROR(ETPT_CA_ATTJ!G5),"",IF(ETPT_CA_ATTJ!G5=0,"",ETPT_CA_ATTJ!G5)) | H5: =IF(ISERROR(ETPT_CA_ATTJ!H5),"",IF(ETPT_CA_ATTJ!H5=0,"",ETPT_CA_ATTJ!H5)) | I5: =IF(ISERROR(ETPT_CA_ATTJ!I5),"",IF(ETPT_CA_ATTJ!I5=0,"",ETPT_CA_ATTJ!I5)) | L5: =IF(ISERROR(ETPT_CA_ATTJ!L5),"",IF(ETPT_CA_ATTJ!L5=0,"",ETPT_CA_ATTJ!L5)) | M5: =IF(ISERROR(ETPT_CA_ATTJ!M5),"",IF(ETPT_CA_ATTJ!M5=0,"",ETPT_CA_ATTJ!M5)) | N5: =IF(ISERROR(ETPT_CA_ATTJ!N5),"",IF(ETPT_CA_ATTJ!N5=0,"",ETPT_CA_ATTJ!N5)) | O5: =IF(ISERROR(ETPT_CA_ATTJ!O5),"",IF(ETPT_CA_ATTJ!O5=0,"",ETPT_CA_ATTJ!O5)) | P5: =ETPT_CA_ATTJ!P5 -> 0
A6: =$A$3 -> A | B6: 166-06-NC | C6: Action 6 - Soutien (Hors accueil du justiciable) | D6: =IF(ISERROR(ETPT_CA_ATTJ!D6),"",IF(ETPT_CA_ATTJ!D6=0,"",ETPT_CA_ATTJ!D6)) | E6: =IF(ISERROR(ETPT_CA_ATTJ!E6),"",IF(ETPT_CA_ATTJ!E6=0,"",ETPT_CA_ATTJ!E6)) | F6: =IF(ISERROR(ETPT_CA_ATTJ!F6),"",IF(ETPT_CA_ATTJ!F6=0,"",ETPT_CA_ATTJ!F6)) | G6: =IF(ISERROR(ETPT_CA_ATTJ!G6),"",IF(ETPT_CA_ATTJ!G6=0,"",ETPT_CA_ATTJ!G6)) | H6: =IF(ISERROR(ETPT_CA_ATTJ!H6),"",IF(ETPT_CA_ATTJ!H6=0,"",ETPT_CA_ATTJ!H6)) | I6: =IF(ISERROR(ETPT_CA_ATTJ!I6),"",IF(ETPT_CA_ATTJ!I6=0,"",ETPT_CA_ATTJ!I6)) | L6: =IF(ISERROR(ETPT_CA_ATTJ!L6),"",IF(ETPT_CA_ATTJ!L6=0,"",ETPT_CA_ATTJ!L6)) | M6: =IF(ISERROR(ETPT_CA_ATTJ!M6),"",IF(ETPT_CA_ATTJ!M6=0,"",ETPT_CA_ATTJ!M6)) | N6: =IF(ISERROR(ETPT_CA_ATTJ!N6),"",IF(ETPT_CA_ATTJ!N6=0,"",ETPT_CA_ATTJ!N6)) | O6: =IF(ISERROR(ETPT_CA_ATTJ!O6),"",IF(ETPT_CA_ATTJ!O6=0,"",ETPT_CA_ATTJ!O6)) | P6: =ETPT_CA_ATTJ!P6 -> 0
A7: =$A$3 -> A | B7: 166-07-NC | C7: Action 7 - Formation dispensée | D7: =IF(ISERROR(ETPT_CA_ATTJ!D7),"",IF(ETPT_CA_ATTJ!D7=0,"",ETPT_CA_ATTJ!D7)) | E7: =IF(ISERROR(ETPT_CA_ATTJ!E7),"",IF(ETPT_CA_ATTJ!E7=0,"",ETPT_CA_ATTJ!E7)) | F7: =IF(ISERROR(ETPT_CA_ATTJ!F7),"",IF(ETPT_CA_ATTJ!F7=0,"",ETPT_CA_ATTJ!F7)) | G7: =IF(ISERROR(ETPT_CA_ATTJ!G7),"",IF(ETPT_CA_ATTJ!G7=0,"",ETPT_CA_ATTJ!G7)) | H7: =IF(ISERROR(ETPT_CA_ATTJ!H7),"",IF(ETPT_CA_ATTJ!H7=0,"",ETPT_CA_ATTJ!H7)) | I7: =IF(ISERROR(ETPT_CA_ATTJ!I7),"",IF(ETPT_CA_ATTJ!I7=0,"",ETPT_CA_ATTJ!I7)) | L7: =IF(ISERROR(ETPT_CA_ATTJ!L7),"",IF(ETPT_CA_ATTJ!L7=0,"",ETPT_CA_ATTJ!L7)) | M7: =IF(ISERROR(ETPT_CA_ATTJ!M7),"",IF(ETPT_CA_ATTJ!M7=0,"",ETPT_CA_ATTJ!M7)) | N7: =IF(ISERROR(ETPT_CA_ATTJ!N7),"",IF(ETPT_CA_ATTJ!N7=0,"",ETPT_CA_ATTJ!N7)) | O7: =IF(ISERROR(ETPT_CA_ATTJ!O7),"",IF(ETPT_CA_ATTJ!O7=0,"",ETPT_CA_ATTJ!O7)) | P7: =ETPT_CA_ATTJ!P7 -> 0
A8: =$A$3 -> A | B8: 166-08-NC | C8: Action 8 - Support à l'accès au droit et à la justice | D8: =IF(ISERROR(ETPT_CA_ATTJ!D8),"",IF(ETPT_CA_ATTJ!D8=0,"",ETPT_CA_ATTJ!D8)) | E8: =IF(ISERROR(ETPT_CA_ATTJ!E8),"",IF(ETPT_CA_ATTJ!E8=0,"",ETPT_CA_ATTJ!E8)) | F8: =IF(ISERROR(ETPT_CA_ATTJ!F8),"",IF(ETPT_CA_ATTJ!F8=0,"",ETPT_CA_ATTJ!F8)) | G8: =IF(ISERROR(ETPT_CA_ATTJ!G8),"",IF(ETPT_CA_ATTJ!G8=0,"",ETPT_CA_ATTJ!G8)) | H8: =IF(ISERROR(ETPT_CA_ATTJ!H8),"",IF(ETPT_CA_ATTJ!H8=0,"",ETPT_CA_ATTJ!H8)) | I8: =IF(ISERROR(ETPT_CA_ATTJ!I8),"",IF(ETPT_CA_ATTJ!I8=0,"",ETPT_CA_ATTJ!I8)) | L8: =IF(ISERROR(ETPT_CA_ATTJ!L8),"",IF(ETPT_CA_ATTJ!L8=0,"",ETPT_CA_ATTJ!L8)) | M8: =IF(ISERROR(ETPT_CA_ATTJ!M8),"",IF(ETPT_CA_ATTJ!M8=0,"",ETPT_CA_ATTJ!M8)) | N8: =IF(ISERROR(ETPT_CA_ATTJ!N8),"",IF(ETPT_CA_ATTJ!N8=0,"",ETPT_CA_ATTJ!N8)) | O8: =IF(ISERROR(ETPT_CA_ATTJ!O8),"",IF(ETPT_CA_ATTJ!O8=0,"",ETPT_CA_ATTJ!O8)) | P8: =ETPT_CA_ATTJ!P8 -> 0
A9: =$A$3 -> A | B9: 166-99-NC | C9: Action 99 - Personnel concourant au programme - à reventiler | D9: =IF(ISERROR(ETPT_CA_ATTJ!D9),"",IF(ETPT_CA_ATTJ!D9=0,"",ETPT_CA_ATTJ!D9)) | E9: =IF(ISERROR(ETPT_CA_ATTJ!E9),"",IF(ETPT_CA_ATTJ!E9=0,"",ETPT_CA_ATTJ!E9)) | F9: =IF(ISERROR(ETPT_CA_ATTJ!F9),"",IF(ETPT_CA_ATTJ!F9=0,"",ETPT_CA_ATTJ!F9)) | G9: =IF(ISERROR(ETPT_CA_ATTJ!G9),"",IF(ETPT_CA_ATTJ!G9=0,"",ETPT_CA_ATTJ!G9)) | H9: =IF(ISERROR(ETPT_CA_ATTJ!H9),"",IF(ETPT_CA_ATTJ!H9=0,"",ETPT_CA_ATTJ!H9)) | I9: =IF(ISERROR(ETPT_CA_ATTJ!I9),"",IF(ETPT_CA_ATTJ!I9=0,"",ETPT_CA_ATTJ!I9)) | L9: =IF(ISERROR(ETPT_CA_ATTJ!L9),"",IF(ETPT_CA_ATTJ!L9=0,"",ETPT_CA_ATTJ!L9)) | M9: =IF(ISERROR(ETPT_CA_ATTJ!M9),"",IF(ETPT_CA_ATTJ!M9=0,"",ETPT_CA_ATTJ!M9)) | N9: =IF(ISERROR(ETPT_CA_ATTJ!N9),"",IF(ETPT_CA_ATTJ!N9=0,"",ETPT_CA_ATTJ!N9)) | O9: =IF(ISERROR(ETPT_CA_ATTJ!O9),"",IF(ETPT_CA_ATTJ!O9=0,"",ETPT_CA_ATTJ!O9)) | P9: =ETPT_CA_ATTJ!P9 -> 0
A10: =$A$3 -> A | B10: 166-NC-NC | C10: Etpt autres personnels à reventiler (dont droit local,commercial- rcs, mise à disposition) | D10: =IF(ISERROR(ETPT_CA_ATTJ!D10),"",IF(ETPT_CA_ATTJ!D10=0,"",ETPT_CA_ATTJ!D10)) | E10: =IF(ISERROR(ETPT_CA_ATTJ!E10),"",IF(ETPT_CA_ATTJ!E10=0,"",ETPT_CA_ATTJ!E10)) | F10: =IF(ISERROR(ETPT_CA_ATTJ!F10),"",IF(ETPT_CA_ATTJ!F10=0,"",ETPT_CA_ATTJ!F10)) | G10: =IF(ISERROR(ETPT_CA_ATTJ!G10),"",IF(ETPT_CA_ATTJ!G10=0,"",ETPT_CA_ATTJ!G10)) | H10: =IF(ISERROR(ETPT_CA_ATTJ!H10),"",IF(ETPT_CA_ATTJ!H10=0,"",ETPT_CA_ATTJ!H10)) | I10: =IF(ISERROR(ETPT_CA_ATTJ!I10),"",IF(ETPT_CA_ATTJ!I10=0,"",ETPT_CA_ATTJ!I10)) | L10: =IF(ISERROR(ETPT_CA_ATTJ!L10),"",IF(ETPT_CA_ATTJ!L10=0,"",ETPT_CA_ATTJ!L10)) | M10: =IF(ISERROR(ETPT_CA_ATTJ!M10),"",IF(ETPT_CA_ATTJ!M10=0,"",ETPT_CA_ATTJ!M10)) | N10: =IF(ISERROR(ETPT_CA_ATTJ!N10),"",IF(ETPT_CA_ATTJ!N10=0,"",ETPT_CA_ATTJ!N10)) | O10: =IF(ISERROR(ETPT_CA_ATTJ!O10),"",IF(ETPT_CA_ATTJ!O10=0,"",ETPT_CA_ATTJ!O10)) | P10: =ETPT_CA_ATTJ!P10 -> 0
C11: TOTAL ETPT | D11: =ETPT_CA_ATTJ!D11 -> 0 | E11: =ETPT_CA_ATTJ!E11 -> 0 | F11: =ETPT_CA_ATTJ!F11 -> 0 | G11: =ETPT_CA_ATTJ!G11 -> 0 | H11: =ETPT_CA_ATTJ!H11 -> 0 | I11: =ETPT_CA_ATTJ!I11 -> 0 | L11: =ETPT_CA_ATTJ!L11 -> 0 | M11: =ETPT_CA_ATTJ!M11 -> 0 | N11: =ETPT_CA_ATTJ!N11 -> 0 | O11: =ETPT_CA_ATTJ!O11 -> 0 | P11: =ETPT_CA_ATTJ!P11 -> 0

Sheet ETPT_CA_JUR Corresp
A1: DÉCLARATION ETPT CA JUR
B2: UO | C2: Code de la juridiction | D2: Juridiction | E2: Code sous action | F2: Action | G2: Fonctionnaires Catégorie C Technique spécialisés | I2: Fonctionnaires activité civile et commerciale du parquet | J2: Fonctionnaires Assises (inclus JIRS) | K2: Fonctionnaires Cour criminelle | L2: Fonctionnaires JIRS (correctionnel) | M2: Fonctionnaires chambres sociales | N2: Fonctionnaires hors fonctions spécifiques | P2: Magistrats du Siège assises (inclus JIRS) | Q2: Magistrats du siège Cour criminelle | R2: Autres Magistrats du Siège JIRS (correctionnel) | S2: Magistrats du Siège chambres sociales | T2: Autres Magistrats du Siège non spécialisés
A3: ETPT_CA_JUR | E3: 166-01-NC | F3: Action 1 - Traitement et jugement des contentieux civils | G3: 1. TOTAL CONTENTIEUX SOCIAL + 2. TOTAL CONTENTIEUX COMMERCIAL + 3. TOTAL CONTENTIEUX DE LA FAMILLE + 4. TOTAL CONTENTIEUX DE LA PROTECTION + 5. TOTAL CONTENTIEUX CIVIL NON SPÉCIALISÉ + 12. TOTAL ATTRIBUTIONS DU PP - 12.5. EXTRADITIONS ET MAE - 12.6. SAISIES ET CONFISCATIONS DES AVOIRS CRIMINELS - 12.9. AUTRES APPELS JLD + 7.1. ACTIVITÉ CIVILE + 13.9. FONCTIONNAIRES / JA AFFECTÉS AUX ACTIVITÉS CIVILES ET COMMERCIALES DU PARQUET GÉNÉRAL (Pour Fonction recodée = Fonctionnaire CTECH) | H3: =SUMIF(#REF!,#REF!,$G3:G3) -> #REF! | I3: 13.9. FONCTIONNAIRES / JA AFFECTÉS AUX ACTIVITÉS CIVILES ET COMMERCIALES DU PARQUET GÉNÉRAL (Pour Fonction recodée = Fonctionnaire A-B-CBUR) | M3: 1. TOTAL CONTENTIEUX SOCIAL (Pour Fonction recodée = Fonctionnaire A-B-CBUR) | N3: 2. TOTAL CONTENTIEUX COMMERCIAL + 3. TOTAL CONTENTIEUX DE LA FAMILLE + 4. TOTAL CONTENTIEUX DE LA PROTECTION + 5. TOTAL CONTENTIEUX CIVIL NON SPÉCIALISÉ + 12. TOTAL ATTRIBUTIONS DU PP - 12.5. EXTRADITIONS ET MAE - 12.6. SAISIES ET CONFISCATIONS DES AVOIRS CRIMINELS - 12.9. AUTRES APPELS JLD + 7.1. ACTIVITÉ CIVILE (Pour Fonction recodée = Fonctionnaire A-B-CBUR) | O3: =SUMIF(#REF!,#REF!,$G3:N3) -> #REF! | S3: 1. TOTAL CONTENTIEUX SOCIAL (Pour Fonction recodée = MAGISTRATS SIEGE) | T3: 2. TOTAL CONTENTIEUX COMMERCIAL + 3. TOTAL CONTENTIEUX DE LA FAMILLE + 4. TOTAL CONTENTIEUX DE LA PROTECTION + 5. TOTAL CONTENTIEUX CIVIL NON SPÉCIALISÉ + 12. TOTAL ATTRIBUTIONS DU PP - 12.5. EXTRADITIONS ET MAE - 12.6. SAISIES ET CONFISCATIONS DES AVOIRS CRIMINELS - 12.9. AUTRES APPELS JLD + 7.1. ACTIVITÉ CIVILE (Pour Fonction recodée = MAGISTRATS SIEGE) | U3: =SUMIF(#REF!,#REF!,$G3:T3) -> #REF!
A4: ETPT_CA_JUR | E4: 166-02-NC | F4: Action 2 - Traitement et jugement des affaires pénales | G4: 12.5. EXTRADITIONS ET MAE + 12.6. SAISIES ET CONFISCATIONS DES AVOIRS CRIMINELS + 12.9. AUTRES APPELS JLD + 7.2. ACTIVITÉ PÉNALE + 8. TOTAL CORRECTIONNEL + 9. TOTAL INSTRUCTION ET ENTRAIDE + 10. TOTAL APPLICATION DES PEINES + 11. TOTAL CONTENTIEUX CRIMINEL + 13.10. AUTRES FONCTIONNAIRES / JA AFFECTÉS AU PARQUET GÉNÉRAL (Pour Fonction recodée = Fonctionnaire CTECH) | H4: =SUMIF(#REF!,#REF!,$G4:G4) -> #REF! | J4: 11.1. ASSISES HORS JIRS + 11.2 ASSISES JIRS (Pour Fonction recodée = Fonctionnaire A-B-CBUR) | K4: 11.3. COUR CRIMINELLE DÉPARTEMENTALE (Pour Fonction recodée = Fonctionnaire A-B-CBUR) | L4: 8.4. CONTENTIEUX JIRS CRIM-ORG + 8.7. CONTENTIEUX JIRS ÉCO-FI + 9.3. CONTENTIEUX DE LA DÉTENTION JIRS + 9.5. CONTENTIEUX DU CONTRÔLE JUDICIAIRE JIRS + 9.7. CONTENTIEUX DE FOND JIRS (Pour Fonction recodée = Fonctionnaire A-B-CBUR) | N4: 12.5. EXTRADITIONS ET MAE + 12.6. SAISIES ET CONFISCATIONS DES AVOIRS CRIMINELS + 12.9. AUTRES APPELS JLD + 7.2. ACTIVITÉ PÉNALE + 8. TOTAL CORRECTIONNEL + 9. TOTAL INSTRUCTION ET ENTRAIDE + 10. TOTAL APPLICATION DES PEINES + 11. TOTAL CONTENTIEUX CRIMINEL + 13.10. AUTRES FONCTIONNAIRES / JA AFFECTÉS AU PARQUET GÉNÉRAL - SOMME (I4:M4) (Pour Fonction recodée = Fonctionnaire A-B-CBUR) | O4: =SUMIF(#REF!,#REF!,$G4:N4) -> #REF! | P4: 11.1. ASSISES HORS JIRS + 11.2 ASSISES JIRS (Pour Fonction recodée = MAGISTRATS SIEGE) | Q4: 11.3. COUR CRIMINELLE DÉPARTEMENTALE (Pour Fonction recodée = MAGISTRATS SIEGE) | R4: 8.4. CONTENTIEUX JIRS CRIM-ORG + 8.7. CONTENTIEUX JIRS ÉCO-FI + 9.3. CONTENTIEUX DE LA DÉTENTION JIRS + 9.5. CONTENTIEUX DU CONTRÔLE JUDICIAIRE JIRS + 9.7. CONTENTIEUX DE FOND JIRS (Pour Fonction recodée = MAGISTRATS SIEGE) | T4: 12.5. EXTRADITIONS ET MAE + 12.6. SAISIES ET CONFISCATIONS DES AVOIRS CRIMINELS + 12.9. AUTRES APPELS JLD + 7.2. ACTIVITÉ PÉNALE + 8. TOTAL CORRECTIONNEL + 9. TOTAL INSTRUCTION ET ENTRAIDE + 10. TOTAL APPLICATION DES PEINES + 11. TOTAL CONTENTIEUX CRIMINEL - SOMME (P4:S4) (Pour Fonction recodée = MAGISTRATS SIEGE) | U4: =SUMIF(#REF!,#REF!,$G4:T4) -> #REF!
A5: ETPT_CA_JUR | E5: 166-04-NC | F5: Action 4 - Conseil supérieur de la magistrature | H5: =SUMIF(#REF!,#REF!,$G5:G5) -> #REF! | O5: =SUMIF(#REF!,#REF!,$G5:N5) -> #REF! | T5: 13.4 CSM (Pour Fonction recodée = MAGISTRATS SIEGE) | U5: =SUMIF(#REF!,#REF!,$G5:T5) -> #REF!
A6: ETPT_CA_JUR | E6: 166-06-99 | F6: Action 6 - Accueil du justiciable (inclus SAUJ) | G6: 13.8. ACCUEIL DU JUSTICIABLE (Pour Fonction recodée = Fonctionnaire CTECH) | H6: =SUMIF(#REF!,#REF!,$G6:G6) -> #REF! | N6: 13.8. ACCUEIL DU JUSTICIABLE (Pour Fonction recodée = Fonctionnaire A-B-CBUR) | O6: =SUMIF(#REF!,#REF!,$G6:N6) -> #REF! | T6: 13.8. ACCUEIL DU JUSTICIABLE (Pour Fonction recodée = MAGISTRATS SIEGE) | U6: =SUMIF(#REF!,#REF!,$G6:T6) -> #REF!
A7: ETPT_CA_JUR | E7: 166-06-NC | F7: Action 6 - Soutien (Hors accueil du justiciable) | G7: 13.11. ACTIVITÉS EXTÉRIEURES ET PARTENARIATS + 13.13. COMMUNICATION + 13.12. ÉQUIPEMENT + 13.5. EXPERTISES (SUIVI ET LISTES) + 13.2. FORMATIONS SUIVIES + 13.6. MÉDIATION / CONCILIATION (SUIVI ET LISTES) + 13.14. POLITIQUE ASSOCIATIVE ET AIDE AUX VICTIMES + 13.1. SOUTIEN (AUTRES) + 13.15. AUTRES ACTIVITÉS NON JURIDICTIONNELLES (Pour Fonction recodée = Fonctionnaire CTECH) | H7: =SUMIF(#REF!,#REF!,$G7:G7) -> #REF! | N7: 13.11. ACTIVITÉS EXTÉRIEURES ET PARTENARIATS + 13.13. COMMUNICATION + 13.12. ÉQUIPEMENT + 13.5. EXPERTISES (SUIVI ET LISTES) + 13.2. FORMATIONS SUIVIES + 13.6. MÉDIATION / CONCILIATION (SUIVI ET LISTES) + 13.14. POLITIQUE ASSOCIATIVE ET AIDE AUX VICTIMES + 13.1. SOUTIEN (AUTRES) + 13.15. AUTRES ACTIVITÉS NON JURIDICTIONNELLES (Pour Fonction recodée = Fonctionnaire A-B-CBUR) | O7: =SUMIF(#REF!,#REF!,$G7:N7) -> #REF! | T7: 13.11. ACTIVITÉS EXTÉRIEURES ET PARTENARIATS + 13.13. COMMUNICATION + 13.12. ÉQUIPEMENT + 13.5. EXPERTISES (SUIVI ET LISTES) + 13.2. FORMATIONS SUIVIES + 13.6. MÉDIATION / CONCILIATION (SUIVI ET LISTES) + 13.14. POLITIQUE ASSOCIATIVE ET AIDE AUX VICTIMES + 13.1. SOUTIEN (AUTRES) + 13.15. AUTRES ACTIVITÉS NON JURIDICTIONNELLES (Pour Fonction recodée = MAGISTRATS SIEGE) | U7: =SUMIF(#REF!,#REF!,$G7:T7) -> #REF!
A8: ETPT_CA_JUR | E8: 166-07-NC | F8: Action 7 - Formation dispensée | G8: 13.3. FORMATIONS DISPENSÉES (Pour Fonction recodée = Fonctionnaire CTECH) | H8: =SUMIF(#REF!,#REF!,$G8:G8) -> #REF! | N8: 13.3. FORMATIONS DISPENSÉES (Pour Fonction recodée = Fonctionnaire A-B-CBUR) | O8: =SUMIF(#REF!,#REF!,$G8:N8) -> #REF! | T8: 13.3. FORMATIONS DISPENSÉES (Pour Fonction recodée = MAGISTRATS SIEGE) | U8: =SUMIF(#REF!,#REF!,$G8:T8) -> #REF!
A9: ETPT_CA_JUR | E9: 166-08-NC | F9: Action 8 - Support à l'accès au droit et à la justice | G9: 13.7. ACCÈS AU DROIT ET À LA JUSTICE (Pour Fonction recodée = Fonctionnaire CTECH) | H9: =SUMIF(#REF!,#REF!,$G9:G9) -> #REF! | N9: 13.7. ACCÈS AU DROIT ET À LA JUSTICE (Pour Fonction recodée = Fonctionnaire A-B-CBUR) | O9: =SUMIF(#REF!,#REF!,$G9:N9) -> #REF! | T9: 13.7. ACCÈS AU DROIT ET À LA JUSTICE (Pour Fonction recodée = MAGISTRATS SIEGE) | U9: =SUMIF(#REF!,#REF!,$G9:T9) -> #REF!
A10: ETPT_CA_JUR | E10: 166-99-NC | F10: Action 99 - Personnel concourant au programme - à reventiler | G10: 14. TOTAL des INDISPONIBILITÉS relevant de l'action 99 - 14.9. MISE À DISPOSITION (Pour Fonction recodée = Fonctionnaire CTECH) | H10: =SUMIF(#REF!,#REF!,$G10:G10) -> #REF! | N10: 14. TOTAL des INDISPONIBILITÉS relevant de l'action 99 - 14.9. MISE À DISPOSITION (Pour Fonction recodée = Fonctionnaire A-B-CBUR) | O10: =SUMIF(#REF!,#REF!,$G10:N10) -> #REF! | T10: 14. TOTAL des INDISPONIBILITÉS relevant de l'action 99 - 14.9. MISE À DISPOSITION (Pour Fonction recodée = MAGISTRATS SIEGE) | U10: =SUMIF(#REF!,#REF!,$G10:T10) -> #REF!
A11: ETPT_CA_JUR | E11: 166-NC-NC | F11: Etpt autres personnels à reventiler (dont droit local,commercial- rcs, mise à disposition) | G11: 14.9. MISE À DISPOSITION (Pour Fonction recodée = Fonctionnaire CTECH) | H11: =SUMIF(#REF!,#REF!,$G11:G11) -> #REF! | N11: 14.9. MISE À DISPOSITION (Pour Fonction recodée = Fonctionnaire A-B-CBUR) | O11: =SUMIF(#REF!,#REF!,$G11:N11) -> #REF! | T11: 14.9. MISE À DISPOSITION (Pour Fonction recodée = MAGISTRATS SIEGE) | U11: =SUMIF(#REF!,#REF!,$G11:T11) -> #REF!
A12: ETPT_CA_JUR | E12: 166-PA-NC | F12: Etpt placés additionnels | G12: Temps ventilé sur la période A-JUST* (absentéisme et action 99 déduits) (Pour Fonction recodée = Fonctionnaire CTECH placé ADD) Temps ventilé sur la période A-JUST* = figurant dans l'onglet ETPT A-JUST | H12: =SUMIF(#REF!,#REF!,$G12:G12) -> #REF! | I12: 13.9. FONCTIONNAIRES / JA AFFECTÉS AUX ACTIVITÉS CIVILES ET COMMERCIALES DU PARQUET GÉNÉRAL* (Pour Fonction recodée = Fonctionnaire A-B-CBUR placé ADD) *figurant dans l'onglet ETPT A-JUST | J12: 11.1. ASSISES HORS JIRS + 11.2 ASSISES JIRS* (Pour Fonction recodée = Fonctionnaire A-B-CBUR placé ADD) *figurant dans l'onglet ETPT A-JUST | K12: 11.3. COUR CRIMINELLE DÉPARTEMENTALE* (Pour Fonction recodée = Fonctionnaire A-B-CBUR placé ADD) *figurant dans l'onglet ETPT A-JUST | L12: 8.4. CONTENTIEUX JIRS CRIM-ORG + 8.7. CONTENTIEUX JIRS ÉCO-FI + 9.3. CONTENTIEUX DE LA DÉTENTION JIRS + 9.5. CONTENTIEUX DU CONTRÔLE JUDICIAIRE JIRS + 9.7. CONTENTIEUX DE FOND JIRS* (Pour Fonction recodée = Fonctionnaire A-B-CBUR placé ADD) *figurant dans l'onglet ETPT A-JUST | M12: 1. TOTAL CONTENTIEUX SOCIAL* (Pour Fonction recodée = Fonctionnaire A-B-CBUR placé ADD) *figurant dans l'onglet ETPT A-JUST | N12: Temps ventilé sur la période A-JUST* (absentéisme et action 99 déduits) - SOMME (I12:M12) (Pour Fonction recodée = Fonctionnaire A-B-CBUR placé ADD) Temps ventilé sur la période A-JUST* = figurant dans l'onglet ETPT A-JUST | O12: =SUMIF(#REF!,#REF!,$G12:N12) -> #REF! | P12: 11.1. ASSISES HORS JIRS + 11.2 ASSISES JIRS* (Pour Fonction recodée = MAGISTRAT placé ADD) *figurant dans l'onglet ETPT A-JUST | Q12: 11.3. COUR CRIMINELLE DÉPARTEMENTALE* (Pour Fonction recodée = MAGISTRAT placé ADD) *figurant dans l'onglet ETPT A-JUST | R12: 8.4. CONTENTIEUX JIRS CRIM-ORG + 8.7. CONTENTIEUX JIRS ÉCO-FI + 9.3. CONTENTIEUX DE LA DÉTENTION JIRS + 9.5. CONTENTIEUX DU CONTRÔLE JUDICIAIRE JIRS + 9.7. CONTENTIEUX DE FOND JIRS* (Pour Fonction recodée = MAGISTRAT placé ADD) *figurant dans l'onglet ETPT A-JUST | S12: 1. TOTAL CONTENTIEUX SOCIAL* (Pour Fonction recodée = MAGISTRAT placé ADD) *figurant dans l'onglet ETPT A-JUST | T12: Temps ventilé sur la période A-JUST* (absentéisme et action 99 déduits) - SOMME (P12:S12) (Pour Fonction recodée = MAGISTRAT placé ADD) Temps ventilé sur la période A-JUST* = figurant dans l'onglet ETPT A-JUST | U12: =SUMIF(#REF!,#REF!,$G12:T12) -> #REF!
A13: ETPT_CA_JUR | E13: 166-PN-NC | F13: Etpt placés absents non affectés | G13: à reporter manuellement dans l'onglet SAR (cf infra ligne 18 = valeur de ce qui est saisi sur A-JUST CA) | H13: =SUMIF(#REF!,#REF!,$G13:G13) -> #REF! | N13: à reporter manuellement dans l'onglet SAR (cf infra ligne 18 = valeur de ce qui est saisi sur A-JUST CA) | O13: =SUMIF(#REF!,#REF!,$G13:N13) -> #REF! | T13: 14. TOTAL INDISPONIBILITÉ* (Pour Fonction recodee = Magistrat placé ADD + Magistrat placé SUB) *figurant dans l'onglet ETPT A-JUST, hors délégation TJ | U13: =SUMIF(#REF!,#REF!,$G13:T13) -> #REF!
A14: ETPT_CA_JUR | E14: 166-PS-NC | F14: Etpt placés de substitution | G14: Temps ventilé sur la période A-JUST* (absentéisme et action 99 déduits) (Pour Fonction recodée = Fonctionnaire CTECH placé SUB) Temps ventilé sur la période A-JUST* = l'ETPT figurant dans l'onglet ETPT A-JUST | H14: =SUMIF(#REF!,#REF!,$G14:G14) -> #REF! | I14: 13.9. FONCTIONNAIRES / JA AFFECTÉS AUX ACTIVITÉS CIVILES ET COMMERCIALES DU PARQUET GÉNÉRAL* (Pour Fonction recodée = Fonctionnaire A-B-CBUR placé SUB) *figurant dans l'onglet ETPT A-JUST | J14: 11.1. ASSISES HORS JIRS + 11.2 ASSISES JIRS* (Pour Fonction recodée = Fonctionnaire A-B-CBUR placé SUB) *figurant dans l'onglet ETPT A-JUST | K14: 11.3. COUR CRIMINELLE DÉPARTEMENTALE* (Pour Fonction recodée = Fonctionnaire A-B-CBUR placé SUB) *figurant dans l'onglet ETPT A-JUST | L14: 8.4. CONTENTIEUX JIRS CRIM-ORG + 8.7. CONTENTIEUX JIRS ÉCO-FI + 9.3. CONTENTIEUX DE LA DÉTENTION JIRS + 9.5. CONTENTIEUX DU CONTRÔLE JUDICIAIRE JIRS + 9.7. CONTENTIEUX DE FOND JIRS* (Pour Fonction recodée = Fonctionnaire A-B-CBUR placé SUB) *figurant dans l'onglet ETPT A-JUST | M14: 1. TOTAL CONTENTIEUX SOCIAL* (Pour Fonction recodée = Fonctionnaire A-B-CBUR placé SUB) *figurant dans l'onglet ETPT A-JUST | N14: Temps ventilé sur la période A-JUST* (absentéisme et action 99 déduits) - SOMME (I14:M14) (Pour Fonction recodée = Fonctionnaire A-B-CBUR placé SUB) Temps ventilé sur la période A-JUST* = figurant dans l'onglet ETPT A-JUST | O14: =SUMIF(#REF!,#REF!,$G14:N14) -> #REF! | P14: 11.1. ASSISES HORS JIRS + 11.2 ASSISES JIRS* (Pour Fonction recodée = MAGISTRATS SIEGE placé SUB) *figurant dans l'onglet ETPT A-JUST | Q14: 11.3. COUR CRIMINELLE DÉPARTEMENTALE* (Pour Fonction recodée = MAGISTRATS SIEGE placé SUB)) *figurant dans l'onglet ETPT A-JUST | R14: 8.4. CONTENTIEUX JIRS CRIM-ORG + 8.7. CONTENTIEUX JIRS ÉCO-FI + 9.3. CONTENTIEUX DE LA DÉTENTION JIRS + 9.5. CONTENTIEUX DU CONTRÔLE JUDICIAIRE JIRS + 9.7. CONTENTIEUX DE FOND JIRS* (Pour Fonction recodée = MAGISTRATS SIEGE placé SUB) *figurant dans l'onglet ETPT A-JUST | S14: 1. TOTAL CONTENTIEUX SOCIAL* (Pour Fonction recodée = MAGISTRATS SIEGE placé SUB) *figurant dans l'onglet ETPT A-JUST | T14: Temps ventilé sur la période A-JUST* (absentéisme et action 99 déduits) - SOMME (P14:S14) (Pour Fonction recodée = MAGISTRATS SIEGE placé SUB) Temps ventilé sur la période A-JUST* = figurant dans l'onglet ETPT A-JUST | U14: =SUMIF(#REF!,#REF!,$G14:T14) -> #REF!
F15: TOTAL ETPT | G15: =SUMIF($C$3:$C14,$C14,G$3:G14) -> 0 | H15: =SUMIF($C$3:$C14,$C14,H$3:H14) -> 0 | I15: =SUMIF($C$3:$C14,$C14,I$3:I14) -> 0 | J15: =SUMIF($C$3:$C14,$C14,J$3:J14) -> 0 | K15: =SUMIF($C$3:$C14,$C14,K$3:K14) -> 0 | L15: =SUMIF($C$3:$C14,$C14,L$3:L14) -> 0 | M15: =SUMIF($C$3:$C14,$C14,M$3:M14) -> 0 | N15: =SUMIF($C$3:$C14,$C14,N$3:N14) -> 0 | O15: =SUMIF(#REF!,#REF!,$G15:N15) -> #REF! | P15: =SUMIF($C$3:$C14,$C14,P$3:P14) -> 0 | Q15: =SUMIF($C$3:$C14,$C14,Q$3:Q14) -> 0 | R15: =SUMIF($C$3:$C14,$C14,R$3:R14) -> 0 | S15: =SUMIF($C$3:$C14,$C14,S$3:S14) -> 0 | T15: =SUMIF($C$3:$C14,$C14,T$3:T14) -> 0 | U15: =SUMIF($C$3:$C14,$C14,U$3:U14) -> 0
F17: Indisponibilité des placés à reporter sur le SAR, ligne "Etpt placés absents non affectés", colonne C-TECH | G17: 14. TOTAL INDISPONIBILITÉ* (Pour Fonctions recodées = Fonctionnaire CTECH placé ADD Fonctionnaire CTECH placé SUB) *figurant dans l'onglet ETPT A-JUST, hors délégation TJ | M17: Indisponibilité des placés à reporter sur le SAR, ligne "Etpt placés absents non affectés", colonne ABC-BUR | N17: 14. TOTAL INDISPONIBILITÉ* (Pour Fonctions recodées = Fonctionnaire A-B-CBUR placé ADD ou Fonctionnaire A-B-CBUR placé SUB) *figurant dans l'onglet ETPT A-JUST, hors délégation TJ

Sheet ETPT_ATTACHES_JUSTICE Corresp
A1: DÉCLARATION ETPT ATTACHES DE JUSTICE (JURISTES ASSISTANTS)
F2: JURISTE AS | G2: JURISTE AS | H2: JURISTE AS | I2: JURISTE AS | J2: JURISTE AS | K2: JURISTE AS | L2: JURISTE AS | M2: JURISTE AS | N2: JURISTE AS | O2: JURISTE AS | P2: Total ETPT AJ_JA
F3: JA_CONT_A_JP | G3: CONT_A_JP_VIF_PARQUET | H3: JUR_ASS_CH_SOC | I3: JUR_ASS_SIEGE | J3: JUR_ASS_PARQUET | K3: JUR_ASS_TASS | L3: JUR_ASS_JAP | M3: JUR_ASS_JE | N3: JUR_ASS_JINST | O3: JUR_ASS_JLD
A4: UO | B4: Code de la juridiction | C4: Juridiction | D4: Sous action | E4: Action | F4: ETPT de contractuels a j prox et a vif | G4: ETPT de contractuels a j prox et a vif au parquet | H4: ETPT juristes assistants chambres sociales (CA) | I4: ETPT juristes assistants siège autres | J4: ETPT juristes assistants au parquet | K4: ETPT juristes assistants pôle social (TJ) | L4: ETPT juristes assistants affectés aux JAP | M4: ETPT juristes assistants affectés aux JE | N4: ETPT juristes assistants affectés aux Juge d'instruction | O4: ETPT juristes assistants affectés aux JLD
D5: 166-01-NC | E5: Action 1 - Traitement et jugement des contentieux civils | F5: 1. TOTAL CONTENTIEUX SOCIAL + 2. TOTAL CONTENTIEUX COMMERCIAL + 3. TOTAL CONTENTIEUX DE LA FAMILLE + 4. TOTAL CONTENTIEUX DE LA PROTECTION + 5. TOTAL CONTENTIEUX CIVIL NON SPÉCIALISÉ + 12. TOTAL ATTRIBUTIONS DU PP - 12.5. EXTRADITIONS ET MAE - 12.6. SAISIES ET CONFISCATIONS DES AVOIRS CRIMINELS - 12.9. AUTRES APPELS JLD + 7.1. ACTIVITÉ CIVILE Fonction recodée = CONT A JP SIEGE + CONT A VIF SIEGE + CONT A JP PARQUET + CONT A VIF PARQUET | G5: 13.9. FONCTIONNAIRES / JA AFFECTÉS AUX ACTIVITÉS CIVILES ET COMMERCIALES DU PARQUET GÉNÉRAL Fonction recodée = CONT A JP SIEGE + CONT A VIF SIEGE + CONT A JP PARQUET + CONT A VIF PARQUET | H5: 1. TOTAL CONTENTIEUX SOCIAL Fonction recodée = Att.J/JA PARQUET + Att.J/JA SIEGE AUTRES + Att.J/JA SOCIAL | I5: 2. TOTAL CONTENTIEUX COMMERCIAL + 3. TOTAL CONTENTIEUX DE LA FAMILLE + 4. TOTAL CONTENTIEUX DE LA PROTECTION + 5. TOTAL CONTENTIEUX CIVIL NON SPÉCIALISÉ + 12. TOTAL ATTRIBUTIONS DU PP - 12.5. EXTRADITIONS ET MAE - 12.6. SAISIES ET CONFISCATIONS DES AVOIRS CRIMINELS - 12.9. AUTRES APPELS JLD + 7.1. ACTIVITÉ CIVILE Fonction recodée = Att.J/JA PARQUET + Att.J/JA SIEGE AUTRES + Att.J/JA SOCIAL | J5: 13.9. FONCTIONNAIRES / JA AFFECTÉS AUX ACTIVITÉS CIVILES ET COMMERCIALES DU PARQUET GÉNÉRAL Fonction recodée = Att.J/JA PARQUET + Att.J/JA SIEGE AUTRES + Att.J/JA SOCIAL | P5: =SUMIF($G$2:O$2,O$2,$G5:O5) -> 0
D6: 166-02-NC | E6: Action 2 - Traitement et jugement des affaires pénales | F6: 12.5. EXTRADITIONS ET MAE + 12.6. SAISIES ET CONFISCATIONS DES AVOIRS CRIMINELS + 12.9. AUTRES APPELS JLD + 7.2. ACTIVITÉ PÉNALE + 8. TOTAL CORRECTIONNEL + 9. TOTAL INSTRUCTION ET ENTRAIDE + 10. TOTAL APPLICATION DES PEINES + 11. TOTAL CONTENTIEUX CRIMINEL Fonction recodée = CONT A JP SIEGE + CONT A VIF SIEGE + CONT A JP PARQUET + CONT A VIF PARQUET | G6: 13.10. AUTRES FONCTIONNAIRES / JA AFFECTÉS AU PARQUET GÉNÉRAL Fonction recodée = CONT A JP SIEGE + CONT A VIF SIEGE + CONT A JP PARQUET + CONT A VIF PARQUET | I6: 12.5. EXTRADITIONS ET MAE + 12.6. SAISIES ET CONFISCATIONS DES AVOIRS CRIMINELS + 12.9. AUTRES APPELS JLD + 7.2. ACTIVITÉ PÉNALE + 8. TOTAL CORRECTIONNEL + 9. TOTAL INSTRUCTION ET ENTRAIDE + 10. TOTAL APPLICATION DES PEINES + 11. TOTAL CONTENTIEUX CRIMINEL Fonction recodée = Att.J/JA PARQUET + Att.J/JA SIEGE AUTRES + Att.J/JA SOCIAL | J6: 13.10. AUTRES FONCTIONNAIRES / JA AFFECTÉS AU PARQUET GÉNÉRAL Fonction recodée = Att.J/JA PARQUET + Att.J/JA SIEGE AUTRES + Att.J/JA SOCIAL | P6: =SUMIF($G$2:O$2,O$2,$G6:O6) -> 0
D7: 166-06-99 | E7: Action 6 - Accueil du justiciable (inclus SAUJ) | F7: 13.8. ACCUEIL DU JUSTICIABLE Fonction recodée = CONT A JP SIEGE + CONT A VIF SIEGE | G7: 13.8. ACCUEIL DU JUSTICIABLE Fonction recodée = CONT A JP PARQUET + CONT A VIF PARQUET | H7: 13.8. ACCUEIL DU JUSTICIABLE Fonction recodée = Att.J/JA SOCIAL | I7: 13.8. ACCUEIL DU JUSTICIABLE Fonction recodée = Att.J/JA SIEGE AUTRES | J7: 13.8. ACCUEIL DU JUSTICIABLE Fonction recodée = Att.J/JA PARQUET | P7: =SUMIF($G$2:O$2,O$2,$G7:O7) -> 0
D8: 166-06-NC | E8: Action 6 - Soutien (Hors accueil du justiciable) | F8: 13.11. ACTIVITÉS EXTÉRIEURES ET PARTENARIATS + 13.13. COMMUNICATION + 13.12. ÉQUIPEMENT + 13.5. EXPERTISES (SUIVI ET LISTES) + 13.2. FORMATIONS SUIVIES + 13.6. MÉDIATION / CONCILIATION (SUIVI ET LISTES) + 13.14. POLITIQUE ASSOCIATIVE ET AIDE AUX VICTIMES + 13.1. SOUTIEN (AUTRES) + 13.15. AUTRES ACTIVITÉS NON JURIDICTIONNELLES Fonction recodée = CONT A JP SIEGE + CONT A VIF SIEGE | G8: 13.11. ACTIVITÉS EXTÉRIEURES ET PARTENARIATS + 13.13. COMMUNICATION + 13.12. ÉQUIPEMENT + 13.5. EXPERTISES (SUIVI ET LISTES) + 13.2. FORMATIONS SUIVIES + 13.6. MÉDIATION / CONCILIATION (SUIVI ET LISTES) + 13.14. POLITIQUE ASSOCIATIVE ET AIDE AUX VICTIMES + 13.1. SOUTIEN (AUTRES) + 13.15. AUTRES ACTIVITÉS NON JURIDICTIONNELLES Fonction recodée = CONT A JP PARQUET + CONT A VIF PARQUET | H8: 13.11. ACTIVITÉS EXTÉRIEURES ET PARTENARIATS + 13.13. COMMUNICATION + 13.12. ÉQUIPEMENT + 13.5. EXPERTISES (SUIVI ET LISTES) + 13.2. FORMATIONS SUIVIES + 13.6. MÉDIATION / CONCILIATION (SUIVI ET LISTES) + 13.14. POLITIQUE ASSOCIATIVE ET AIDE AUX VICTIMES + 13.1. SOUTIEN (AUTRES) + 13.15. AUTRES ACTIVITÉS NON JURIDICTIONNELLES Fonction recodée = Att.J/JA SOCIAL | I8: 13.11. ACTIVITÉS EXTÉRIEURES ET PARTENARIATS + 13.13. COMMUNICATION + 13.12. ÉQUIPEMENT + 13.5. EXPERTISES (SUIVI ET LISTES) + 13.2. FORMATIONS SUIVIES + 13.6. MÉDIATION / CONCILIATION (SUIVI ET LISTES) + 13.14. POLITIQUE ASSOCIATIVE ET AIDE AUX VICTIMES + 13.1. SOUTIEN (AUTRES) + 13.15. AUTRES ACTIVITÉS NON JURIDICTIONNELLES Fonction recodée = Att.J/JA SIEGE AUTRES | J8: 13.11. ACTIVITÉS EXTÉRIEURES ET PARTENARIATS + 13.13. COMMUNICATION + 13.12. ÉQUIPEMENT + 13.5. EXPERTISES (SUIVI ET LISTES) + 13.2. FORMATIONS SUIVIES + 13.6. MÉDIATION / CONCILIATION (SUIVI ET LISTES) + 13.14. POLITIQUE ASSOCIATIVE ET AIDE AUX VICTIMES + 13.1. SOUTIEN (AUTRES) + 13.15. AUTRES ACTIVITÉS NON JURIDICTIONNELLES Fonction recodée = Att.J/JA PARQUET | P8: =SUMIF($G$2:O$2,O$2,$G8:O8) -> 0
D9: 166-07-NC | E9: Action 7 - Formation dispensée | F9: 13.3. FORMATIONS DISPENSÉES Fonction recodée = CONT A JP SIEGE + CONT A VIF SIEGE | G9: 13.3. FORMATIONS DISPENSÉES Fonction recodée = CONT A JP PARQUET + CONT A VIF PARQUET | H9: 13.3. FORMATIONS DISPENSÉES Fonction recodée = Att.J/JA SOCIAL | I9: 13.3. FORMATIONS DISPENSÉES Fonction recodée = Att.J/JA SIEGE AUTRES | J9: 13.3. FORMATIONS DISPENSÉES Fonction recodée = Att.J/JA PARQUET | P9: =SUMIF($G$2:O$2,O$2,$G9:O9) -> 0
D10: 166-08-NC | E10: Action 8 - Support à l'accès au droit et à la justice | F10: 13.7. ACCÈS AU DROIT ET À LA JUSTICE Fonction recodée = CONT A JP SIEGE + CONT A VIF SIEGE | G10: 13.7. ACCÈS AU DROIT ET À LA JUSTICE Fonction recodée = CONT A JP PARQUET + CONT A VIF PARQUET | H10: 13.7. ACCÈS AU DROIT ET À LA JUSTICE Fonction recodée = Att.J/JA SOCIAL | I10: 13.7. ACCÈS AU DROIT ET À LA JUSTICE Fonction recodée = Att.J/JA SIEGE AUTRES | J10: 13.7. ACCÈS AU DROIT ET À LA JUSTICE Fonction recodée = Att.J/JA PARQUET | P10: =SUMIF($G$2:O$2,O$2,$G10:O10) -> 0
D11: 166-99-NC | E11: Action 99 - Personnel concourant au programme - à reventiler | F11: 14. TOTAL des INDISPONIBILITÉS relevant de l'action 99 - 14.9. MISE À DISPOSITION Fonction recodée = CONT A JP SIEGE + CONT A VIF SIEGE | G11: 14. TOTAL des INDISPONIBILITÉS relevant de l'action 99 - 14.9. MISE À DISPOSITION Fonction recodée = CONT A JP PARQUET + CONT A VIF PARQUET | H11: 14. TOTAL des INDISPONIBILITÉS relevant de l'action 99 - 14.9. MISE À DISPOSITION Fonction recodée = Att.J/JA SOCIAL | I11: 14. TOTAL des INDISPONIBILITÉS relevant de l'action 99 - 14.9. MISE À DISPOSITION Fonction recodée = Att.J/JA SIEGE AUTRES | J11: 14. TOTAL des INDISPONIBILITÉS relevant de l'action 99 - 14.9. MISE À DISPOSITION Fonction recodée = Att.J/JA PARQUET | P11: =SUMIF($G$2:O$2,O$2,$G11:O11) -> 0
D12: 166-NC-NC | E12: Etpt autres personnels à reventiler (dont droit local,commercial- rcs, mise à disposition) | F12: 14.9. MISE À DISPOSITION Fonction recodée = CONT A JP SIEGE + CONT A VIF SIEGE | G12: 14.9. MISE À DISPOSITION Fonction recodée = CONT A JP PARQUET + CONT A VIF PARQUET | H12: 14.9. MISE À DISPOSITION Fonction recodée = Att.J/JA SOCIAL | I12: 14.9. MISE À DISPOSITION Fonction recodée = Att.J/JA SIEGE AUTRES | J12: 14.9. MISE À DISPOSITION Fonction recodée = Att.J/JA PARQUET | P12: =SUMIF($G$2:O$2,O$2,$G12:O12) -> 0
E13: TOTAL ETPT | F13: =SUMIF($C$5:$C12,$C12,F$5:F12) -> 0 | G13: =SUMIF($C$5:$C12,$C12,G$5:G12) -> 0 | H13: =SUMIF($C$5:$C12,$C12,H$5:H12) -> 0 | I13: =SUMIF($C$5:$C12,$C12,I$5:I12) -> 0 | J13: =SUMIF($C$5:$C12,$C12,J$5:J12) -> 0 | K13: =SUMIF($C$5:$C12,$C12,K$5:K12) -> 0 | L13: =SUMIF($C$5:$C12,$C12,L$5:L12) -> 0 | M13: =SUMIF($C$5:$C12,$C12,M$5:M12) -> 0 | ... P13: =SUMIF($C$5:$C12,$C12,P$5:P12) -> 0
