Workbook

Sheet ACCUEIL
C1: Bienvenue dans l'extraction de vos données d'effectifs ! | H1: #! END_ROW
C2: Ce fichier Excel a été extrait automatiquement de votre application A-JUST. Retrouvez ci-dessous quelques indications pour y naviguer en toute fluidité. | H2: #! END_ROW
H3: #! END_ROW
B4: Nom de l'onglet | C4: Description rapide | D4: Usage | E4: Pour une présentation complète | H4: #! END_ROW
B5: ETPT A-JUST | C5: Retrouvez le détail des ventilations individuelles de chaque agent, agrégées sur la période pour laquelle vous avez extrait les données, à l'identique de ce que vous avez renseigné dans A-JUST. | D5: Tout au long de l'année, consultez le détail des affectations de chaque agent, calculées en ETPT, pour la période choisie. | E5: #! HYPERLINK firstLink.label firstLink.url | H5: #! END_ROW
B6: ETPT Format DDG | C6: Vous y trouverez les données individuelles, retraitées conformément aux règles de calcul de la Chancellerie, en procédant à la réintégration de certaines indisponibilités considérées comme de l'absentéisme, ne déduisant pas d'ETPT. | D6: Afin de préparer la collecte de vos ETPT dans les matrices de la DSJ certaines précisions doivent être apportées dans cet onglet. | E6: #! HYPERLINK secondLink.label secondLink.url | H6: #! END_ROW
B7: Agrégats DDG | C7: Pour chaque juridiction de l'arrondissement judiciaire, cette synthèse présente les ETPT affectés, par catégorie d'agent, à chaque contentieux ou sous-contentieux, l'absentéisme étant réintégré comme dans l'onglet "ETPT Format DDG". | D7: N'hésitez pas à la consulter toute l'année, pour les périodes de votre choix. | E7: #! HYPERLINK firstLink.label firstLink.url | H7: #! END_ROW
B8: ETPT_TJ_DDG | C8: Les tableaux de la Chancellerie, préremplis grâce aux informations saisies dans A-JUST et aux précisions apportées dans l'onglet ETPT Format DDG. Pour les Tribunaux de proximité et CPH, sélectionnez la juridiction dans la cellule D5 et vos tableaux seront prêts ! | D8: Ces données sont prérenseignées dans les tableaux de collecte des ETPT de la Chancellerie mais restent soumises à votre contrôle et éventuels ajustements avant transmission. | E8: #! HYPERLINK thirdLink.label thirdLink.url | H8: #! END_ROW
B9: ETPT_TPRX-DDG | H9: #! END_ROW
B10: ETPT_CPH_DDG | H10: #! END_ROW
H11: #! END_ROW
C12: Ce fichier, permettant de remplir automatiquement les tableaux de collecte d'ETPT de la Chancellerie à partir des données A-JUST, résulte de la collaboration de l'équipe de la start-up d'Etat A-JUST avec Mme Nathalie DE JONG, statisticienne du SAIR de la Cour d'Appel de LYON. Qu'elle soit ici vivement remerciée, ainsi que sa hiérarchie qui l'a autorisée à consacrer un temps aussi précieux qu'irremplaçable à écrire les formules de calcul permettant d'automatiser l'alimentation des tableaux DDG et faire ainsi gagner à nos utilisateurs un temps considérable chaque année. | H12: #! END_ROW
H13: #! END_ROW
A14: Pour toute question, n'hésitez pas à contacter l'équipe A-JUST : support-utilisateurs@a-just.fr | H14: #! END_ROW
H15: #! FINISH

Sheet ETPT A-JUST
A1: Extracteur de données d'effectifs | G1: #! DUMP_COLS subtitles | H1: #! END_ROW
A2: #! DUMP_COLS days | B2: #! FOR_EACH w stats
A3: #! DUMP_COLS w.actions | B3: #! CONTINUE w
A4: #! DUMP_COLS w.actions | B4: #! END_LOOP w
B5: #! FINISH

Sheet ETPT Format DDG
A1: Extracteur de données d'effectifs - Format DDG (avec réintégration de l'absentéisme) | G1: #! DUMP_COLS subtitles | EA1: RECAPITULATIF | EG1: #! END_ROW
A2: #! DUMP_COLS days1 | B2: #! FOR_EACH x stats1 | EA2: Fonction recodée | EB2: Temps ventilés sur la période (contentieux sociaux civils et commerciaux) | EC2: Temps ventilés sur la période (service pénal) | ED2: Temps ventilés sur la période (hors indisponibilité) | EE2: Soutien (Hors accueil du justiciable) | EF2: Temps ventilés sur la période (y.c. indisponibilité)
A3: #! DUMP_COLS x.actions | B3: #! END_LOOP x
B4: #! FINISH
EH5: Temps ventilés sur la période (contentieux sociaux civils et commerciaux) = somme des postes 1. Contentieux social, 2. Contentieux commercial, 3. Contentieux de la famille, 4. Contentieux de la protection, 5. Contentieux civil non spécialisé, Contentieux des mineurs/7.1 Activité civile, 12. Attributions du PP, de la nomenclature A-JUST.
EH6: Temps ventilés sur la période (service pénal) = somme des postes Contentieux des mineurs/7.2 Activité pénale, 8. Correctionnel, 9. Instruction et entraide, 10. Application des peines, 11. Contentieux criminel, de la nomenclature A-JUST.
EH7: Temps ventilés sur la période (hors indisponibilité) = somme de Temps ventilés sur la période (contentieux sociaux civils et commerciaux), Temps ventilés sur la période (service pénal), 13. Autres activités, de la nomenclature A-JUST.
EH8: Temps ventilés sur la période (y.c. indisponibilité) = somme de Temps ventilés sur la période (contentieux sociaux civils et commerciaux), Temps ventilés sur la période (service pénal), 13. Autres activités, 14. Indisponibilité de la nomenclature A-JUST.
EH9: Fonction recodée (créer en parallèle une table de correspondance pour chaque fonction) avec les modalités recodées suivantes : Magistrats SIEGE ; Magistrats placés ADD ; Magistrats placés SUB ; Fonctionnaires CTECH ; Fonctionnaire CTECH placé ADD ; Fonctionnaire CTECH placé SUB ; Fonctionnaires A-B-CBUR ; Fonctionnaire A-B-CBUR placé ADD ; Fonctionnaire A-B-CBUR placé SUB ; JURISTE AS chambres sociales ; JURISTE AS siège Autres ; JURISTE AS parquet général ; JURISTE AS chambres sociales placé ADD ; JURISTE AS siège Autres placé ADD ; JURISTE AS parquet général placé ADD ; JURISTE AS chambres sociales placé SUB ; JURISTE AS siège Autres placé SUB ; JURISTE AS parquet général placé SUB.
EH10: Soutien (Hors accueil du justiciable) = somme des postes 13.11 Activités extérieures et partenariats, 13.12 Equipement, 13.13 Communication, 13.14 Politique associative et aide aux victimes, 13.1 Soutien (autres), 13.2 Formations suivies, 13.5 Expertises (suivi et listes), 13.6 Médiation / conciliation (suivi et listes).

Sheet Agrégats DDG
C1: Agrégats DDG | J1: #! DUMP_COLS subtitles | K1: #! END_ROW
A2: Selectionner une juridiction | B2: Code | C2: #! END_ROW
A3: #` ${arrondissement} | B3: =VLOOKUP(A3,'codage tribunal'!A:B,2,FALSE) -> #N/A | C3: #! END_ROW
G4: SIEGE | N4: GREFFE | U4: EQUIPE AUTOUR DU MAGISTRAT | X4: #! END_ROW
G5: Magistrats hors placés | H5: %age de l'ETPT | I5: Magistrats placés additionnels | J5: Magistrats placés de substitution | K5: Contractuels et vacataires | L5: TOTAL SIEGE | M5: %age de l'ETPT | N5: Fonctionnaires hors placés | O5: %age de l'ETPT | P5: Fonctionnaires placés additionnels | Q5: Fonctionnaires placés de substitution | R5: Contractuels et vacataires | S5: TOTAL GREFFE | T5: %age de l'ETPT | U5: Contractuels et vacataires | V5: %age de l'ETPT | W5: #! FOR_EACH y agregat
C6: ## y.global | D6: ## y.global1 | E6: ## y.sub | F6: ## y.sub1 | G6: =SUMIFS(INDEX('ETPT Format DDG'!$A:$DU,,IFERROR(MATCH(E6,'ETPT Format DDG'!$2:$2,0),MATCH(C6,'ETPT Format DDG'!$2:$2,0))),'ETPT Format DDG'!$I:$I,"M-TIT",'ETPT Format DDG'!$C:$C,$A$3) -> #N/A | H6: =IF(AND(OR(LEFT(C6,3)="12.",LEFT(E6,3)="12.",LEFT(E6,5)="CET >",IFERROR(G6/$G$6,"")=0),NOT(AND(LEFT(E6,5)="12.31",IFERROR(G6/$G$6,"")<>0)),NOT(AND(LEFT(E6,5)="12.32",IFERROR(G6/$G$6,"")<>0))),"", IFERROR(G6/$G$6,"")) | I6: =SUMIFS(INDEX('ETPT Format DDG'!$A:$DU,,IFERROR(MATCH(E6,'ETPT Format DDG'!$2:$2,0),MATCH(C6,'ETPT Format DDG'!$2:$2,0))),'ETPT Format DDG'!$I:$I,"M-PLAC-ADD",'ETPT Format DDG'!$C:$C,$A$3) -> #N/A | J6: =SUMIFS(INDEX('ETPT Format DDG'!$A:$DU,,IFERROR(MATCH(E6,'ETPT Format DDG'!$2:$2,0),MATCH(C6,'ETPT Format DDG'!$2:$2,0))),'ETPT Format DDG'!$I:$I,"M-PLAC-SUB",'ETPT Format DDG'!$C:$C,$A$3) -> #N/A | K6: =SUMIFS( INDEX('ETPT Format DDG'!$A:$DU, , IFERROR(MATCH(E6,'ETPT Format DDG'!$2:$2,0),MATCH(C6,'ETPT Format DDG'!$2:$2,0)) ),'ETPT Format DDG'!$I:$I,"C", 'ETPT Format DDG'!$C:$C,$A$3, 'ETPT Format DDG'!$G:$G,"Magistrat") -> #N/A | L6: =SUMIFS( INDEX('ETPT Format DDG'!$A:$DU, , IFERROR(MATCH(E6,'ETPT Format DDG'!$2:$2,0),MATCH(C6,'ETPT Format DDG'!$2:$2,0)) ), 'ETPT Format DDG'!$C:$C,$A$3, 'ETPT Format DDG'!$G:$G,"Magistrat") -> #N/A | M6: =IF(AND(OR(LEFT(C6,3)="12.",LEFT(E6,3)="12.",LEFT(E6,5)="CET >", IFERROR(L6/$L$6,"")=0),NOT(AND(LEFT(E6,5)="12.31",IFERROR(L6/$G$6,"")<>0)),NOT(AND(LEFT(E6,5)="12.32",IFERROR(L6/$G$6,"")<>0))),"", IFERROR(L6/$L$6,"")) | N6: =SUMIFS(INDEX('ETPT Format DDG'!$A:$DU,,IFERROR(MATCH(E6,'ETPT Format DDG'!$2:$2,0),MATCH(C6,'ETPT Format DDG'!$2:$2,0))),'ETPT Format DDG'!$I:$I,"F-TIT",'ETPT Format DDG'!$C:$C,$A$3) -> #N/A | O6: =IF(AND(OR(LEFT(C6,3)="12.",LEFT(E6,3)="12.",LEFT(E6,5)="CET >",IFERROR(N6/$N$6,"")=0),NOT(AND(LEFT(E6,5)="12.31",IFERROR(N6/$G$6,"")<>0)),NOT(AND(LEFT(E6,5)="12.32",IFERROR(N6/$G$6,"")<>0))),"",IFERROR(N6/$N$6,"")) | P6: =SUMIFS(INDEX('ETPT Format DDG'!$A:$DU,,IFERROR(MATCH(E6,'ETPT Format DDG'!$2:$2,0),MATCH(C6,'ETPT Format DDG'!$2:$2,0))),'ETPT Format DDG'!$I:$I,"F-PLAC-ADD",'ETPT Format DDG'!$C:$C,$A$3) -> #N/A | Q6: =SUMIFS(INDEX('ETPT Format DDG'!$A:$DU,,IFERROR(MATCH(E6,'ETPT Format DDG'!$2:$2,0),MATCH(C6,'ETPT Format DDG'!$2:$2,0))),'ETPT Format DDG'!$I:$I,"F-PLAC-SUB",'ETPT Format DDG'!$C:$C,$A$3) -> #N/A | R6: =SUMIFS(INDEX('ETPT Format DDG'!$A:$DU,,IFERROR(MATCH(E6,'ETPT Format DDG'!$2:$2,0),MATCH(C6,'ETPT Format DDG'!$2:$2,0))),'ETPT Format DDG'!$I:$I,"C",'ETPT Format DDG'!$C:$C,$A$3,'ETPT Format DDG'!$G:$G,"Greffe") -> #N/A | S6: =SUMIFS( INDEX('ETPT Format DDG'!$A:$DU, , IFERROR(MATCH(E6,'ETPT Format DDG'!$2:$2,0),MATCH(C6,'ETPT Format DDG'!$2:$2,0)) ), 'ETPT Format DDG'!$C:$C,$A$3, 'ETPT Format DDG'!$G:$G,"Greffe") -> #N/A | T6: =IF(AND(OR(LEFT(C6,3)="12.",LEFT(E6,3)="12.",LEFT(E6,5)="CET >",IFERROR(S6/$S$6,"")=0),NOT(AND(LEFT(E6,5)="12.31",IFERROR(S6/$G$6,"")<>0)),NOT(AND(LEFT(E6,5)="12.32",IFERROR(S6/$G$6,"")<>0))),"", IFERROR(S6/$S$6,"")) | U6: =SUMIFS( INDEX('ETPT Format DDG'!$A:$DU, , IFERROR(MATCH(E6,'ETPT Format DDG'!$2:$2,0),MATCH(C6,'ETPT Format DDG'!$2:$2,0)) ),'ETPT Format DDG'!$I:$I,"C", 'ETPT Format DDG'!$C:$C,$A$3, 'ETPT Format DDG'!$G:$G,"Autour du magistrat") -> #N/A | V6: =IF(AND(OR(LEFT(C6,3)="12.",LEFT(E6,3)="12.",LEFT(E6,5)="CET >",IFERROR(U6/$U$6,"")=0),NOT(AND(LEFT(E6,5)="12.31",IFERROR(U6/$G$6,"")<>0)),NOT(AND(LEFT(E6,5)="12.32",IFERROR(U6/$G$6,"")<>0))),"", IFERROR(U6/$U$6,"")) | W6: #! END_LOOP y
W7: #! FINISH

Sheet codage tribunal

Sheet Juridictions
A1: TJ | D1: TPROX | G1: CPH | I1: CPH détachés

Sheet Table_Fonctions
A1: Catégorie(s) | B1: Fonction | C1: Raccourci | D1: Titulaire / Placé / Contractuel | E1: CODE EXTRACTEUR | F1: Fonction recodée
A2: Magistrat | B2: PRÉSIDENT | C2: P | D2: Titulaire | E2: M-TIT | F2: Magistrat SIEGE NS
A3: Magistrat | B3: PREMIER VICE-PRÉSIDENT | C3: 1VP | D3: Titulaire | E3: M-TIT | F3: Magistrat SIEGE NS
A4: Magistrat | B4: PREMIER VICE-PRÉSIDENT ADJOINT | C4: 1VPA | D4: Titulaire | E4: M-TIT | F4: Magistrat SIEGE NS
A5: Magistrat | B5: PREMIER VICE-PRÉSIDENT CHARGÉ DES FONCTIONS DE JUGE DES CONTENTIEUX DE LA PROTECTION | C5: 1VPCP | D5: Titulaire | E5: M-TIT | F5: Magistrat SIEGE S
A6: Magistrat | B6: PREMIER VICE-PRÉSIDENT CHARGÉ DES FONCTIONS DE JUGE DES ENFANTS | C6: 1VPE | D6: Titulaire | E6: M-TIT | F6: Magistrat SIEGE S
A7: Magistrat | B7: PREMIER VICE-PRÉSIDENT CHARGÉ DES FONCTIONS DE JUGE D'INSTRUCTION | C7: 1VPI | D7: Titulaire | E7: M-TIT | F7: Magistrat SIEGE S
A8: Magistrat | B8: VICE-PRÉSIDENT CHARGÉ D'UN SECRÉTARIAT GÉNÉRAL | C8: VPSG | D8: Titulaire | E8: M-TIT | F8: Magistrat SIEGE NS
A9: Magistrat | B9: PREMIER VICE-PRÉSIDENT CHARGÉ DES FONCTIONS DE JUGE DE L'APPLICATION DES PEINES | C9: 1VPAP | D9: Titulaire | E9: M-TIT | F9: Magistrat SIEGE S
A10: Magistrat | B10: PREMIER VICE-PRÉSIDENT CHARGÉ DES FONCTIONS DE JUGE DES LIBERTÉS ET DE LA DÉTENTION | C10: 1VPLD | D10: Titulaire | E10: M-TIT | F10: Magistrat SIEGE S
A11: Magistrat | B11: VICE-PRÉSIDENT | C11: VP | D11: Titulaire | E11: M-TIT | F11: Magistrat SIEGE NS
A12: Magistrat | B12: VICE-PRÉSIDENT CHARGÉ DES FONCTIONS DE JUGE DES CONTENTIEUX DE LA PROTECTION | C12: VPCP | D12: Titulaire | E12: M-TIT | F12: Magistrat SIEGE S
... A55: Greffe | B55: CONTRACTUEL C JUSTICE DE PROXIMITE | C55: CONT C JP | D55: Contractuel | E55: C | F55: Fonctionnaire A-B-CBUR
A56: Autour du Juge | B56: ASSISTANT SPECIALISE | C56: AS | D56: Contractuel | E56: C | G56: Hors périmètre ventilation ETPT
A57: Autour du Juge | B57: ASSISTANT DE JUSTICE | C57: ADJ | D57: Contractuel | E57: C | F57: ASSIST_JUST
A58: Autour du Juge | B58: ATTACHÉ DE JUSTICE | D58: Contractuel | E58: C | F58: JURISTE AS
A59: Autour du Juge | B59: JURISTE ASSISTANT siège Autres | C59: JA Siège autres | D59: Contractuel | E59: C | F59: JURISTE AS siège Autres
A60: Autour du Juge | B60: JURISTE ASSISTANT Pôle social | C60: JA Pôle social | D60: Contractuel | E60: C | F60: JURISTE AS Pôle social
A61: Autour du Juge | B61: JURISTE ASSISTANT Parquet | C61: JA Parquet | D61: Contractuel | E61: C | F61: JURISTE AS Parquet
A62: Autour du Juge | B62: JURISTE ASSISTANT Vif | C62: JA VIF | D62: Contractuel | E62: C | F62: CONT A JP Autour du Juge
A63: Autour du Juge | B63: ELEVE AVOCAT | C63: PPI | D63: Contractuel | E63: C | G63: Hors périmètre ventilation ETPT
A64: Autour du Juge | B64: CONTRACTUEL A JUSTICE DE PROXIMITE | C64: JA JP | D64: Contractuel | E64: C | F64: CONT A JP Autour du Juge
A65: Autour du Juge | B65: CONTRACTUEL A JUSTICE DE PROXIMITE | C65: CONT A JP Autour du magistrat | D65: Contractuel | E65: C | F65: CONT A JP Autour du Juge
A66: Autour du Juge | B66: CONTRACTUEL B JUSTICE DE PROXIMITE | C66: CONT B JP Autour du magistrat | D66: Contractuel | E66: C | G66: Il me semble que cela n'existe pas (seulement sur Catégorie Greffe)
A67: Autour du Juge | B67: CONTRACTUEL C JUSTICE DE PROXIMITE | C67: CONT C JP Autour du magistrat | D67: Contractuel | E67: C | G67: Il me semble que cela n'existe pas (seulement sur Catégorie Greffe)
A71: Magistrat | B71: Premier Président | C71: PP | D71: Titulaire | E71: M-TIT
A72: Magistrat | B72: Premier Président de Chambre | C72: 1PC | D72: Titulaire | E72: M-TIT
A73: Magistrat | B73: Président de Chambre | C73: PC | D73: Titulaire | E73: M-TIT
A74: Magistrat | B74: Président de la Chambre de l'Instruction | C74: PCINS | D74: Titulaire | E74: M-TIT
A75: Magistrat | B75: Conseiller chargé d'un Secrétariat Général | C75: CSG | D75: Titulaire | E75: M-TIT
A76: Magistrat | B76: Conseiller | C76: C | D76: Titulaire | E76: M-TIT
A77: Magistrat | B77: Vice-Président placé | C77: VPP | D77: Placé | E77: M-PLAC-ADD
A78: Magistrat | B78: Juge placé | C78: JP | D78: Placé | E78: M-PLAC-ADD
A79: Magistrat | B79: Magistrat honoraire à fonctions juridictionnelles | C79: MHFJ | D79: Contractuel | E79: M-CONT
A80: Magistrat | B80: Magistrat honoraire à fonctions non juridictionnelles | C80: MHFNJ | D80: Contractuel | E80: M-CONT
A81: Magistrat | B81: Magistrat réserviste | C81: MRES | D81: Contractuel | E81: M-CONT
A82: Magistrat | B82: Magistrat à titre temporaire | C82: MTT | D82: Contractuel | E82: M-CONT
... A114: Autour du Juge | B114: Élève avocat | C114: PPI | D114: Titulaire | E114: C
B117: Fonction recodée (créer en parallèle une table de correspondance pour chaque fonction) avec les modalités recodées suivantes : Magistrats SIEGE ; Magistrats placés ADD ; Magistrats placés SUB ; Fonctionnaires CTECH ; Fonctionnaire CTECH placé ADD ; Fonctionnaire CTECH placé SUB ; Fonctionnaires A-B-CBUR ; Fonctionnaire A-B-CBUR placé ADD ; Fonctionnaire A-B-CBUR placé SUB ; JURISTE AS chambres sociales ; JURISTE AS siège Autres ; JURISTE AS parquet général ; JURISTE AS chambres sociales placé ADD ; JURISTE AS siège Autres placé ADD ; JURISTE AS parquet général placé ADD ; JURISTE AS chambres sociales placé SUB ; JURISTE AS siège Autres placé SUB ; JURISTE AS parquet général placé SUB.

Sheet ETPT_TJ
B1: DÉCLARATION ETPT TJ
G2: CTECH | H2: Total fonctionnaires techniques | I2: A-B-CBUR | J2: A-B-CBUR | K2: A-B-CBUR | L2: A-B-CBUR | M2: A-B-CBUR | N2: A-B-CBUR | O2: A-B-CBUR | P2: A-B-CBUR | Q2: A-B-CBUR | R2: A-B-CBUR | S2: A-B-CBUR | T2: A-B-CBUR | U2: A-B-CBUR | V2: A-B-CBUR | W2: Total fonctionnaires administratifs | X2: JURISTE AS | Y2: JURISTE AS | Z2: JURISTE AS | AA2: JURISTE AS | AB2: Total juristes assistants | AC2: SIEGE S | AD2: SIEGE S | AE2: SIEGE S | AF2: SIEGE S | AG2: SIEGE S | AH2: SIEGE S | AI2: SIEGE S | AJ2: SIEGE S | AK2: SIEGE S | AL2: Total magistrats du siège spécialisés | AM2: SIEGE NS | AN2: SIEGE NS | AO2: SIEGE NS | AP2: SIEGE NS | AQ2: SIEGE NS | AR2: SIEGE NS | AS2: SIEGE NS | AT2: SIEGE NS | AU2: SIEGE NS | AV2: SIEGE NS | AW2: SIEGE NS | AX2: SIEGE NS | AY2: SIEGE NS | AZ2: Total magistrats du siège non spécialisés | BA2: PRQT | BB2: PRQT | BC2: PRQT | BD2: PRQT | BE2: PRQT | BF2: PRQT | BG2: PRQT | BH2: PRQT | BI2: PRQT | BJ2: Total magistrats du parquet
G3: FONCTIONNAIRES_C_TECHNIQUES_SPEC | I3: FONCTIONNAIRES_ACTIVITE_CIV_PRQT | J3: FONCTIONNAIRES_BEX_APP | K3: FONCTIONNAIRES_ASSISES | L3: FONC_COUR_CRIM | M3: FONCTIONNAIRES_JIRS_ECOFI | N3: FONCTIONNAIRES_JIRS_CRIMO | O3: FONCTIONNAIRES_JIRS_SS | P3: FONC_TJ_TUT_MAJ | Q3: FONC_TJ_SURENDETTEMENT | S3: FONC_TJ_IP_SR | T3: FONC_CTX_GEN_INF_DIX_MIL | U3: FONC_P_SOC | V3: FONCTIONNAIRES_HORS_FONCT_SPEC | Y3: JUR_ASS_PARQUET | Z3: JUR_ASS_TASS | AA3: JUR_ASS_SIEGE | AC3: JCP_TJ_TUT_MAJ | AD3: JCP_TJ_SURENDETTEMENT | AE3: J_INSTRUCTION | AF3: J_INSTRUCTION_JIRS_ECOFI | AG3: J_INSTRUCTION_JIRS_CRIMO | AH3: J_INSTRUCTION_JIRS_SS | AI3: JAP | AJ3: JE | AK3: JLD_JNS | AM3: MAG_SIEGE_ASSISES | AN3: JNS_COUR_CRIM | AO3: MAG_SIEGE_JIRS_ECOFI | AP3: MAG_SIEGE_JIRS_CRIMO | AQ3: MAG_SIEGE_JIRS_SS | AR3: MAG_SIEGE_CONTRAV | AS3: TI_ACT_J_DEPARTITEUR | AT3: JUGE_CTX_GEN_INF_DIX_MIL | AU3: JUGE_TJ_IP_SR | AV3: JUGE_TASS_JNS | AW3: JAF_JNS | AX3: J_SPEC_ACT_NON_SPEC | AY3: AUTRES_JNS | BA3: PARQUET_ACTIVITE_CIV_COM | BB3: PARQUET_EXE_APP_PEINES | BC3: PARQUET_JIRS_ECOFI | BD3: PARQUET_JIRS_CRIMO | BE3: PARQUET_JIRS_SS | BF3: PARQUET_ASSISES | BG3: PQT_COUR_CRIM | BH3: PARQUET_TI | BI3: AUTRES_PARQUET
B4: UO | C4: Code de la juridiction | D4: Juridiction | E4: Code sous action | F4: Action | G4: Fonctionnaires Catégorie C Technique spécialisés | I4: Fonctionnaires activité civile et commerciale du parquet | J4: Fonctionnaires exécution des peines | K4: Fonctionnaires Assises | L4: Fonctionnaires Cour criminelle | M4: Fonctionnaires JIRS éco-fi | N4: Fonctionnaires JIRS crim-org | O4: Fonctionnaires sections spécialisées | P4: Fonctionnaires TJ Tutelles majeurs | Q4: Fonctionnaires TJ au surendettement et au hors surendettement | R4: Fonctionnaires affectés aux fonctions JI, JE, JAP, JLD | S4: Fonctionnaires TJ IP_Saisies Rém | T4: Fonctionnaires TJ Contentieux général < 10 000 EUR | U4: Fonctionnaires affectés aux pôles sociaux | V4: Fonctionnaires hors fonctions spécifiques | X4: de Contractuels A J Prox et A VIF | Y4: Juristes assistants au parquet | Z4: Juristes assistants Pôle social | AA4: Juristes assistants siège Autres | AC4: JCP TJ Tutelles majeurs | AD4: JCP TJ surendettement et hors surendettement | AE4: Juges Instruction - service général | AF4: Juges Instruction JIRS éco-fi | AG4: Juges Instruction JIRS crim-org | AH4: Juges Instruction sections spécialisées | AI4: JAP | AJ4: Juges des Enfants | AK4: JLD | AM4: Magistrats du Siège assises | AN4: Magistrats du siège Cour criminelle | AO4: Magistrat du siège JIRS éco-fi | AP4: Magistrat du siège JIRS crim-org | AQ4: Magistrat du siège sections spécialisées | AR4: Magistrats du Siège activité contraventionnelle | AS4: Magistrats activité juge départiteur | AT4: Juges TJ Contentieux général < 10 000 EUR | AU4: Juges TJ IP et Saisies Rém | AV4: Juges du Pôle social | AW4: JAF | AX4: Activités non spécialisés des juges spécialisés | AY4: Autres Magistrats du Siège non spécialisés | BA4: Magistrats du Parquet - activité civile et commerciale | BB4: Magistrats du Parquet - exécution et appl. des peines | BC4: Magistrats du Parquet JIRS éco-fi | BD4: Magistrats du Parquet JIRS crim-org | BE4: Magistrats du Parquet JIRS sections spécialisées | BF4: Magistrats du Parquet assises | BG4: Magistrats du Parquet Cour criminelle | BH4: Magistrats du Parquet - activité contraventionnelle | BI4: Autres Magistrats du Parquet
A5: ETPT_TJ | D5: =IF(ETPT_TJ_DDG!$D$5="","",ETPT_TJ_DDG!$D$5) | E5: 166-01-NC | F5: Action 1 - Traitement et jugement des contentieux civils | G5: =SUMIFS( INDEX( 'ETPT Format DDG'!$A:$EF,,MATCH("Temps ventilés sur la période (contentieux civils et sociaux)",'ETPT Format DDG'!2:2,0)),'ETPT Format DDG'!$C:$C,$D$5,'ETPT Format DDG'!$EA:$EA,"Fonctionnaire CTECH") -> #N/A | H5: =SUM(G5) -> #N/A | I5: =SUMIFS( INDEX( 'ETPT Format DDG'!$A:$EF,,MATCH("11.8. FONCTIONNAIRES AFFECTÉS AUX ACTIVITÉS CIVILES ET COMMERCIALES DU PARQUET",'ETPT Format DDG'!2:2,0)),'ETPT Format DDG'!$C:$C,$D$5,'ETPT Format DDG'!$EA:$EA,"Fonctionnaire A-B-CBUR") -> #N/A | P5: =SUMIFS( INDEX( 'ETPT Format DDG'!$A:$EF,,MATCH("3.2. PROTECTION DES MAJEURS",'ETPT Format DDG'!2:2,0)),'ETPT Format DDG'!$C:$C,$D$5,'ETPT Format DDG'!$EA:$EA,"Fonctionnaire A-B-CBUR") -> #N/A | Q5: =SUMIFS( INDEX( 'ETPT Format DDG'!$A:$EF,,MATCH("3. TOTAL CONTENTIEUX DE LA PROTECTION",'ETPT Format DDG'!2:2,0)),'ETPT Format DDG'!$C:$C,$D$5,'ETPT Format DDG'!$EA:$EA,"Fonctionnaire A-B-CBUR")- SUMIFS( INDEX( 'ETPT Format DDG'!$A:$EF,,MATCH("3.2. PROTECTION DES MAJEURS",'ETPT Format DDG'!2:2,0)),'ETPT Format DDG'!$C:$C,$D$5,'ETPT Format DDG'!$EA:$EA,"Fonctionnaire A-B-CBUR")- SUMIFS( INDEX( 'ETPT Format DDG'!$A:$EF,,MATCH("3.43. INJONCTIONS DE PAYER",'ETPT Format DDG'!2:2,0)),'ETPT Format DDG'!$C:$C,$D$5,'ETPT Format DDG'!$EA:$EA,"Fonctionnaire A-B-CBUR")- SUMIFS( INDEX( 'ETPT Format DDG'!$A:$EF,,MATCH("3.44. SAISIE DES RÉMUNÉRATIONS",'ETPT Format DDG'!2:2,0)),'ETPT Format DDG'!$C:$C,$D$5,'ETPT Format DDG'!$EA:$EA,"Fonctionnaire A-B-CBUR") -> #N/A | R5: =SUMIFS( INDEX( 'ETPT Format DDG'!$A:$EF,,MATCH("5. TOTAL JLD CIVIL",'ETPT Format DDG'!2:2,0)),'ETPT Format DDG'!$C:$C,$D$5,'ETPT Format DDG'!$EA:$EA,"Fonctionnaire A-B-CBUR") +SUMIFS( INDEX( 'ETPT Format DDG'!$A:$EF,,MATCH("6.1. ACTIVITÉ CIVILE",'ETPT Format DDG'!2:2,0)),'ETPT Format DDG'!$C:$C,$D$5,'ETPT Format DDG'!$EA:$EA,"Fonctionnaire A-B-CBUR") -> #N/A | S5: =SUMIFS( INDEX( 'ETPT Format DDG'!$A:$EF,,MATCH("3.43. INJONCTIONS DE PAYER",'ETPT Format DDG'!2:2,0)),'ETPT Format DDG'!$C:$C,$D$5,'ETPT Format DDG'!$EA:$EA,"Fonctionnaire A-B-CBUR")+ SUMIFS( INDEX( 'ETPT Format DDG'!$A:$EF,,MATCH("3.44. SAISIE DES RÉMUNÉRATIONS",'ETPT Format DDG'!2:2,0)),'ETPT Format DDG'!$C:$C,$D$5,'ETPT Format DDG'!$EA:$EA,"Fonctionnaire A-B-CBUR") -> #N/A | T5: =SUMIFS( INDEX( 'ETPT Format DDG'!$A:$EF,,MATCH("4.0. CONTENTIEUX GÉNÉRAL <10.000€",'ETPT Format DDG'!2:2,0)),'ETPT Format DDG'!$C:$C,$D$5,'ETPT Format DDG'!$EA:$EA,"Fonctionnaire A-B-CBUR") -> #N/A | U5: =SUMIFS( INDEX( 'ETPT Format DDG'!$A:$EF,,MATCH("1. TOTAL CONTENTIEUX SOCIAL",'ETPT Format DDG'!2:2,0)),'ETPT Format DDG'!$C:$C,$D$5,'ETPT Format DDG'!$EA:$EA,"Fonctionnaire A-B-CBUR") -> #N/A | V5: =SUMIFS( INDEX( 'ETPT Format DDG'!$A:$EF,,MATCH("Temps ventilés sur la période (contentieux civils et sociaux)",'ETPT Format DDG'!2:2,0)),'ETPT Format DDG'!$C:$C,$D$5,'ETPT Format DDG'!$EA:$EA,"Fonctionnaire A-B-CBUR")-SUM(K5:U5) -> #N/A | W5: =SUM(I5:V5) -> #N/A | X5: =SUMIFS( INDEX( 'ETPT Format DDG'!$A:$EF,,MATCH("Temps ventilés sur la période (contentieux civils et sociaux)",'ETPT Format DDG'!2:2,0)),'ETPT Format DDG'!$C:$C,$D$5,'ETPT Format DDG'!$EA:$EA,"CONT A JP Autour du Juge") -> #N/A | Y5: =SUMIFS( INDEX( 'ETPT Format DDG'!$A:$EF,,MATCH("Temps ventilés sur la période (contentieux civils et sociaux)",'ETPT Format DDG'!2:2,0)),'ETPT Format DDG'!$C:$C,$D$5,'ETPT Format DDG'!$EA:$EA,"JURISTE AS Parquet") -> #N/A | Z5: =SUMIFS( INDEX( 'ETPT Format DDG'!$A:$EF,,MATCH("Temps ventilés sur la période (contentieux civils et sociaux)",'ETPT Format DDG'!2:2,0)),'ETPT Format DDG'!$C:$C,$D$5,'ETPT Format DDG'!$EA:$EA,"JURISTE AS Pôle social") -> #N/A | AA5: =SUMIFS( INDEX( 'ETPT Format DDG'!$A:$EF,,MATCH("Temps ventilés sur la période (contentieux civils et sociaux)",'ETPT Format DDG'!2:2,0)),'ETPT Format DDG'!$C:$C,$D$5,'ETPT Format DDG'!$EA:$EA,"JURISTE AS siège Autres") -> #N/A | AB5: =SUM(X5:AA5) -> #N/A | AC5: =SUMIFS( INDEX( 'ETPT Format DDG'!$A:$EF,,MATCH("3.2. PROTECTION DES MAJEURS",'ETPT Format DDG'!2:2,0)),'ETPT Format DDG'!$C:$C,$D$5,'ETPT Format DDG'!$EA:$EA,"Magistrat SIEGE NS")+ SUMIFS( INDEX( 'ETPT Format DDG'!$A:$EF,,MATCH("3.2. PROTECTION DES MAJEURS",'ETPT Format DDG'!2:2,0)),'ETPT Format DDG'!$C:$C,$D$5,'ETPT Format DDG'!$EA:$EA,"Magistrat SIEGE S") -> #N/A | AD5: =SUMIFS( INDEX( 'ETPT Format DDG'!$A:$EF,,MATCH("3. TOTAL CONTENTIEUX DE LA PROTECTION",'ETPT Format DDG'!2:2,0)),'ETPT Format DDG'!$C:$C,$D$5,'ETPT Format DDG'!$EA:$EA,"Magistrat SIEGE NS")+ SUMIFS( INDEX( 'ETPT Format DDG'!$A:$EF,,MATCH("3. TOTAL CONTENTIEUX DE LA PROTECTION",'ETPT Format DDG'!2:2,0)),'ETPT Format DDG'!$C:$C,$D$5,'ETPT Format DDG'!$EA:$EA,"Magistrat SIEGE S")- SUMIFS( INDEX( 'ETPT Format DDG'!$A:$EF,,MATCH("3.2. PROTECTION DES MAJEURS",'ETPT Format DDG'!2:2,0)),'ETPT Format DDG'!$C:$C,$D$5,'ETPT Format DDG'!$EA:$EA,"Magistrat SIEGE NS")- SUMIFS( INDEX( 'ETPT Format DDG'!$A:$EF,,MATCH("3.2. PROTECTION DES MAJEURS",'ETPT Format DDG'!2:2,0)),'ETPT Format DDG'!$C:$C,$D$5,'ETPT Format DDG'!$EA:$EA,"Magistrat SIEGE S")- SUMIFS( INDEX( 'ETPT Format DDG'!$A:$EF,,MATCH("3.43. INJONCTIONS DE PAYER",'ETPT Format DDG'!2:2,0)),'ETPT Format DDG'!$C:$C,$D$5,'ETPT Format DDG'!$EA:$EA,"Magistrat SIEGE NS")- SUMIFS( INDEX( 'ETPT Format DDG'!$A:$EF,,MATCH("3.43. INJONCTIONS DE PAYER",'ETPT Format DDG'!2:2,0)),'ETPT Format DDG'!$C:$C,$D$5,'ETPT Format DDG'!$EA:$EA,"Magistrat SIEGE S")- SUMIFS( INDEX( 'ETPT Format DDG'!$A:$EF,,MATCH("3.44. SAISIE DES RÉMUNÉRATIONS",'ETPT Format DDG'!2:2,0)),'ETPT Format DDG'!$C:$C,$D$5,'ETPT Format DDG'!$EA:$EA,"Magistrat SIEGE NS")- SUMIFS( INDEX( 'ETPT Format DDG'!$A:$EF,,MATCH("3.44. SAISIE DES RÉMUNÉRATIONS",'ETPT Format DDG'!2:2,0)),'ETPT Format DDG'!$C:$C,$D$5,'ETPT Format DDG'!$EA:$EA,"Magistrat SIEGE S") -> #N/A | AJ5: =SUMIFS( INDEX( 'ETPT Format DDG'!$A:$EF,,MATCH("6.1. ACTIVITÉ CIVILE",'ETPT Format DDG'!2:2,0)),'ETPT Format DDG'!$EA:$EA,"Magistrat SIEGE NS")+ SUMIFS( INDEX( 'ETPT Format DDG'!$A:$EF,,MATCH("6.1. ACTIVITÉ CIVILE",'ETPT Format DDG'!2:2,0)),'ETPT Format DDG'!$EA:$EA,"Magistrat SIEGE S") -> #N/A | AK5: =SUMIFS( INDEX( 'ETPT Format DDG'!$A:$EF,,MATCH("5. TOTAL JLD CIVIL",'ETPT Format DDG'!2:2,0)),'ETPT Format DDG'!$EA:$EA,"Magistrat SIEGE NS")+ SUMIFS( INDEX( 'ETPT Format DDG'!$A:$EF,,MATCH("5. TOTAL JLD CIVIL",'ETPT Format DDG'!2:2,0)),'ETPT Format DDG'!$EA:$EA,"Magistrat SIEGE S") -> #N/A | AL5: =SUM(AC5:AK5) -> #N/A | AS5: =SUMIFS( INDEX( 'ETPT Format DDG'!$A:$EF,,MATCH("1.1. DÉPARTAGE PRUD'HOMAL",'ETPT Format DDG'!2:2,0)),'ETPT Format DDG'!$C:$C,$D$5,'ETPT Format DDG'!$EA:$EA,"Magistrat SIEGE NS") -> #N/A | AT5: =SUMIFS( INDEX( 'ETPT Format DDG'!$A:$EF,,MATCH("4.0. CONTENTIEUX GÉNÉRAL <10.000€",'ETPT Format DDG'!2:2,0)),'ETPT Format DDG'!$C:$C,$D$5,'ETPT Format DDG'!$EA:$EA,"Magistrat SIEGE NS") -> #N/A | AU5: =SUMIFS( INDEX( 'ETPT Format DDG'!$A:$EF,,MATCH("3.43. INJONCTIONS DE PAYER",'ETPT Format DDG'!2:2,0)),'ETPT Format DDG'!$C:$C,$D$5,'ETPT Format DDG'!$EA:$EA,"Magistrat SIEGE NS")+ SUMIFS( INDEX( 'ETPT Format DDG'!$A:$EF,,MATCH("3.44. SAISIE DES RÉMUNÉRATIONS",'ETPT Format DDG'!2:2,0)),'ETPT Format DDG'!$C:$C,$D$5,'ETPT Format DDG'!$EA:$EA,"Magistrat SIEGE NS") -> #N/A | AV5: =SUMIFS( INDEX( 'ETPT Format DDG'!$A:$EF,,MATCH("1. TOTAL CONTENTIEUX SOCIAL",'ETPT Format DDG'!2:2,0)),'ETPT Format DDG'!$C:$C,$D$5,'ETPT Format DDG'!$EA:$EA,"Magistrat SIEGE NS")- SUMIFS( INDEX( 'ETPT Format DDG'!$A:$EF,,MATCH("1.1. DÉPARTAGE PRUD'HOMAL",'ETPT Format DDG'!2:2,0)),'ETPT Format DDG'!$C:$C,$D$5,'ETPT Format DDG'!$EA:$EA,"Magistrat SIEGE NS") -> #N/A | AW5: =SUMIFS( INDEX( 'ETPT Format DDG'!$A:$EF,,MATCH("2. TOTAL CONTENTIEUX JAF",'ETPT Format DDG'!2:2,0)),'ETPT Format DDG'!$EA:$EA,"Magistrat SIEGE NS") -> #N/A | AX5: =SUMIFS( INDEX( 'ETPT Format DDG'!$A:$EF,,MATCH("Temps ventilés sur la période (contentieux civils et sociaux)",'ETPT Format DDG'!2:2,0)),'ETPT Format DDG'!$C:$C,$D$5,'ETPT Format DDG'!$EA:$EA,"Magistrat SIEGE S")- SUMIFS( INDEX( 'ETPT Format DDG'!$A:$EF,,MATCH("3. TOTAL CONTENTIEUX DE LA PROTECTION",'ETPT Format DDG'!2:2,0)),'ETPT Format DDG'!$C:$C,$D$5,'ETPT Format DDG'!$EA:$EA,"Magistrat SIEGE S")+ SUMIFS( INDEX( 'ETPT Format DDG'!$A:$EF,,MATCH("3.43. INJONCTIONS DE PAYER",'ETPT Format DDG'!2:2,0)),'ETPT Format DDG'!$C:$C,$D$5,'ETPT Format DDG'!$EA:$EA,"Magistrat SIEGE S")+ SUMIFS( INDEX( 'ETPT Format DDG'!$A:$EF,,MATCH("3.44. SAISIE DES RÉMUNÉRATIONS",'ETPT Format DDG'!2:2,0)),'ETPT Format DDG'!$C:$C,$D$5,'ETPT Format DDG'!$EA:$EA,"Magistrat SIEGE S")- SUMIFS( INDEX( 'ETPT Format DDG'!$A:$EF,,MATCH("6.1. ACTIVITÉ CIVILE",'ETPT Format DDG'!2:2,0)),'ETPT Format DDG'!$C:$C,$D$5,'ETPT Format DDG'!$EA:$EA,"Magistrat SIEGE S")- SUMIFS( INDEX( 'ETPT Format DDG'!$A:$EF,,MATCH("5. TOTAL JLD CIVIL",'ETPT Format DDG'!2:2,0)),'ETPT Format DDG'!$C:$C,$D$5,'ETPT Format DDG'!$EA:$EA,"Magistrat SIEGE S") -> #N/A | AY5: =SUMIFS( INDEX( 'ETPT Format DDG'!$A:$EF,,MATCH("Temps ventilés sur la période (contentieux civils et sociaux)",'ETPT Format DDG'!2:2,0)),'ETPT Format DDG'!$C:$C,$D$5,'ETPT Format DDG'!$EA:$EA,"Magistrat SIEGE NS")- SUMIFS( INDEX( 'ETPT Format DDG'!$A:$EF,,MATCH("3.2. PROTECTION DES MAJEURS",'ETPT Format DDG'!2:2,0)),'ETPT Format DDG'!$C:$C,$D$5,'ETPT Format DDG'!$EA:$EA,"Magistrat SIEGE NS")- (SUMIFS( INDEX( 'ETPT Format DDG'!$A:$EF,,MATCH("3. TOTAL CONTENTIEUX DE LA PROTECTION",'ETPT Format DDG'!2:2,0)),'ETPT Format DDG'!$C:$C,$D$5,'ETPT Format DDG'!$EA:$EA,"Magistrat SIEGE NS")- SUMIFS( INDEX( 'ETPT Format DDG'!$A:$EF,,MATCH("3.2. PROTECTION DES MAJEURS",'ETPT Format DDG'!2:2,0)),'ETPT Format DDG'!$C:$C,$D$5,'ETPT Format DDG'!$EA:$EA,"Magistrat SIEGE NS")- SUMIFS( INDEX( 'ETPT Format DDG'!$A:$EF,,MATCH("3.43. INJONCTIONS DE PAYER",'ETPT Format DDG'!2:2,0)),'ETPT Format DDG'!$C:$C,$D$5,'ETPT Format DDG'!$EA:$EA,"Magistrat SIEGE NS")- SUMIFS( INDEX( 'ETPT Format DDG'!$A:$EF,,MATCH("3.44. SAISIE DES RÉMUNÉRATIONS",'ETPT Format DDG'!2:2,0)),'ETPT Format DDG'!$C:$C,$D$5,'ETPT Format DDG'!$EA:$EA,"Magistrat SIEGE NS"))- SUMIFS( INDEX( 'ETPT Format DDG'!$A:$EF,,MATCH("6.1. ACTIVITÉ CIVILE",'ETPT Format DDG'!2:2,0)),'ETPT Format DDG'!$C:$C,$D$5,'ETPT Format DDG'!$EA:$EA,"Magistrat SIEGE NS")- SUMIFS( INDEX( 'ETPT Format DDG'!$A:$EF,,MATCH("5. TOTAL JLD CIVIL",'ETPT Format DDG'!2:2,0)),'ETPT Format DDG'!$C:$C,$D$5,'ETPT Format DDG'!$EA:$EA,"Magistrat SIEGE NS")- SUM(AS5:AW5) -> #N/A | AZ5: =SUM(AM5:AY5) -> #N/A | BJ5: =SUM(BA5:BI5) -> 0
A6: ETPT_TJ | D6: =$D$5 | E6: 166-02-NC | F6: Action 2 - Traitement et jugement des affaires pénales | G6: =SUMIFS( INDEX( 'ETPT Format DDG'!$A:$EF,,MATCH("Temps ventilés sur la période (affaires pénales)",'ETPT Format DDG'!2:2,0)),'ETPT Format DDG'!$EA:$EA,"Fonctionnaire CTECH") -> #N/A | H6: =SUM(G6) -> #N/A | J6: =SUMIFS( INDEX( 'ETPT Format DDG'!$A:$EF,,MATCH("11.9. FONCTIONNAIRES AFFECTÉS À L'EXÉCUTION DES PEINES",'ETPT Format DDG'!2:2,0)),'ETPT Format DDG'!$EA:$EA,"Fonctionnaire A-B-CBUR") -> #N/A | K6: =SUMIFS( INDEX( 'ETPT Format DDG'!$A:$EF,,MATCH("7.5. COUR D'ASSISES HORS JIRS",'ETPT Format DDG'!2:2,0)),'ETPT Format DDG'!$EA:$EA,"Fonctionnaire A-B-CBUR")+ SUMIFS( INDEX( 'ETPT Format DDG'!$A:$EF,,MATCH("7.51. COUR D'ASSISES JIRS",'ETPT Format DDG'!2:2,0)),'ETPT Format DDG'!$EA:$EA,"Fonctionnaire A-B-CBUR") -> #N/A | L6: =SUMIFS( INDEX( 'ETPT Format DDG'!$A:$EF,,MATCH("7.52. COUR CRIMINELLE",'ETPT Format DDG'!2:2,0)),'ETPT Format DDG'!$EA:$EA,"Fonctionnaire A-B-CBUR") -> #N/A | M6: =SUMIFS( INDEX( 'ETPT Format DDG'!$A:$EF,,MATCH("8.2. JIRS ÉCO-FI",'ETPT Format DDG'!2:2,0)),'ETPT Format DDG'!$EA:$EA,"Fonctionnaire A-B-CBUR") -> #N/A | N6: =SUMIFS( INDEX( 'ETPT Format DDG'!$A:$EF,,MATCH("8.3. JIRS CRIM-ORG",'ETPT Format DDG'!2:2,0)),'ETPT Format DDG'!$EA:$EA,"Fonctionnaire A-B-CBUR") -> #N/A | O6: =SUMIFS( INDEX( 'ETPT Format DDG'!$A:$EF,,MATCH("8.4. AUTRES SECTIONS SPÉCIALISÉES",'ETPT Format DDG'!2:2,0)),'ETPT Format DDG'!$EA:$EA,"Fonctionnaire A-B-CBUR") -> #N/A | R6: =SUMIFS( INDEX( 'ETPT Format DDG'!$A:$EF,,MATCH("6.2. ACTIVITÉ PÉNALE",'ETPT Format DDG'!2:2,0)),'ETPT Format DDG'!$EA:$EA,"Fonctionnaire A-B-CBUR")+ (SUMIFS( INDEX( 'ETPT Format DDG'!$A:$EF,,MATCH("8. TOTAL JUGES D'INSTRUCTION",'ETPT Format DDG'!2:2,0)),'ETPT Format DDG'!$EA:$EA,"Fonctionnaire A-B-CBUR")- SUMIFS( INDEX( 'ETPT Format DDG'!$A:$EF,,MATCH("8.2. JIRS ÉCO-FI",'ETPT Format DDG'!2:2,0)),'ETPT Format DDG'!$EA:$EA,"Fonctionnaire A-B-CBUR")- SUMIFS( INDEX( 'ETPT Format DDG'!$A:$EF,,MATCH("8.3. JIRS CRIM-ORG",'ETPT Format DDG'!2:2,0)),'ETPT Format DDG'!$EA:$EA,"Fonctionnaire A-B-CBUR")- SUMIFS( INDEX( 'ETPT Format DDG'!$A:$EF,,MATCH("8.4. AUTRES SECTIONS SPÉCIALISÉES",'ETPT Format DDG'!2:2,0)),'ETPT Format DDG'!$EA:$EA,"Fonctionnaire A-B-CBUR"))+ SUMIFS( INDEX( 'ETPT Format DDG'!$A:$EF,,MATCH("9. TOTAL JAP",'ETPT Format DDG'!2:2,0)),'ETPT Format DDG'!$EA:$EA,"Fonctionnaire A-B-CBUR")+ SUMIFS( INDEX( 'ETPT Format DDG'!$A:$EF,,MATCH("10. TOTAL JLD PÉNAL",'ETPT Format DDG'!2:2,0)),'ETPT Format DDG'!$EA:$EA,"Fonctionnaire A-B-CBUR") -> #N/A | V6: =SUMIFS( INDEX( 'ETPT Format DDG'!$A:$EF,,MATCH("Temps ventilés sur la période (affaires pénales)",'ETPT Format DDG'!2:2,0)),'ETPT Format DDG'!$EA:$EA,"Fonctionnaire A-B-CBUR")+ SUMIFS( INDEX( 'ETPT Format DDG'!$A:$EF,,MATCH("11.10. AUTRES FONCTIONNAIRES AFFECTÉS AU PARQUET",'ETPT Format DDG'!2:2,0)),'ETPT Format DDG'!$EA:$EA,"Fonctionnaire A-B-CBUR")- SUM(K6:U6) -> #N/A | W6: =SUM(I6:V6) -> #N/A | X6: =SUMIFS( INDEX( 'ETPT Format DDG'!$A:$EF,,MATCH("Temps ventilés sur la période (affaires pénales)",'ETPT Format DDG'!2:2,0)),'ETPT Format DDG'!$EA:$EA,"CONT A JP Autour du Juge")+ SUMIFS( INDEX( 'ETPT Format DDG'!$A:$EF,,MATCH("11.10. AUTRES FONCTIONNAIRES AFFECTÉS AU PARQUET",'ETPT Format DDG'!2:2,0)),'ETPT Format DDG'!$EA:$EA,"CONT A JP Autour du Juge") -> #N/A | Y6: =SUMIFS( INDEX( 'ETPT Format DDG'!$A:$EF,,MATCH("Temps ventilés sur la période (affaires pénales)",'ETPT Format DDG'!2:2,0)),'ETPT Format DDG'!$EA:$EA,"JURISTE AS Parquet")+ SUMIFS( INDEX( 'ETPT Format DDG'!$A:$EF,,MATCH("11.10. AUTRES FONCTIONNAIRES AFFECTÉS AU PARQUET",'ETPT Format DDG'!2:2,0)),'ETPT Format DDG'!$EA:$EA,"JURISTE AS Parquet") -> #N/A | Z6: =SUMIFS( INDEX( 'ETPT Format DDG'!$A:$EF,,MATCH("Temps ventilés sur la période (affaires pénales)",'ETPT Format DDG'!2:2,0)),'ETPT Format DDG'!$EA:$EA,"JURISTE AS Pôle social")+ SUMIFS( INDEX( 'ETPT Format DDG'!$A:$EF,,MATCH("11.10. AUTRES FONCTIONNAIRES AFFECTÉS AU PARQUET",'ETPT Format DDG'!2:2,0)),'ETPT Format DDG'!$EA:$EA,"JURISTE AS Pôle social") -> #N/A | AA6: =SUMIFS( INDEX( 'ETPT Format DDG'!$A:$EF,,MATCH("Temps ventilés sur la période (affaires pénales)",'ETPT Format DDG'!2:2,0)),'ETPT Format DDG'!$EA:$EA,"JURISTE AS siège Autres")+ SUMIFS( INDEX( 'ETPT Format DDG'!$A:$EF,,MATCH("11.10. AUTRES FONCTIONNAIRES AFFECTÉS AU PARQUET",'ETPT Format DDG'!2:2,0)),'ETPT Format DDG'!$EA:$EA,"JURISTE AS siège Autres") -> #N/A | AB6: =SUM(X6:AA6) -> #N/A | AE6: =SUMIFS( INDEX( 'ETPT Format DDG'!$A:$EF,,MATCH("8.1. SERVICE GÉNÉRAL",'ETPT Format DDG'!2:2,0)),'ETPT Format DDG'!$EA:$EA,"Magistrat SIEGE NS")+ SUMIFS( INDEX( 'ETPT Format DDG'!$A:$EF,,MATCH("8.1. SERVICE GÉNÉRAL",'ETPT Format DDG'!2:2,0)),'ETPT Format DDG'!$EA:$EA,"Magistrat SIEGE S") -> #N/A | AF6: =SUMIFS( INDEX( 'ETPT Format DDG'!$A:$EF,,MATCH("8.2. JIRS ÉCO-FI",'ETPT Format DDG'!2:2,0)),'ETPT Format DDG'!$EA:$EA,"Magistrat SIEGE NS")+ SUMIFS( INDEX( 'ETPT Format DDG'!$A:$EF,,MATCH("8.2. JIRS ÉCO-FI",'ETPT Format DDG'!2:2,0)),'ETPT Format DDG'!$EA:$EA,"Magistrat SIEGE S") -> #N/A | AG6: =SUMIFS( INDEX( 'ETPT Format DDG'!$A:$EF,,MATCH("8.3. JIRS CRIM-ORG",'ETPT Format DDG'!2:2,0)),'ETPT Format DDG'!$EA:$EA,"Magistrat SIEGE NS")+ SUMIFS( INDEX( 'ETPT Format DDG'!$A:$EF,,MATCH("8.3. JIRS CRIM-ORG",'ETPT Format DDG'!2:2,0)),'ETPT Format DDG'!$EA:$EA,"Magistrat SIEGE S") -> #N/A | AH6: =SUMIFS( INDEX( 'ETPT Format DDG'!$A:$EF,,MATCH("8.4. AUTRES SECTIONS SPÉCIALISÉES",'ETPT Format DDG'!2:2,0)),'ETPT Format DDG'!$EA:$EA,"Magistrat SIEGE NS")+ SUMIFS( INDEX( 'ETPT Format DDG'!$A:$EF,,MATCH("8.4. AUTRES SECTIONS SPÉCIALISÉES",'ETPT Format DDG'!2:2,0)),'ETPT Format DDG'!$EA:$EA,"Magistrat SIEGE S") -> #N/A | AI6: =SUMIFS( INDEX( 'ETPT Format DDG'!$A:$EF,,MATCH("9. TOTAL JAP",'ETPT Format DDG'!2:2,0)),'ETPT Format DDG'!$EA:$EA,"Magistrat SIEGE NS")+ SUMIFS( INDEX( 'ETPT Format DDG'!$A:$EF,,MATCH("9. TOTAL JAP",'ETPT Format DDG'!2:2,0)),'ETPT Format DDG'!$EA:$EA,"Magistrat SIEGE S") -> #N/A | AJ6: =SUMIFS( INDEX( 'ETPT Format DDG'!$A:$EF,,MATCH("6.2. ACTIVITÉ PÉNALE",'ETPT Format DDG'!2:2,0)),'ETPT Format DDG'!$EA:$EA,"Magistrat SIEGE NS")+ SUMIFS( INDEX( 'ETPT Format DDG'!$A:$EF,,MATCH("6.2. ACTIVITÉ PÉNALE",'ETPT Format DDG'!2:2,0)),'ETPT Format DDG'!$EA:$EA,"Magistrat SIEGE S") -> #N/A | AK6: =SUMIFS( INDEX( 'ETPT Format DDG'!$A:$EF,,MATCH("10. TOTAL JLD PÉNAL",'ETPT Format DDG'!2:2,0)),'ETPT Format DDG'!$EA:$EA,"Magistrat SIEGE NS")+ SUMIFS( INDEX( 'ETPT Format DDG'!$A:$EF,,MATCH("10. TOTAL JLD PÉNAL",'ETPT Format DDG'!2:2,0)),'ETPT Format DDG'!$EA:$EA,"Magistrat SIEGE S") -> #N/A | AL6: =SUM(AC6:AK6) -> #N/A | AM6: =SUMIFS( INDEX( 'ETPT Format DDG'!$A:$EF,,MATCH("7.5. COUR D'ASSISES HORS JIRS",'ETPT Format DDG'!2:2,0)),'ETPT Format DDG'!$EA:$EA,"Magistrat SIEGE NS")+ SUMIFS( INDEX( 'ETPT Format DDG'!$A:$EF,,MATCH("7.51. COUR D'ASSISES JIRS",'ETPT Format DDG'!2:2,0)),'ETPT Format DDG'!$EA:$EA,"Magistrat SIEGE NS") -> #N/A | AN6: =SUMIFS( INDEX( 'ETPT Format DDG'!$A:$EF,,MATCH("7.52. COUR CRIMINELLE",'ETPT Format DDG'!2:2,0)),'ETPT Format DDG'!$EA:$EA,"Magistrat SIEGE NS") -> #N/A | AO6: =SUMIFS( INDEX( 'ETPT Format DDG'!$A:$EF,,MATCH("7.121. COLLÉGIALES JIRS ECO-FI",'ETPT Format DDG'!2:2,0)),'ETPT Format DDG'!$EA:$EA,"Magistrat SIEGE NS") -> #N/A | AP6: =SUMIFS( INDEX( 'ETPT Format DDG'!$A:$EF,,MATCH("7.12. COLLÉGIALES JIRS CRIM-ORG",'ETPT Format DDG'!2:2,0)),'ETPT Format DDG'!$EA:$EA,"Magistrat SIEGE NS") -> #N/A | AQ6: =SUMIFS( INDEX( 'ETPT Format DDG'!$A:$EF,,MATCH("7.122. COLLÉGIALES AUTRES SECTIONS SPÉCIALISÉES",'ETPT Format DDG'!2:2,0)),'ETPT Format DDG'!$EA:$EA,"Magistrat SIEGE NS") -> #N/A | AR6: =SUMIFS( INDEX( 'ETPT Format DDG'!$A:$EF,,MATCH("7.6. TRIBUNAL DE POLICE",'ETPT Format DDG'!2:2,0)),'ETPT Format DDG'!$EA:$EA,"Magistrat SIEGE NS")+ SUMIFS( INDEX( 'ETPT Format DDG'!$A:$EF,,MATCH("7.7. OP CONTRAVENTIONNELLES",'ETPT Format DDG'!2:2,0)),'ETPT Format DDG'!$EA:$EA,"Magistrat SIEGE NS") -> #N/A | AX6: =SUMIFS( INDEX( 'ETPT Format DDG'!$A:$EF,,MATCH("Temps ventilés sur la période (affaires pénales)",'ETPT Format DDG'!2:2,0)),'ETPT Format DDG'!$EA:$EA,"Magistrat SIEGE S")- SUMIFS( INDEX( 'ETPT Format DDG'!$A:$EF,,MATCH("8.1. SERVICE GÉNÉRAL",'ETPT Format DDG'!2:2,0)),'ETPT Format DDG'!$EA:$EA,"Magistrat SIEGE S")- SUMIFS( INDEX( 'ETPT Format DDG'!$A:$EF,,MATCH("8.2. JIRS ÉCO-FI",'ETPT Format DDG'!2:2,0)),'ETPT Format DDG'!$EA:$EA,"Magistrat SIEGE S")- SUMIFS( INDEX( 'ETPT Format DDG'!$A:$EF,,MATCH("8.3. JIRS CRIM-ORG",'ETPT Format DDG'!2:2,0)),'ETPT Format DDG'!$EA:$EA,"Magistrat SIEGE S")- SUMIFS( INDEX( 'ETPT Format DDG'!$A:$EF,,MATCH("8.4. AUTRES SECTIONS SPÉCIALISÉES",'ETPT Format DDG'!2:2,0)),'ETPT Format DDG'!$EA:$EA,"Magistrat SIEGE S")- SUMIFS( INDEX( 'ETPT Format DDG'!$A:$EF,,MATCH("9. TOTAL JAP",'ETPT Format DDG'!2:2,0)),'ETPT Format DDG'!$EA:$EA,"Magistrat SIEGE S")- SUMIFS( INDEX( 'ETPT Format DDG'!$A:$EF,,MATCH("6.2. ACTIVITÉ PÉNALE",'ETPT Format DDG'!2:2,0)),'ETPT Format DDG'!$EA:$EA,"Magistrat SIEGE S")- SUMIFS( INDEX( 'ETPT Format DDG'!$A:$EF,,MATCH("10. TOTAL JLD PÉNAL",'ETPT Format DDG'!2:2,0)),'ETPT Format DDG'!$EA:$EA,"Magistrat SIEGE S") -> #N/A | AY6: =SUMIFS( INDEX( 'ETPT Format DDG'!$A:$EF,,MATCH("Temps ventilés sur la période (affaires pénales)",'ETPT Format DDG'!2:2,0)),'ETPT Format DDG'!$EA:$EA,"Magistrat SIEGE NS")- SUMIFS( INDEX( 'ETPT Format DDG'!$A:$EF,,MATCH("8.1. SERVICE GÉNÉRAL",'ETPT Format DDG'!2:2,0)),'ETPT Format DDG'!$EA:$EA,"Magistrat SIEGE NS")- SUMIFS( INDEX( 'ETPT Format DDG'!$A:$EF,,MATCH("8.2. JIRS ÉCO-FI",'ETPT Format DDG'!2:2,0)),'ETPT Format DDG'!$EA:$EA,"Magistrat SIEGE NS")- SUMIFS( INDEX( 'ETPT Format DDG'!$A:$EF,,MATCH("8.3. JIRS CRIM-ORG",'ETPT Format DDG'!2:2,0)),'ETPT Format DDG'!$EA:$EA,"Magistrat SIEGE NS")- SUMIFS( INDEX( 'ETPT Format DDG'!$A:$EF,,MATCH("8.4. AUTRES SECTIONS SPÉCIALISÉES",'ETPT Format DDG'!2:2,0)),'ETPT Format DDG'!$EA:$EA,"Magistrat SIEGE NS")- SUMIFS( INDEX( 'ETPT Format DDG'!$A:$EF,,MATCH("9. TOTAL JAP",'ETPT Format DDG'!2:2,0)),'ETPT Format DDG'!$EA:$EA,"Magistrat SIEGE NS")- SUMIFS( INDEX( 'ETPT Format DDG'!$A:$EF,,MATCH("6.2. ACTIVITÉ PÉNALE",'ETPT Format DDG'!2:2,0)),'ETPT Format DDG'!$EA:$EA,"Magistrat SIEGE NS")- SUMIFS( INDEX( 'ETPT Format DDG'!$A:$EF,,MATCH("10. TOTAL JLD PÉNAL",'ETPT Format DDG'!2:2,0)),'ETPT Format DDG'!$EA:$EA,"Magistrat SIEGE NS")- SUM(AM6:AW6) -> #N/A | AZ6: =SUM(AM6:AY6) -> #N/A | BJ6: =SUM(BA6:BI6) -> 0
A7: ETPT_TJ | D7: =$D$5 | E7: 166-04-NC | F7: Action 4 - Conseil supérieur de la magistrature | H7: =SUM(G7) -> 0 | W7: =SUM(I7:V7) -> 0 | AB7: =SUM(X7:AA7) -> 0 | AD7: =SUMIFS( INDEX( 'ETPT Format DDG'!$A:$EF,,MATCH("11.5. CSM",'ETPT Format DDG'!2:2,0)),'ETPT Format DDG'!$C:$C,$D$5,'ETPT Format DDG'!H:H,"JCP")+ SUMIFS( INDEX( 'ETPT Format DDG'!$A:$EF,,MATCH("11.5. CSM",'ETPT Format DDG'!2:2,0)),'ETPT Format DDG'!$C:$C,$D$5,'ETPT Format DDG'!H:H,"VPCP")+ SUMIFS( INDEX( 'ETPT Format DDG'!$A:$EF,,MATCH("11.5. CSM",'ETPT Format DDG'!2:2,0)),'ETPT Format DDG'!$C:$C,$D$5,'ETPT Format DDG'!H:H,"1VPCP") -> #N/A | AE7: =SUMIFS( INDEX( 'ETPT Format DDG'!$A:$EF,,MATCH("11.5. CSM",'ETPT Format DDG'!2:2,0)),'ETPT Format DDG'!$C:$C,$D$5,'ETPT Format DDG'!H:H,"JI")+ SUMIFS( INDEX( 'ETPT Format DDG'!$A:$EF,,MATCH("11.5. CSM",'ETPT Format DDG'!2:2,0)),'ETPT Format DDG'!$C:$C,$D$5,'ETPT Format DDG'!H:H,"VPI")+ SUMIFS( INDEX( 'ETPT Format DDG'!$A:$EF,,MATCH("11.5. CSM",'ETPT Format DDG'!2:2,0)),'ETPT Format DDG'!$C:$C,$D$5,'ETPT Format DDG'!H:H,"1VPI") -> #N/A | AI7: =SUMIFS( INDEX( 'ETPT Format DDG'!$A:$EF,,MATCH("11.5. CSM",'ETPT Format DDG'!2:2,0)),'ETPT Format DDG'!$C:$C,$D$5,'ETPT Format DDG'!H:H,"JAP")+ SUMIFS( INDEX( 'ETPT Format DDG'!$A:$EF,,MATCH("11.5. CSM",'ETPT Format DDG'!2:2,0)),'ETPT Format DDG'!$C:$C,$D$5,'ETPT Format DDG'!H:H,"VPAP")+ SUMIFS( INDEX( 'ETPT Format DDG'!$A:$EF,,MATCH("11.5. CSM",'ETPT Format DDG'!2:2,0)),'ETPT Format DDG'!$C:$C,$D$5,'ETPT Format DDG'!H:H,"1VPAP") -> #N/A | AJ7: =SUMIFS( INDEX( 'ETPT Format DDG'!$A:$EF,,MATCH("11.5. CSM",'ETPT Format DDG'!2:2,0)),'ETPT Format DDG'!$C:$C,$D$5,'ETPT Format DDG'!H:H,"JE")+ SUMIFS( INDEX( 'ETPT Format DDG'!$A:$EF,,MATCH("11.5. CSM",'ETPT Format DDG'!2:2,0)),'ETPT Format DDG'!$C:$C,$D$5,'ETPT Format DDG'!H:H,"VPE")+ SUMIFS( INDEX( 'ETPT Format DDG'!$A:$EF,,MATCH("11.5. CSM",'ETPT Format DDG'!2:2,0)),'ETPT Format DDG'!$C:$C,$D$5,'ETPT Format DDG'!H:H,"1VPE") -> #N/A | AK7: =SUMIFS( INDEX( 'ETPT Format DDG'!$A:$EF,,MATCH("11.5. CSM",'ETPT Format DDG'!2:2,0)),'ETPT Format DDG'!$C:$C,$D$5,'ETPT Format DDG'!H:H,"VPLD")+ SUMIFS( INDEX( 'ETPT Format DDG'!$A:$EF,,MATCH("11.5. CSM",'ETPT Format DDG'!2:2,0)),'ETPT Format DDG'!$C:$C,$D$5,'ETPT Format DDG'!H:H,"1VPLD") -> #N/A | AL7: =SUM(AC7:AK7) -> #N/A | AY7: =SUMIFS( INDEX( 'ETPT Format DDG'!$A:$EF,,MATCH("11.5. CSM",'ETPT Format DDG'!2:2,0)),'ETPT Format DDG'!$C:$C,$D$5,'ETPT Format DDG'!$EA:$EA,"Magistrat SIEGE NS") -> #N/A | AZ7: =SUM(AM7:AY7) -> #N/A | BJ7: =SUM(BA7:BI7) -> 0
A8: ETPT_TJ | D8: =$D$5 | E8: 166-06-99 | F8: Action 6 - Accueil du justiciable (inclus SAUJ) | G8: =SUMIFS( INDEX( 'ETPT Format DDG'!$A:$EF,,MATCH("11.51. ACCUEIL DU JUSTICIABLE (DONT SAUJ)",'ETPT Format DDG'!2:2,0)),'ETPT Format DDG'!$C:$C,$D$5,'ETPT Format DDG'!$EA:$EA,"Fonctionnaire CTECH") -> #N/A | H8: =SUM(G8) -> #N/A | V8: =SUMIFS( INDEX( 'ETPT Format DDG'!$A:$EF,,MATCH("11.51. ACCUEIL DU JUSTICIABLE (DONT SAUJ)",'ETPT Format DDG'!2:2,0)),'ETPT Format DDG'!$C:$C,$D$5,'ETPT Format DDG'!$EA:$EA,"Fonctionnaire A-B-CBUR") -> #N/A | W8: =SUM(I8:V8) -> #N/A | X8: =SUMIFS( INDEX( 'ETPT Format DDG'!$A:$EF,,MATCH("11.51. ACCUEIL DU JUSTICIABLE (DONT SAUJ)",'ETPT Format DDG'!2:2,0)),'ETPT Format DDG'!$C:$C,$D$5,'ETPT Format DDG'!$EA:$EA,"CONT A JP Autour du Juge") -> #N/A | Y8: =SUMIFS( INDEX( 'ETPT Format DDG'!$A:$EF,,MATCH("11.51. ACCUEIL DU JUSTICIABLE (DONT SAUJ)",'ETPT Format DDG'!2:2,0)),'ETPT Format DDG'!$C:$C,$D$5,'ETPT Format DDG'!$EA:$EA,"JURISTE AS Parquet") -> #N/A | Z8: =SUMIFS( INDEX( 'ETPT Format DDG'!$A:$EF,,MATCH("11.51. ACCUEIL DU JUSTICIABLE (DONT SAUJ)",'ETPT Format DDG'!2:2,0)),'ETPT Format DDG'!$C:$C,$D$5,'ETPT Format DDG'!$EA:$EA,"JURISTE AS Pôle social") -> #N/A | AA8: =SUMIFS( INDEX( 'ETPT Format DDG'!$A:$EF,,MATCH("11.51. ACCUEIL DU JUSTICIABLE (DONT SAUJ)",'ETPT Format DDG'!2:2,0)),'ETPT Format DDG'!$C:$C,$D$5,'ETPT Format DDG'!$EA:$EA,"JURISTE AS siège Autres") -> #N/A | AB8: =SUM(X8:AA8) -> #N/A | AL8: =SUM(AC8:AK8) -> 0 | AZ8: =SUM(AM8:AY8) -> 0 | BJ8: =SUM(BA8:BI8) -> 0
A9: ETPT_TJ | D9: =$D$5 | E9: 166-06-NC | F9: Action 6 - Soutien (Hors accueil du justiciable) | G9: =SUMIFS( INDEX( 'ETPT Format DDG'!$A:$EF,,MATCH("11.1. SOUTIEN (HORS FORMATIONS SUIVIES)",'ETPT Format DDG'!2:2,0)),'ETPT Format DDG'!$C:$C,$D$5,'ETPT Format DDG'!$EA:$EA,"Fonctionnaire CTECH")+ SUMIFS( INDEX( 'ETPT Format DDG'!$A:$EF,,MATCH("11.2. FORMATIONS SUIVIES",'ETPT Format DDG'!2:2,0)),'ETPT Format DDG'!$C:$C,$D$5,'ETPT Format DDG'!$EA:$EA,"Fonctionnaire CTECH")+ SUMIFS( INDEX( 'ETPT Format DDG'!$A:$EF,,MATCH("11.6. AUTRES ACTIVITÉS NON JURIDICTIONNELLES",'ETPT Format DDG'!2:2,0)),'ETPT Format DDG'!$C:$C,$D$5,'ETPT Format DDG'!$EA:$EA,"Fonctionnaire CTECH") -> #N/A | H9: =SUM(G9) -> #N/A | V9: =SUMIFS( INDEX( 'ETPT Format DDG'!$A:$EF,,MATCH("11.1. SOUTIEN (HORS FORMATIONS SUIVIES)",'ETPT Format DDG'!2:2,0)),'ETPT Format DDG'!$C:$C,$D$5,'ETPT Format DDG'!$EA:$EA,"Fonctionnaire A-B-CBUR")+ SUMIFS( INDEX( 'ETPT Format DDG'!$A:$EF,,MATCH("11.2. FORMATIONS SUIVIES",'ETPT Format DDG'!2:2,0)),'ETPT Format DDG'!$C:$C,$D$5,'ETPT Format DDG'!$EA:$EA,"Fonctionnaire A-B-CBUR")+ SUMIFS( INDEX( 'ETPT Format DDG'!$A:$EF,,MATCH("11.6. AUTRES ACTIVITÉS NON JURIDICTIONNELLES",'ETPT Format DDG'!2:2,0)),'ETPT Format DDG'!$C:$C,$D$5,'ETPT Format DDG'!$EA:$EA,"Fonctionnaire A-B-CBUR")+ SUMIFS( INDEX( 'ETPT Format DDG'!$A:$EF,,MATCH("Temps ventilé sur la période (y.c. indisponibilité)",'ETPT Format DDG'!2:2,0)),'ETPT Format DDG'!$C:$C,$D$5,'ETPT Format DDG'!$EA:$EA,"CONT A JP Greffe") -> #N/A | W9: =SUM(I9:V9) -> #N/A | X9: =SUMIFS( INDEX( 'ETPT Format DDG'!$A:$EF,,MATCH("11.1. SOUTIEN (HORS FORMATIONS SUIVIES)",'ETPT Format DDG'!2:2,0)),'ETPT Format DDG'!$C:$C,$D$5,'ETPT Format DDG'!$EA:$EA,"CONT A JP Autour du Juge")+ SUMIFS( INDEX( 'ETPT Format DDG'!$A:$EF,,MATCH("11.2. FORMATIONS SUIVIES",'ETPT Format DDG'!2:2,0)),'ETPT Format DDG'!$C:$C,$D$5,'ETPT Format DDG'!$EA:$EA,"CONT A JP Autour du Juge")+ SUMIFS( INDEX( 'ETPT Format DDG'!$A:$EF,,MATCH("11.6. AUTRES ACTIVITÉS NON JURIDICTIONNELLES",'ETPT Format DDG'!2:2,0)),'ETPT Format DDG'!$C:$C,$D$5,'ETPT Format DDG'!$EA:$EA,"CONT A JP Autour du Juge") -> #N/A | Y9: =SUMIFS( INDEX( 'ETPT Format DDG'!$A:$EF,,MATCH("11.1. SOUTIEN (HORS FORMATIONS SUIVIES)",'ETPT Format DDG'!2:2,0)),'ETPT Format DDG'!$C:$C,$D$5,'ETPT Format DDG'!$EA:$EA,"JURISTE AS Parquet")+ SUMIFS( INDEX( 'ETPT Format DDG'!$A:$EF,,MATCH("11.2. FORMATIONS SUIVIES",'ETPT Format DDG'!2:2,0)),'ETPT Format DDG'!$C:$C,$D$5,'ETPT Format DDG'!$EA:$EA,"JURISTE AS Parquet")+ SUMIFS( INDEX( 'ETPT Format DDG'!$A:$EF,,MATCH("11.6. AUTRES ACTIVITÉS NON JURIDICTIONNELLES",'ETPT Format DDG'!2:2,0)),'ETPT Format DDG'!$C:$C,$D$5,'ETPT Format DDG'!$EA:$EA,"JURISTE AS Parquet") -> #N/A | Z9: =SUMIFS( INDEX( 'ETPT Format DDG'!$A:$EF,,MATCH("11.1. SOUTIEN (HORS FORMATIONS SUIVIES)",'ETPT Format DDG'!2:2,0)),'ETPT Format DDG'!$C:$C,$D$5,'ETPT Format DDG'!$EA:$EA,"JURISTE AS Pôle social")+ SUMIFS( INDEX( 'ETPT Format DDG'!$A:$EF,,MATCH("11.2. FORMATIONS SUIVIES",'ETPT Format DDG'!2:2,0)),'ETPT Format DDG'!$C:$C,$D$5,'ETPT Format DDG'!$EA:$EA,"JURISTE AS Pôle social")+ SUMIFS( INDEX( 'ETPT Format DDG'!$A:$EF,,MATCH("11.6. AUTRES ACTIVITÉS NON JURIDICTIONNELLES",'ETPT Format DDG'!2:2,0)),'ETPT Format DDG'!$C:$C,$D$5,'ETPT Format DDG'!$EA:$EA,"JURISTE AS Pôle social") -> #N/A | AA9: =SUMIFS( INDEX( 'ETPT Format DDG'!$A:$EF,,MATCH("11.1. SOUTIEN (HORS FORMATIONS SUIVIES)",'ETPT Format DDG'!2:2,0)),'ETPT Format DDG'!$C:$C,$D$5,'ETPT Format DDG'!$EA:$EA,"JURISTE AS siège Autres")+ SUMIFS( INDEX( 'ETPT Format DDG'!$A:$EF,,MATCH("11.2. FORMATIONS SUIVIES",'ETPT Format DDG'!2:2,0)),'ETPT Format DDG'!$C:$C,$D$5,'ETPT Format DDG'!$EA:$EA,"JURISTE AS siège Autres")+ SUMIFS( INDEX( 'ETPT Format DDG'!$A:$EF,,MATCH("11.6. AUTRES ACTIVITÉS NON JURIDICTIONNELLES",'ETPT Format DDG'!2:2,0)),'ETPT Format DDG'!$C:$C,$D$5,'ETPT Format DDG'!$EA:$EA,"JURISTE AS siège Autres") -> #N/A | AB9: =SUM(X9:AA9) -> #N/A | AD9: =SUMIFS( INDEX( 'ETPT Format DDG'!$A:$EF,,MATCH("11.1. SOUTIEN (HORS FORMATIONS SUIVIES)",'ETPT Format DDG'!2:2,0)),'ETPT Format DDG'!$C:$C,$D$5,'ETPT Format DDG'!$H:$H,"JCP")+ SUMIFS( INDEX( 'ETPT Format DDG'!$A:$EF,,MATCH("11.1. SOUTIEN (HORS FORMATIONS SUIVIES)",'ETPT Format DDG'!2:2,0)),'ETPT Format DDG'!$C:$C,$D$5,'ETPT Format DDG'!$H:$H,"VPCP")+ SUMIFS( INDEX( 'ETPT Format DDG'!$A:$EF,,MATCH("11.1. SOUTIEN (HORS FORMATIONS SUIVIES)",'ETPT Format DDG'!2:2,0)),'ETPT Format DDG'!$C:$C,$D$5,'ETPT Format DDG'!$H:$H,"1VPCP")+ SUMIFS( INDEX( 'ETPT Format DDG'!$A:$EF,,MATCH("11.2. FORMATIONS SUIVIES",'ETPT Format DDG'!2:2,0)),'ETPT Format DDG'!$C:$C,$D$5,'ETPT Format DDG'!$H:$H,"JCP")+ SUMIFS( INDEX( 'ETPT Format DDG'!$A:$EF,,MATCH("11.2. FORMATIONS SUIVIES",'ETPT Format DDG'!2:2,0)),'ETPT Format DDG'!$C:$C,$D$5,'ETPT Format DDG'!$H:$H,"VPCP")+ SUMIFS( INDEX( 'ETPT Format DDG'!$A:$EF,,MATCH("11.2. FORMATIONS SUIVIES",'ETPT Format DDG'!2:2,0)),'ETPT Format DDG'!$C:$C,$D$5,'ETPT Format DDG'!$H:$H,"1VPCP")+ SUMIFS( INDEX( 'ETPT Format DDG'!$A:$EF,,MATCH("11.6. AUTRES ACTIVITÉS NON JURIDICTIONNELLES",'ETPT Format DDG'!2:2,0)),'ETPT Format DDG'!$C:$C,$D$5,'ETPT Format DDG'!$H:$H,"JCP")+ SUMIFS( INDEX( 'ETPT Format DDG'!$A:$EF,,MATCH("11.6. AUTRES ACTIVITÉS NON JURIDICTIONNELLES",'ETPT Format DDG'!2:2,0)),'ETPT Format DDG'!$C:$C,$D$5,'ETPT Format DDG'!$H:$H,"VPCP")+ SUMIFS( INDEX( 'ETPT Format DDG'!$A:$EF,,MATCH("11.6. AUTRES ACTIVITÉS NON JURIDICTIONNELLES",'ETPT Format DDG'!2:2,0)),'ETPT Format DDG'!$C:$C,$D$5,'ETPT Format DDG'!$H:$H,"1VPCP") -> #N/A | AE9: =SUMIFS( INDEX( 'ETPT Format DDG'!$A:$EF,,MATCH("11.1. SOUTIEN (HORS FORMATIONS SUIVIES)",'ETPT Format DDG'!2:2,0)),'ETPT Format DDG'!$C:$C,$D$5,'ETPT Format DDG'!$H:$H,"JI")+ SUMIFS( INDEX( 'ETPT Format DDG'!$A:$EF,,MATCH("11.1. SOUTIEN (HORS FORMATIONS SUIVIES)",'ETPT Format DDG'!2:2,0)),'ETPT Format DDG'!$C:$C,$D$5,'ETPT Format DDG'!$H:$H,"VPI")+ SUMIFS( INDEX( 'ETPT Format DDG'!$A:$EF,,MATCH("11.1. SOUTIEN (HORS FORMATIONS SUIVIES)",'ETPT Format DDG'!2:2,0)),'ETPT Format DDG'!$C:$C,$D$5,'ETPT Format DDG'!$H:$H,"1VPI")+ SUMIFS( INDEX( 'ETPT Format DDG'!$A:$EF,,MATCH("11.2. FORMATIONS SUIVIES",'ETPT Format DDG'!2:2,0)),'ETPT Format DDG'!$C:$C,$D$5,'ETPT Format DDG'!$H:$H,"JI")+ SUMIFS( INDEX( 'ETPT Format DDG'!$A:$EF,,MATCH("11.2. FORMATIONS SUIVIES",'ETPT Format DDG'!2:2,0)),'ETPT Format DDG'!$C:$C,$D$5,'ETPT Format DDG'!$H:$H,"VPI")+ SUMIFS( INDEX( 'ETPT Format DDG'!$A:$EF,,MATCH("11.2. FORMATIONS SUIVIES",'ETPT Format DDG'!2:2,0)),'ETPT Format DDG'!$C:$C,$D$5,'ETPT Format DDG'!$H:$H,"1VPI")+ SUMIFS( INDEX( 'ETPT Format DDG'!$A:$EF,,MATCH("11.6. AUTRES ACTIVITÉS NON JURIDICTIONNELLES",'ETPT Format DDG'!2:2,0)),'ETPT Format DDG'!$C:$C,$D$5,'ETPT Format DDG'!$H:$H,"JI")+ SUMIFS( INDEX( 'ETPT Format DDG'!$A:$EF,,MATCH("11.6. AUTRES ACTIVITÉS NON JURIDICTIONNELLES",'ETPT Format DDG'!2:2,0)),'ETPT Format DDG'!$C:$C,$D$5,'ETPT Format DDG'!$H:$H,"VPI")+ SUMIFS( INDEX( 'ETPT Format DDG'!$A:$EF,,MATCH("11.6. AUTRES ACTIVITÉS NON JURIDICTIONNELLES",'ETPT Format DDG'!2:2,0)),'ETPT Format DDG'!$C:$C,$D$5,'ETPT Format DDG'!$H:$H,"1VPI") -> #N/A | AI9: =SUMIFS( INDEX( 'ETPT Format DDG'!$A:$EF,,MATCH("11.1. SOUTIEN (HORS FORMATIONS SUIVIES)",'ETPT Format DDG'!2:2,0)),'ETPT Format DDG'!$C:$C,$D$5,'ETPT Format DDG'!H:H,"JAP")+ SUMIFS( INDEX( 'ETPT Format DDG'!$A:$EF,,MATCH("11.1. SOUTIEN (HORS FORMATIONS SUIVIES)",'ETPT Format DDG'!2:2,0)),'ETPT Format DDG'!$C:$C,$D$5,'ETPT Format DDG'!H:H,"VPAP")+ SUMIFS( INDEX( 'ETPT Format DDG'!$A:$EF,,MATCH("11.1. SOUTIEN (HORS FORMATIONS SUIVIES)",'ETPT Format DDG'!2:2,0)),'ETPT Format DDG'!$C:$C,$D$5,'ETPT Format DDG'!H:H,"1VPAP")+ SUMIFS( INDEX( 'ETPT Format DDG'!$A:$EF,,MATCH("11.2. FORMATIONS SUIVIES",'ETPT Format DDG'!2:2,0)),'ETPT Format DDG'!$C:$C,$D$5,'ETPT Format DDG'!H:H,"JAP")+ SUMIFS( INDEX( 'ETPT Format DDG'!$A:$EF,,MATCH("11.2. FORMATIONS SUIVIES",'ETPT Format DDG'!2:2,0)),'ETPT Format DDG'!$C:$C,$D$5,'ETPT Format DDG'!H:H,"VPAP")+ SUMIFS( INDEX( 'ETPT Format DDG'!$A:$EF,,MATCH("11.2. FORMATIONS SUIVIES",'ETPT Format DDG'!2:2,0)),'ETPT Format DDG'!$C:$C,$D$5,'ETPT Format DDG'!H:H,"1VPAP")+ SUMIFS( INDEX( 'ETPT Format DDG'!$A:$EF,,MATCH("11.6. AUTRES ACTIVITÉS NON JURIDICTIONNELLES",'ETPT Format DDG'!2:2,0)),'ETPT Format DDG'!$C:$C,$D$5,'ETPT Format DDG'!H:H,"JAP")+ SUMIFS( INDEX( 'ETPT Format DDG'!$A:$EF,,MATCH("11.6. AUTRES ACTIVITÉS NON JURIDICTIONNELLES",'ETPT Format DDG'!2:2,0)),'ETPT Format DDG'!$C:$C,$D$5,'ETPT Format DDG'!H:H,"VPAP")+ SUMIFS( INDEX( 'ETPT Format DDG'!$A:$EF,,MATCH("11.6. AUTRES ACTIVITÉS NON JURIDICTIONNELLES",'ETPT Format DDG'!2:2,0)),'ETPT Format DDG'!$C:$C,$D$5,'ETPT Format DDG'!H:H,"1VPAP") -> #N/A | AJ9: =SUMIFS( INDEX( 'ETPT Format DDG'!$A:$EF,,MATCH("11.1. SOUTIEN (HORS FORMATIONS SUIVIES)",'ETPT Format DDG'!2:2,0)),'ETPT Format DDG'!$C:$C,$D$5,'ETPT Format DDG'!H:H,"JE")+ SUMIFS( INDEX( 'ETPT Format DDG'!$A:$EF,,MATCH("11.1. SOUTIEN (HORS FORMATIONS SUIVIES)",'ETPT Format DDG'!2:2,0)),'ETPT Format DDG'!$C:$C,$D$5,'ETPT Format DDG'!H:H,"VPE")+ SUMIFS( INDEX( 'ETPT Format DDG'!$A:$EF,,MATCH("11.1. SOUTIEN (HORS FORMATIONS SUIVIES)",'ETPT Format DDG'!2:2,0)),'ETPT Format DDG'!$C:$C,$D$5,'ETPT Format DDG'!H:H,"1VPE")+ SUMIFS( INDEX( 'ETPT Format DDG'!$A:$EF,,MATCH("11.2. FORMATIONS SUIVIES",'ETPT Format DDG'!2:2,0)),'ETPT Format DDG'!$C:$C,$D$5,'ETPT Format DDG'!H:H,"JE")+ SUMIFS( INDEX( 'ETPT Format DDG'!$A:$EF,,MATCH("11.2. FORMATIONS SUIVIES",'ETPT Format DDG'!2:2,0)),'ETPT Format DDG'!$C:$C,$D$5,'ETPT Format DDG'!H:H,"VPE")+ SUMIFS( INDEX( 'ETPT Format DDG'!$A:$EF,,MATCH("11.2. FORMATIONS SUIVIES",'ETPT Format DDG'!2:2,0)),'ETPT Format DDG'!$C:$C,$D$5,'ETPT Format DDG'!H:H,"1VPE")+ SUMIFS( INDEX( 'ETPT Format DDG'!$A:$EF,,MATCH("11.6. AUTRES ACTIVITÉS NON JURIDICTIONNELLES",'ETPT Format DDG'!2:2,0)),'ETPT Format DDG'!$C:$C,$D$5,'ETPT Format DDG'!H:H,"JE")+ SUMIFS( INDEX( 'ETPT Format DDG'!$A:$EF,,MATCH("11.6. AUTRES ACTIVITÉS NON JURIDICTIONNELLES",'ETPT Format DDG'!2:2,0)),'ETPT Format DDG'!$C:$C,$D$5,'ETPT Format DDG'!H:H,"VPE")+ SUMIFS( INDEX( 'ETPT Format DDG'!$A:$EF,,MATCH("11.6. AUTRES ACTIVITÉS NON JURIDICTIONNELLES",'ETPT Format DDG'!2:2,0)),'ETPT Format DDG'!$C:$C,$D$5,'ETPT Format DDG'!H:H,"1VPE") -> #N/A | AK9: =SUMIFS( INDEX( 'ETPT Format DDG'!$A:$EF,,MATCH("11.1. SOUTIEN (HORS FORMATIONS SUIVIES)",'ETPT Format DDG'!2:2,0)),'ETPT Format DDG'!$C:$C,$D$5,'ETPT Format DDG'!H:H,"VPLD")+ SUMIFS( INDEX( 'ETPT Format DDG'!$A:$EF,,MATCH("11.1. SOUTIEN (HORS FORMATIONS SUIVIES)",'ETPT Format DDG'!2:2,0)),'ETPT Format DDG'!$C:$C,$D$5,'ETPT Format DDG'!H:H,"1VPLD")+ SUMIFS( INDEX( 'ETPT Format DDG'!$A:$EF,,MATCH("11.2. FORMATIONS SUIVIES",'ETPT Format DDG'!2:2,0)),'ETPT Format DDG'!$C:$C,$D$5,'ETPT Format DDG'!H:H,"VPLD")+ SUMIFS( INDEX( 'ETPT Format DDG'!$A:$EF,,MATCH("11.2. FORMATIONS SUIVIES",'ETPT Format DDG'!2:2,0)),'ETPT Format DDG'!$C:$C,$D$5,'ETPT Format DDG'!H:H,"1VPLD")+ SUMIFS( INDEX( 'ETPT Format DDG'!$A:$EF,,MATCH("11.6. AUTRES ACTIVITÉS NON JURIDICTIONNELLES",'ETPT Format DDG'!2:2,0)),'ETPT Format DDG'!$C:$C,$D$5,'ETPT Format DDG'!H:H,"VPLD")+ SUMIFS( INDEX( 'ETPT Format DDG'!$A:$EF,,MATCH("11.6. AUTRES ACTIVITÉS NON JURIDICTIONNELLES",'ETPT Format DDG'!2:2,0)),'ETPT Format DDG'!$C:$C,$D$5,'ETPT Format DDG'!H:H,"1VPLD") -> #N/A | AL9: =SUM(AC9:AK9) -> #N/A | AY9: =SUMIFS( INDEX( 'ETPT Format DDG'!$A:$EF,,MATCH("11.1. SOUTIEN (HORS FORMATIONS SUIVIES)",'ETPT Format DDG'!2:2,0)),'ETPT Format DDG'!$C:$C,$D$5,'ETPT Format DDG'!$EA:$EA,"Magistrat SIEGE NS")+ SUMIFS( INDEX( 'ETPT Format DDG'!$A:$EF,,MATCH("11.2. FORMATIONS SUIVIES",'ETPT Format DDG'!2:2,0)),'ETPT Format DDG'!$C:$C,$D$5,'ETPT Format DDG'!$EA:$EA,"Magistrat SIEGE NS")+ SUMIFS( INDEX( 'ETPT Format DDG'!$A:$EF,,MATCH("11.6. AUTRES ACTIVITÉS NON JURIDICTIONNELLES",'ETPT Format DDG'!2:2,0)),'ETPT Format DDG'!$C:$C,$D$5,'ETPT Format DDG'!$EA:$EA,"Magistrat SIEGE NS") -> #N/A | AZ9: =SUM(AM9:AY9) -> #N/A | BJ9: =SUM(BA9:BI9) -> 0
A10: ETPT_TJ | D10: =$D$5 | E10: 166-07-NC | F10: Action 7 - Formation dispensée | G10: =SUMIFS( INDEX( 'ETPT Format DDG'!$A:$EF,,MATCH("11.3. FORMATIONS DISPENSÉES",'ETPT Format DDG'!2:2,0)),'ETPT Format DDG'!$C:$C,$D$5,'ETPT Format DDG'!$EA:$EA,"Fonctionnaire CTECH") -> #N/A | H10: =SUM(G10) -> #N/A | V10: =SUMIFS( INDEX( 'ETPT Format DDG'!$A:$EF,,MATCH("11.3. FORMATIONS DISPENSÉES",'ETPT Format DDG'!2:2,0)),'ETPT Format DDG'!$C:$C,$D$5,'ETPT Format DDG'!$EA:$EA,"Fonctionnaire A-B-CBUR") -> #N/A | W10: =SUM(I10:V10) -> #N/A | X10: =SUMIFS( INDEX( 'ETPT Format DDG'!$A:$EF,,MATCH("11.3. FORMATIONS DISPENSÉES",'ETPT Format DDG'!2:2,0)),'ETPT Format DDG'!$C:$C,$D$5,'ETPT Format DDG'!$EA:$EA,"CONT A JP Autour du Juge") -> #N/A | Y10: =SUMIFS( INDEX( 'ETPT Format DDG'!$A:$EF,,MATCH("11.3. FORMATIONS DISPENSÉES",'ETPT Format DDG'!2:2,0)),'ETPT Format DDG'!$C:$C,$D$5,'ETPT Format DDG'!$EA:$EA,"JURISTE AS Parquet") -> #N/A | Z10: =SUMIFS( INDEX( 'ETPT Format DDG'!$A:$EF,,MATCH("11.3. FORMATIONS DISPENSÉES",'ETPT Format DDG'!2:2,0)),'ETPT Format DDG'!$C:$C,$D$5,'ETPT Format DDG'!$EA:$EA,"JURISTE AS Pôle social") -> #N/A | AA10: =SUMIFS( INDEX( 'ETPT Format DDG'!$A:$EF,,MATCH("11.3. FORMATIONS DISPENSÉES",'ETPT Format DDG'!2:2,0)),'ETPT Format DDG'!$C:$C,$D$5,'ETPT Format DDG'!$EA:$EA,"JURISTE AS siège Autres") -> #N/A | AB10: =SUM(X10:AA10) -> #N/A | AD10: =SUMIFS( INDEX( 'ETPT Format DDG'!$A:$EF,,MATCH("11.3. FORMATIONS DISPENSÉES",'ETPT Format DDG'!2:2,0)),'ETPT Format DDG'!$C:$C,$D$5,'ETPT Format DDG'!$H:$H,"JCP")+ SUMIFS( INDEX( 'ETPT Format DDG'!$A:$EF,,MATCH("11.3. FORMATIONS DISPENSÉES",'ETPT Format DDG'!2:2,0)),'ETPT Format DDG'!$C:$C,$D$5,'ETPT Format DDG'!$H:$H,"VPCP")+ SUMIFS( INDEX( 'ETPT Format DDG'!$A:$EF,,MATCH("11.3. FORMATIONS DISPENSÉES",'ETPT Format DDG'!2:2,0)),'ETPT Format DDG'!$C:$C,$D$5,'ETPT Format DDG'!$H:$H,"1VPCP") -> #N/A | AE10: =SUMIFS( INDEX( 'ETPT Format DDG'!$A:$EF,,MATCH("11.3. FORMATIONS DISPENSÉES",'ETPT Format DDG'!2:2,0)),'ETPT Format DDG'!$C:$C,$D$5,'ETPT Format DDG'!$H:$H,"JI")+ SUMIFS( INDEX( 'ETPT Format DDG'!$A:$EF,,MATCH("11.3. FORMATIONS DISPENSÉES",'ETPT Format DDG'!2:2,0)),'ETPT Format DDG'!$C:$C,$D$5,'ETPT Format DDG'!$H:$H,"VPI")+ SUMIFS( INDEX( 'ETPT Format DDG'!$A:$EF,,MATCH("11.3. FORMATIONS DISPENSÉES",'ETPT Format DDG'!2:2,0)),'ETPT Format DDG'!$C:$C,$D$5,'ETPT Format DDG'!$H:$H,"1VPI") -> #N/A | AI10: =SUMIFS( INDEX( 'ETPT Format DDG'!$A:$EF,,MATCH("11.3. FORMATIONS DISPENSÉES",'ETPT Format DDG'!2:2,0)),'ETPT Format DDG'!$C:$C,$D$5,'ETPT Format DDG'!$H:$H,"JAP")+ SUMIFS( INDEX( 'ETPT Format DDG'!$A:$EF,,MATCH("11.3. FORMATIONS DISPENSÉES",'ETPT Format DDG'!2:2,0)),'ETPT Format DDG'!$C:$C,$D$5,'ETPT Format DDG'!$H:$H,"VPAP")+ SUMIFS( INDEX( 'ETPT Format DDG'!$A:$EF,,MATCH("11.3. FORMATIONS DISPENSÉES",'ETPT Format DDG'!2:2,0)),'ETPT Format DDG'!$C:$C,$D$5,'ETPT Format DDG'!$H:$H,"1VPAP") -> #N/A | AJ10: =SUMIFS( INDEX( 'ETPT Format DDG'!$A:$EF,,MATCH("11.3. FORMATIONS DISPENSÉES",'ETPT Format DDG'!2:2,0)),'ETPT Format DDG'!$C:$C,$D$5,'ETPT Format DDG'!$H:$H,"JE")+ SUMIFS( INDEX( 'ETPT Format DDG'!$A:$EF,,MATCH("11.3. FORMATIONS DISPENSÉES",'ETPT Format DDG'!2:2,0)),'ETPT Format DDG'!$C:$C,$D$5,'ETPT Format DDG'!$H:$H,"VPE")+ SUMIFS( INDEX( 'ETPT Format DDG'!$A:$EF,,MATCH("11.3. FORMATIONS DISPENSÉES",'ETPT Format DDG'!2:2,0)),'ETPT Format DDG'!$C:$C,$D$5,'ETPT Format DDG'!$H:$H,"1VPE") -> #N/A | AK10: =SUMIFS( INDEX( 'ETPT Format DDG'!$A:$EF,,MATCH("11.3. FORMATIONS DISPENSÉES",'ETPT Format DDG'!2:2,0)),'ETPT Format DDG'!$C:$C,$D$5,'ETPT Format DDG'!$H:$H,"VPLD")+ SUMIFS( INDEX( 'ETPT Format DDG'!$A:$EF,,MATCH("11.3. FORMATIONS DISPENSÉES",'ETPT Format DDG'!2:2,0)),'ETPT Format DDG'!$C:$C,$D$5,'ETPT Format DDG'!$H:$H,"1VPLD") -> #N/A | AL10: =SUM(AC10:AK10) -> #N/A | AY10: =SUMIFS( INDEX( 'ETPT Format DDG'!$A:$EF,,MATCH("11.3. FORMATIONS DISPENSÉES",'ETPT Format DDG'!2:2,0)),'ETPT Format DDG'!$C:$C,$D$5,'ETPT Format DDG'!$EA:$EA,"Magistrat SIEGE NS") -> #N/A | AZ10: =SUM(AM10:AY10) -> #N/A | BJ10: =SUM(BA10:BI10) -> 0
A11: ETPT_TJ | D11: =$D$5 | E11: 166-08-NC | F11: Action 8 - Support à l'accès au droit et à la justice | G11: =SUMIFS( INDEX( 'ETPT Format DDG'!$A:$EF,,MATCH("11.4. ACCÈS AU DROIT ET À LA JUSTICE",'ETPT Format DDG'!2:2,0)),'ETPT Format DDG'!$C:$C,$D$5,'ETPT Format DDG'!$EA:$EA,"Fonctionnaire CTECH") -> #N/A | H11: =SUM(G11) -> #N/A | V11: =SUMIFS( INDEX( 'ETPT Format DDG'!$A:$EF,,MATCH("11.4. ACCÈS AU DROIT ET À LA JUSTICE",'ETPT Format DDG'!2:2,0)),'ETPT Format DDG'!$C:$C,$D$5,'ETPT Format DDG'!$EA:$EA,"Fonctionnaire A-B-CBUR") -> #N/A | W11: =SUM(I11:V11) -> #N/A | X11: =SUMIFS( INDEX( 'ETPT Format DDG'!$A:$EF,,MATCH("11.4. ACCÈS AU DROIT ET À LA JUSTICE",'ETPT Format DDG'!2:2,0)),'ETPT Format DDG'!$C:$C,$D$5,'ETPT Format DDG'!$EA:$EA,"CONT A JP Autour du Juge") -> #N/A | Y11: =SUMIFS( INDEX( 'ETPT Format DDG'!$A:$EF,,MATCH("11.4. ACCÈS AU DROIT ET À LA JUSTICE",'ETPT Format DDG'!2:2,0)),'ETPT Format DDG'!$C:$C,$D$5,'ETPT Format DDG'!$EA:$EA,"JURISTE AS Parquet") -> #N/A | Z11: =SUMIFS( INDEX( 'ETPT Format DDG'!$A:$EF,,MATCH("11.4. ACCÈS AU DROIT ET À LA JUSTICE",'ETPT Format DDG'!2:2,0)),'ETPT Format DDG'!$C:$C,$D$5,'ETPT Format DDG'!$EA:$EA,"JURISTE AS Pôle social") -> #N/A | AA11: =SUMIFS( INDEX( 'ETPT Format DDG'!$A:$EF,,MATCH("11.4. ACCÈS AU DROIT ET À LA JUSTICE",'ETPT Format DDG'!2:2,0)),'ETPT Format DDG'!$C:$C,$D$5,'ETPT Format DDG'!$EA:$EA,"JURISTE AS siège Autres") -> #N/A | AB11: =SUM(X11:AA11) -> #N/A | AD11: =SUMIFS( INDEX( 'ETPT Format DDG'!$A:$EF,,MATCH("11.4. ACCÈS AU DROIT ET À LA JUSTICE",'ETPT Format DDG'!2:2,0)),'ETPT Format DDG'!$C:$C,$D$5,'ETPT Format DDG'!$H:$H,"JCP")+ SUMIFS( INDEX( 'ETPT Format DDG'!$A:$EF,,MATCH("11.4. ACCÈS AU DROIT ET À LA JUSTICE",'ETPT Format DDG'!2:2,0)),'ETPT Format DDG'!$C:$C,$D$5,'ETPT Format DDG'!$H:$H,"VPCP")+ SUMIFS( INDEX( 'ETPT Format DDG'!$A:$EF,,MATCH("11.4. ACCÈS AU DROIT ET À LA JUSTICE",'ETPT Format DDG'!2:2,0)),'ETPT Format DDG'!$C:$C,$D$5,'ETPT Format DDG'!$H:$H,"1VPCP") -> #N/A | AE11: =SUMIFS( INDEX( 'ETPT Format DDG'!$A:$EF,,MATCH("11.4. ACCÈS AU DROIT ET À LA JUSTICE",'ETPT Format DDG'!2:2,0)),'ETPT Format DDG'!$C:$C,$D$5,'ETPT Format DDG'!$H:$H,"JI")+ SUMIFS( INDEX( 'ETPT Format DDG'!$A:$EF,,MATCH("11.4. ACCÈS AU DROIT ET À LA JUSTICE",'ETPT Format DDG'!2:2,0)),'ETPT Format DDG'!$C:$C,$D$5,'ETPT Format DDG'!$H:$H,"VPI")+ SUMIFS( INDEX( 'ETPT Format DDG'!$A:$EF,,MATCH("11.4. ACCÈS AU DROIT ET À LA JUSTICE",'ETPT Format DDG'!2:2,0)),'ETPT Format DDG'!$C:$C,$D$5,'ETPT Format DDG'!$H:$H,"1VPI") -> #N/A | AI11: =SUMIFS( INDEX( 'ETPT Format DDG'!$A:$EF,,MATCH("11.4. ACCÈS AU DROIT ET À LA JUSTICE",'ETPT Format DDG'!2:2,0)),'ETPT Format DDG'!$C:$C,$D$5,'ETPT Format DDG'!$H:$H,"JAP")+ SUMIFS( INDEX( 'ETPT Format DDG'!$A:$EF,,MATCH("11.4. ACCÈS AU DROIT ET À LA JUSTICE",'ETPT Format DDG'!2:2,0)),'ETPT Format DDG'!$C:$C,$D$5,'ETPT Format DDG'!$H:$H,"VPAP")+ SUMIFS( INDEX( 'ETPT Format DDG'!$A:$EF,,MATCH("11.4. ACCÈS AU DROIT ET À LA JUSTICE",'ETPT Format DDG'!2:2,0)),'ETPT Format DDG'!$C:$C,$D$5,'ETPT Format DDG'!$H:$H,"1VPAP") -> #N/A | AJ11: =SUMIFS( INDEX( 'ETPT Format DDG'!$A:$EF,,MATCH("11.4. ACCÈS AU DROIT ET À LA JUSTICE",'ETPT Format DDG'!2:2,0)),'ETPT Format DDG'!$C:$C,$D$5,'ETPT Format DDG'!$H:$H,"JE")+ SUMIFS( INDEX( 'ETPT Format DDG'!$A:$EF,,MATCH("11.4. ACCÈS AU DROIT ET À LA JUSTICE",'ETPT Format DDG'!2:2,0)),'ETPT Format DDG'!$C:$C,$D$5,'ETPT Format DDG'!$H:$H,"VPE")+ SUMIFS( INDEX( 'ETPT Format DDG'!$A:$EF,,MATCH("11.4. ACCÈS AU DROIT ET À LA JUSTICE",'ETPT Format DDG'!2:2,0)),'ETPT Format DDG'!$C:$C,$D$5,'ETPT Format DDG'!$H:$H,"1VPE") -> #N/A | AK11: =SUMIFS( INDEX( 'ETPT Format DDG'!$A:$EF,,MATCH("11.4. ACCÈS AU DROIT ET À LA JUSTICE",'ETPT Format DDG'!2:2,0)),'ETPT Format DDG'!$C:$C,$D$5,'ETPT Format DDG'!$H:$H,"VPLD")+ SUMIFS( INDEX( 'ETPT Format DDG'!$A:$EF,,MATCH("11.4. ACCÈS AU DROIT ET À LA JUSTICE",'ETPT Format DDG'!2:2,0)),'ETPT Format DDG'!$C:$C,$D$5,'ETPT Format DDG'!$H:$H,"1VPLD") -> #N/A | AL11: =SUM(AC11:AK11) -> #N/A | AY11: =SUMIFS( INDEX( 'ETPT Format DDG'!$A:$EF,,MATCH("11.4. ACCÈS AU DROIT ET À LA JUSTICE",'ETPT Format DDG'!2:2,0)),'ETPT Format DDG'!$C:$C,$D$5,'ETPT Format DDG'!$EA:$EA,"Magistrat SIEGE NS") -> #N/A | AZ11: =SUM(AM11:AY11) -> #N/A | BJ11: =SUM(BA11:BI11) -> 0
A12: ETPT_TJ | D12: =$D$5 | E12: 166-99-NC | F12: Action 99 - Personnel concourant au programme - à reventiler | G12: =SUMIFS( INDEX( 'ETPT Format DDG'!$A:$EF,,MATCH("12. TOTAL INDISPONIBILITÉ",'ETPT Format DDG'!2:2,0)),'ETPT Format DDG'!$C:$C,$D$5,'ETPT Format DDG'!$EA:$EA,"Fonctionnaire CTECH")- SUMIFS( INDEX( 'ETPT Format DDG'!$A:$EF,,MATCH("12.5. MISE À DISPOSITION",'ETPT Format DDG'!2:2,0)),'ETPT Format DDG'!$C:$C,$D$5,'ETPT Format DDG'!$EA:$EA,"Fonctionnaire CTECH") -> #N/A | H12: =SUM(G12) -> #N/A | V12: =SUMIFS( INDEX( 'ETPT Format DDG'!$A:$EF,,MATCH("12. TOTAL INDISPONIBILITÉ",'ETPT Format DDG'!2:2,0)),'ETPT Format DDG'!$C:$C,$D$5,'ETPT Format DDG'!$EA:$EA,"Fonctionnaire A-B-CBUR")- SUMIFS( INDEX( 'ETPT Format DDG'!$A:$EF,,MATCH("12.5. MISE À DISPOSITION",'ETPT Format DDG'!2:2,0)),'ETPT Format DDG'!$C:$C,$D$5,'ETPT Format DDG'!$EA:$EA,"Fonctionnaire A-B-CBUR") -> #N/A | W12: =SUM(I12:V12) -> #N/A | X12: =SUMIFS( INDEX( 'ETPT Format DDG'!$A:$EF,,MATCH("12. TOTAL INDISPONIBILITÉ",'ETPT Format DDG'!2:2,0)),'ETPT Format DDG'!$C:$C,$D$5,'ETPT Format DDG'!$EA:$EA,"CONT A JP Autour du Juge")- SUMIFS( INDEX( 'ETPT Format DDG'!$A:$EF,,MATCH("12.5. MISE À DISPOSITION",'ETPT Format DDG'!2:2,0)),'ETPT Format DDG'!$C:$C,$D$5,'ETPT Format DDG'!$EA:$EA,"CONT A JP Autour du Juge") -> #N/A | Y12: =SUMIFS( INDEX( 'ETPT Format DDG'!$A:$EF,,MATCH("12. TOTAL INDISPONIBILITÉ",'ETPT Format DDG'!2:2,0)),'ETPT Format DDG'!$C:$C,$D$5,'ETPT Format DDG'!$EA:$EA,"JURISTE AS Parquet")- SUMIFS( INDEX( 'ETPT Format DDG'!$A:$EF,,MATCH("12.5. MISE À DISPOSITION",'ETPT Format DDG'!2:2,0)),'ETPT Format DDG'!$C:$C,$D$5,'ETPT Format DDG'!$EA:$EA,"JURISTE AS Parquet") -> #N/A | Z12: =SUMIFS( INDEX( 'ETPT Format DDG'!$A:$EF,,MATCH("12. TOTAL INDISPONIBILITÉ",'ETPT Format DDG'!2:2,0)),'ETPT Format DDG'!$C:$C,$D$5,'ETPT Format DDG'!$EA:$EA,"JURISTE AS Pôle social")- SUMIFS( INDEX( 'ETPT Format DDG'!$A:$EF,,MATCH("12.5. MISE À DISPOSITION",'ETPT Format DDG'!2:2,0)),'ETPT Format DDG'!$C:$C,$D$5,'ETPT Format DDG'!$EA:$EA,"JURISTE AS Pôle social") -> #N/A | AA12: =SUMIFS( INDEX( 'ETPT Format DDG'!$A:$EF,,MATCH("12. TOTAL INDISPONIBILITÉ",'ETPT Format DDG'!2:2,0)),'ETPT Format DDG'!$C:$C,$D$5,'ETPT Format DDG'!$EA:$EA,"JURISTE AS siège Autres")- SUMIFS( INDEX( 'ETPT Format DDG'!$A:$EF,,MATCH("12.5. MISE À DISPOSITION",'ETPT Format DDG'!2:2,0)),'ETPT Format DDG'!$C:$C,$D$5,'ETPT Format DDG'!$EA:$EA,"JURISTE AS siège Autres") -> #N/A | AB12: =SUM(X12:AA12) -> #N/A | AD12: =SUMIFS( INDEX( 'ETPT Format DDG'!$A:$EF,,MATCH("12. TOTAL INDISPONIBILITÉ",'ETPT Format DDG'!2:2,0)),'ETPT Format DDG'!$C:$C,$D$5,'ETPT Format DDG'!$H:$H,"JCP")+ SUMIFS( INDEX( 'ETPT Format DDG'!$A:$EF,,MATCH("12. TOTAL INDISPONIBILITÉ",'ETPT Format DDG'!2:2,0)),'ETPT Format DDG'!$C:$C,$D$5,'ETPT Format DDG'!$H:$H,"VPCP")+ SUMIFS( INDEX( 'ETPT Format DDG'!$A:$EF,,MATCH("12. TOTAL INDISPONIBILITÉ",'ETPT Format DDG'!2:2,0)),'ETPT Format DDG'!$C:$C,$D$5,'ETPT Format DDG'!$H:$H,"1VPCP") -> #N/A | AE12: =SUMIFS( INDEX( 'ETPT Format DDG'!$A:$EF,,MATCH("12. TOTAL INDISPONIBILITÉ",'ETPT Format DDG'!2:2,0)),'ETPT Format DDG'!$C:$C,$D$5,'ETPT Format DDG'!$H:$H,"JI")+ SUMIFS( INDEX( 'ETPT Format DDG'!$A:$EF,,MATCH("12. TOTAL INDISPONIBILITÉ",'ETPT Format DDG'!2:2,0)),'ETPT Format DDG'!$C:$C,$D$5,'ETPT Format DDG'!$H:$H,"VPI")+ SUMIFS( INDEX( 'ETPT Format DDG'!$A:$EF,,MATCH("12. TOTAL INDISPONIBILITÉ",'ETPT Format DDG'!2:2,0)),'ETPT Format DDG'!$C:$C,$D$5,'ETPT Format DDG'!$H:$H,"1VPI") -> #N/A | AI12: =SUMIFS( INDEX( 'ETPT Format DDG'!$A:$EF,,MATCH("12. TOTAL INDISPONIBILITÉ",'ETPT Format DDG'!2:2,0)),'ETPT Format DDG'!$C:$C,$D$5,'ETPT Format DDG'!$H:$H,"JAP")+ SUMIFS( INDEX( 'ETPT Format DDG'!$A:$EF,,MATCH("12. TOTAL INDISPONIBILITÉ",'ETPT Format DDG'!2:2,0)),'ETPT Format DDG'!$C:$C,$D$5,'ETPT Format DDG'!$H:$H,"VPAP")+ SUMIFS( INDEX( 'ETPT Format DDG'!$A:$EF,,MATCH("12. TOTAL INDISPONIBILITÉ",'ETPT Format DDG'!2:2,0)),'ETPT Format DDG'!$C:$C,$D$5,'ETPT Format DDG'!$H:$H,"1VPAP") -> #N/A | AJ12: =SUMIFS( INDEX( 'ETPT Format DDG'!$A:$EF,,MATCH("12. TOTAL INDISPONIBILITÉ",'ETPT Format DDG'!2:2,0)),'ETPT Format DDG'!$C:$C,$D$5,'ETPT Format DDG'!$H:$H,"JE")+ SUMIFS( INDEX( 'ETPT Format DDG'!$A:$EF,,MATCH("12. TOTAL INDISPONIBILITÉ",'ETPT Format DDG'!2:2,0)),'ETPT Format DDG'!$C:$C,$D$5,'ETPT Format DDG'!$H:$H,"VPE")+ SUMIFS( INDEX( 'ETPT Format DDG'!$A:$EF,,MATCH("12. TOTAL INDISPONIBILITÉ",'ETPT Format DDG'!2:2,0)),'ETPT Format DDG'!$C:$C,$D$5,'ETPT Format DDG'!$H:$H,"1VPE") -> #N/A | AK12: =SUMIFS( INDEX( 'ETPT Format DDG'!$A:$EF,,MATCH("12. TOTAL INDISPONIBILITÉ",'ETPT Format DDG'!2:2,0)),'ETPT Format DDG'!$C:$C,$D$5,'ETPT Format DDG'!$H:$H,"VPLD")+ SUMIFS( INDEX( 'ETPT Format DDG'!$A:$EF,,MATCH("12. TOTAL INDISPONIBILITÉ",'ETPT Format DDG'!2:2,0)),'ETPT Format DDG'!$C:$C,$D$5,'ETPT Format DDG'!$H:$H,"1VPLD") -> #N/A | AL12: =SUM(AC12:AK12) -> #N/A | AY12: =SUMIFS( INDEX( 'ETPT Format DDG'!$A:$EF,,MATCH("12. TOTAL INDISPONIBILITÉ",'ETPT Format DDG'!2:2,0)),'ETPT Format DDG'!$C:$C,$D$5,'ETPT Format DDG'!$EA:$EA,"Magistrat SIEGE NS") -> #N/A | AZ12: =SUM(AM12:AY12) -> #N/A | BJ12: =SUM(BA12:BI12) -> 0
A13: ETPT_TJ | D13: =$D$5 | E13: 166-NC-NC | F13: Etpt autres personnels à reventiler (dont droit local,commercial- rcs, mise à disposition) | G13: =SUMIFS( INDEX( 'ETPT Format DDG'!$A:$EF,,MATCH("12.5. MISE À DISPOSITION",'ETPT Format DDG'!2:2,0)),'ETPT Format DDG'!$C:$C,$D$5,'ETPT Format DDG'!$EA:$EA,"Fonctionnaire CTECH") -> #N/A | H13: =SUM(G13) -> #N/A | V13: =SUMIFS( INDEX( 'ETPT Format DDG'!$A:$EF,,MATCH("12.5. MISE À DISPOSITION",'ETPT Format DDG'!2:2,0)),'ETPT Format DDG'!$C:$C,$D$5,'ETPT Format DDG'!$EA:$EA,"Fonctionnaire A-B-CBUR") -> #N/A | W13: =SUM(I13:V13) -> #N/A | X13: =SUMIFS( INDEX( 'ETPT Format DDG'!$A:$EF,,MATCH("12.5. MISE À DISPOSITION",'ETPT Format DDG'!2:2,0)),'ETPT Format DDG'!$C:$C,$D$5,'ETPT Format DDG'!$EA:$EA,"CONT A JP Autour du Juge") -> #N/A | Y13: =SUMIFS( INDEX( 'ETPT Format DDG'!$A:$EF,,MATCH("12.5. MISE À DISPOSITION",'ETPT Format DDG'!2:2,0)),'ETPT Format DDG'!$C:$C,$D$5,'ETPT Format DDG'!$EA:$EA,"JURISTE AS Parquet") -> #N/A | Z13: =SUMIFS( INDEX( 'ETPT Format DDG'!$A:$EF,,MATCH("12.5. MISE À DISPOSITION",'ETPT Format DDG'!2:2,0)),'ETPT Format DDG'!$C:$C,$D$5,'ETPT Format DDG'!$EA:$EA,"JURISTE AS Pôle social") -> #N/A | AA13: =SUMIFS( INDEX( 'ETPT Format DDG'!$A:$EF,,MATCH("12.5. MISE À DISPOSITION",'ETPT Format DDG'!2:2,0)),'ETPT Format DDG'!$C:$C,$D$5,'ETPT Format DDG'!$EA:$EA,"JURISTE AS siège Autres") -> #N/A | AB13: =SUM(X13:AA13) -> #N/A | AL13: =SUM(AC13:AK13) -> 0 | AZ13: =SUM(AM13:AY13) -> 0 | BJ13: =SUM(BA13:BI13) -> 0
A14: ETPT_TJ | D14: =$D$5 | E14: 166-PA-NC | F14: Etpt placés additionnels | G14: =SUMIFS( INDEX( 'ETPT Format DDG'!$A:$EF,,MATCH("Temps ventilé sur la période (y.c. indisponibilité)",'ETPT Format DDG'!2:2,0)),'ETPT Format DDG'!$C:$C,$D$5,'ETPT Format DDG'!$EA:$EA,"Fonctionnaire CTECH placé ADD") -> #N/A | H14: =SUM(G14) -> #N/A | I14: =SUMIFS( INDEX( 'ETPT Format DDG'!$A:$EF,,MATCH("11.8. FONCTIONNAIRES AFFECTÉS AUX ACTIVITÉS CIVILES ET COMMERCIALES DU PARQUET",'ETPT Format DDG'!2:2,0)),'ETPT Format DDG'!$C:$C,$D$5,'ETPT Format DDG'!$EA:$EA,"Fonctionnaire A-B-CBUR placé ADD") -> #N/A | J14: =SUMIFS( INDEX( 'ETPT Format DDG'!$A:$EF,,MATCH("11.9. FONCTIONNAIRES AFFECTÉS À L'EXÉCUTION DES PEINES",'ETPT Format DDG'!2:2,0)),'ETPT Format DDG'!$C:$C,$D$5,'ETPT Format DDG'!$EA:$EA,"Fonctionnaire A-B-CBUR placé ADD") -> #N/A | K14: =SUMIFS( INDEX( 'ETPT Format DDG'!$A:$EF,,MATCH("7.5. COUR D'ASSISES HORS JIRS",'ETPT Format DDG'!2:2,0)),'ETPT Format DDG'!$C:$C,$D$5,'ETPT Format DDG'!$EA:$EA,"Fonctionnaire A-B-CBUR placé ADD")+ SUMIFS( INDEX( 'ETPT Format DDG'!$A:$EF,,MATCH("7.51. COUR D'ASSISES JIRS",'ETPT Format DDG'!2:2,0)),'ETPT Format DDG'!$C:$C,$D$5,'ETPT Format DDG'!$EA:$EA,"Fonctionnaire A-B-CBUR placé ADD") -> #N/A | L14: =SUMIFS( INDEX( 'ETPT Format DDG'!$A:$EF,,MATCH("7.52. COUR CRIMINELLE",'ETPT Format DDG'!2:2,0)),'ETPT Format DDG'!$C:$C,$D$5,'ETPT Format DDG'!$EA:$EA,"Fonctionnaire A-B-CBUR placé ADD") -> #N/A | M14: =SUMIFS( INDEX( 'ETPT Format DDG'!$A:$EF,,MATCH("8.2. JIRS ÉCO-FI",'ETPT Format DDG'!2:2,0)),'ETPT Format DDG'!$C:$C,$D$5,'ETPT Format DDG'!$EA:$EA,"Fonctionnaire A-B-CBUR placé ADD") -> #N/A | N14: =SUMIFS( INDEX( 'ETPT Format DDG'!$A:$EF,,MATCH("8.3. JIRS CRIM-ORG",'ETPT Format DDG'!2:2,0)),'ETPT Format DDG'!$C:$C,$D$5,'ETPT Format DDG'!$EA:$EA,"Fonctionnaire A-B-CBUR placé ADD") -> #N/A | O14: =SUMIFS( INDEX( 'ETPT Format DDG'!$A:$EF,,MATCH("8.4. AUTRES SECTIONS SPÉCIALISÉES",'ETPT Format DDG'!2:2,0)),'ETPT Format DDG'!$C:$C,$D$5,'ETPT Format DDG'!$EA:$EA,"Fonctionnaire A-B-CBUR placé ADD") -> #N/A | P14: =SUMIFS( INDEX( 'ETPT Format DDG'!$A:$EF,,MATCH("3.2. PROTECTION DES MAJEURS",'ETPT Format DDG'!2:2,0)),'ETPT Format DDG'!$C:$C,$D$5,'ETPT Format DDG'!$EA:$EA,"Fonctionnaire A-B-CBUR placé ADD") -> #N/A | Q14: =SUMIFS( INDEX( 'ETPT Format DDG'!$A:$EF,,MATCH("3. TOTAL CONTENTIEUX DE LA PROTECTION",'ETPT Format DDG'!2:2,0)),'ETPT Format DDG'!$C:$C,$D$5,'ETPT Format DDG'!$EA:$EA,"Fonctionnaire A-B-CBUR placé ADD")- SUMIFS( INDEX( 'ETPT Format DDG'!$A:$EF,,MATCH("3.2. PROTECTION DES MAJEURS",'ETPT Format DDG'!2:2,0)),'ETPT Format DDG'!$C:$C,$D$5,'ETPT Format DDG'!$EA:$EA,"Fonctionnaire A-B-CBUR placé ADD")- SUMIFS( INDEX( 'ETPT Format DDG'!$A:$EF,,MATCH("3.43. INJONCTIONS DE PAYER",'ETPT Format DDG'!2:2,0)),'ETPT Format DDG'!$C:$C,$D$5,'ETPT Format DDG'!$EA:$EA,"Fonctionnaire A-B-CBUR placé ADD")- SUMIFS( INDEX( 'ETPT Format DDG'!$A:$EF,,MATCH("3.44. SAISIE DES RÉMUNÉRATIONS",'ETPT Format DDG'!2:2,0)),'ETPT Format DDG'!$C:$C,$D$5,'ETPT Format DDG'!$EA:$EA,"Fonctionnaire A-B-CBUR placé ADD") -> #N/A | R14: =SUMIFS( INDEX( 'ETPT Format DDG'!$A:$EF,,MATCH("5. TOTAL JLD CIVIL",'ETPT Format DDG'!2:2,0)),'ETPT Format DDG'!$C:$C,$D$5,'ETPT Format DDG'!$EA:$EA,"Fonctionnaire A-B-CBUR placé ADD")+ SUMIFS( INDEX( 'ETPT Format DDG'!$A:$EF,,MATCH("6.1. ACTIVITÉ CIVILE",'ETPT Format DDG'!2:2,0)),'ETPT Format DDG'!$C:$C,$D$5,'ETPT Format DDG'!$EA:$EA,"Fonctionnaire A-B-CBUR placé ADD")+ SUMIFS( INDEX( 'ETPT Format DDG'!$A:$EF,,MATCH("6.2. ACTIVITÉ PÉNALE",'ETPT Format DDG'!2:2,0)),'ETPT Format DDG'!$C:$C,$D$5,'ETPT Format DDG'!$EA:$EA,"Fonctionnaire A-B-CBUR placé ADD")+ (SUMIFS( INDEX( 'ETPT Format DDG'!$A:$EF,,MATCH("8. TOTAL JUGES D'INSTRUCTION",'ETPT Format DDG'!2:2,0)),'ETPT Format DDG'!$C:$C,$D$5,'ETPT Format DDG'!$EA:$EA,"Fonctionnaire A-B-CBUR placé ADD")- SUMIFS( INDEX( 'ETPT Format DDG'!$A:$EF,,MATCH("8.2. JIRS ÉCO-FI",'ETPT Format DDG'!2:2,0)),'ETPT Format DDG'!$C:$C,$D$5,'ETPT Format DDG'!$EA:$EA,"Fonctionnaire A-B-CBUR placé ADD")- SUMIFS( INDEX( 'ETPT Format DDG'!$A:$EF,,MATCH("8.3. JIRS CRIM-ORG",'ETPT Format DDG'!2:2,0)),'ETPT Format DDG'!$C:$C,$D$5,'ETPT Format DDG'!$EA:$EA,"Fonctionnaire A-B-CBUR placé ADD")- SUMIFS( INDEX( 'ETPT Format DDG'!$A:$EF,,MATCH("8.4. AUTRES SECTIONS SPÉCIALISÉES",'ETPT Format DDG'!2:2,0)),'ETPT Format DDG'!$C:$C,$D$5,'ETPT Format DDG'!$EA:$EA,"Fonctionnaire A-B-CBUR placé ADD"))+ SUMIFS( INDEX( 'ETPT Format DDG'!$A:$EF,,MATCH("9. TOTAL JAP",'ETPT Format DDG'!2:2,0)),'ETPT Format DDG'!$C:$C,$D$5,'ETPT Format DDG'!$EA:$EA,"Fonctionnaire A-B-CBUR placé ADD")+ SUMIFS( INDEX( 'ETPT Format DDG'!$A:$EF,,MATCH("10. TOTAL JLD PÉNAL",'ETPT Format DDG'!2:2,0)),'ETPT Format DDG'!$C:$C,$D$5,'ETPT Format DDG'!$EA:$EA,"Fonctionnaire A-B-CBUR placé ADD") -> #N/A | S14: =SUMIFS( INDEX( 'ETPT Format DDG'!$A:$EF,,MATCH("3.43. INJONCTIONS DE PAYER",'ETPT Format DDG'!2:2,0)),'ETPT Format DDG'!$C:$C,$D$5,'ETPT Format DDG'!$EA:$EA,"Fonctionnaire A-B-CBUR placé ADD")+ SUMIFS( INDEX( 'ETPT Format DDG'!$A:$EF,,MATCH("3.44. SAISIE DES RÉMUNÉRATIONS",'ETPT Format DDG'!2:2,0)),'ETPT Format DDG'!$C:$C,$D$5,'ETPT Format DDG'!$EA:$EA,"Fonctionnaire A-B-CBUR placé ADD") -> #N/A | T14: =SUMIFS( INDEX( 'ETPT Format DDG'!$A:$EF,,MATCH("4.0. CONTENTIEUX GÉNÉRAL <10.000€",'ETPT Format DDG'!2:2,0)),'ETPT Format DDG'!$C:$C,$D$5,'ETPT Format DDG'!$EA:$EA,"Fonctionnaire A-B-CBUR placé ADD") -> #N/A | U14: =SUMIFS( INDEX( 'ETPT Format DDG'!$A:$EF,,MATCH("1. TOTAL CONTENTIEUX SOCIAL",'ETPT Format DDG'!2:2,0)),'ETPT Format DDG'!$C:$C,$D$5,'ETPT Format DDG'!$EA:$EA,"Fonctionnaire A-B-CBUR placé ADD") -> #N/A | V14: =SUMIFS( INDEX( 'ETPT Format DDG'!$A:$EF,,MATCH("Temps ventilé sur la période (y.c. indisponibilité)",'ETPT Format DDG'!2:2,0)),'ETPT Format DDG'!$C:$C,$D$5,'ETPT Format DDG'!$EA:$EA,"Fonctionnaire A-B-CBUR placé ADD")- SUM(I14:U14)-SUMIFS( INDEX( 'ETPT Format DDG'!$A:$EF,,MATCH("11.7. FONCTIONNAIRES AFFECTÉS AU CPH",'ETPT Format DDG'!2:2,0)),'ETPT Format DDG'!$C:$C,$D$5,'ETPT Format DDG'!$EA:$EA,"Fonctionnaire CTECH placé ADD") -> #N/A | W14: =SUM(I14:V14) -> #N/A | AB14: =SUM(X14:AA14) -> 0 | AC14: =SUMIFS( INDEX( 'ETPT Format DDG'!$A:$EF,,MATCH("3.2. PROTECTION DES MAJEURS",'ETPT Format DDG'!2:2,0)),'ETPT Format DDG'!$C:$C,$D$5,'ETPT Format DDG'!$EA:$EA,"Magistrat placé ADD") -> #N/A | AD14: =SUMIFS( INDEX( 'ETPT Format DDG'!$A:$EF,,MATCH("3. TOTAL CONTENTIEUX DE LA PROTECTION",'ETPT Format DDG'!2:2,0)),'ETPT Format DDG'!$C:$C,$D$5,'ETPT Format DDG'!$EA:$EA,"Magistrat placé ADD")- SUMIFS( INDEX( 'ETPT Format DDG'!$A:$EF,,MATCH("3.2. PROTECTION DES MAJEURS",'ETPT Format DDG'!2:2,0)),'ETPT Format DDG'!$C:$C,$D$5,'ETPT Format DDG'!$EA:$EA,"Magistrat placé ADD")- SUMIFS( INDEX( 'ETPT Format DDG'!$A:$EF,,MATCH("3.43. INJONCTIONS DE PAYER",'ETPT Format DDG'!2:2,0)),'ETPT Format DDG'!$C:$C,$D$5,'ETPT Format DDG'!$EA:$EA,"Magistrat placé ADD")- SUMIFS( INDEX( 'ETPT Format DDG'!$A:$EF,,MATCH("3.44. SAISIE DES RÉMUNÉRATIONS",'ETPT Format DDG'!2:2,0)),'ETPT Format DDG'!$C:$C,$D$5,'ETPT Format DDG'!$EA:$EA,"Magistrat placé ADD") -> #N/A | AE14: =SUMIFS( INDEX( 'ETPT Format DDG'!$A:$EF,,MATCH("8.1. SERVICE GÉNÉRAL",'ETPT Format DDG'!2:2,0)),'ETPT Format DDG'!$C:$C,$D$5,'ETPT Format DDG'!$EA:$EA,"Magistrat placé ADD") -> #N/A | AF14: =SUMIFS( INDEX( 'ETPT Format DDG'!$A:$EF,,MATCH("8.2. JIRS ÉCO-FI",'ETPT Format DDG'!2:2,0)),'ETPT Format DDG'!$C:$C,$D$5,'ETPT Format DDG'!$EA:$EA,"Magistrat placé ADD") -> #N/A | AG14: =SUMIFS( INDEX( 'ETPT Format DDG'!$A:$EF,,MATCH("8.3. JIRS CRIM-ORG",'ETPT Format DDG'!2:2,0)),'ETPT Format DDG'!$C:$C,$D$5,'ETPT Format DDG'!$EA:$EA,"Magistrat placé ADD") -> #N/A | AH14: =SUMIFS( INDEX( 'ETPT Format DDG'!$A:$EF,,MATCH("8.4. AUTRES SECTIONS SPÉCIALISÉES",'ETPT Format DDG'!2:2,0)),'ETPT Format DDG'!$C:$C,$D$5,'ETPT Format DDG'!$EA:$EA,"Magistrat placé ADD") -> #N/A | AI14: =SUMIFS( INDEX( 'ETPT Format DDG'!$A:$EF,,MATCH("9. TOTAL JAP",'ETPT Format DDG'!2:2,0)),'ETPT Format DDG'!$C:$C,$D$5,'ETPT Format DDG'!$EA:$EA,"Magistrat placé ADD") -> #N/A | AJ14: =SUMIFS( INDEX( 'ETPT Format DDG'!$A:$EF,,MATCH("6.1. ACTIVITÉ CIVILE",'ETPT Format DDG'!2:2,0)),'ETPT Format DDG'!$C:$C,$D$5,'ETPT Format DDG'!$EA:$EA,"Magistrat placé ADD")+ SUMIFS( INDEX( 'ETPT Format DDG'!$A:$EF,,MATCH("6.2. ACTIVITÉ PÉNALE",'ETPT Format DDG'!2:2,0)),'ETPT Format DDG'!$C:$C,$D$5,'ETPT Format DDG'!$EA:$EA,"Magistrat placé ADD") -> #N/A | AK14: =SUMIFS( INDEX( 'ETPT Format DDG'!$A:$EF,,MATCH("5. TOTAL JLD CIVIL",'ETPT Format DDG'!2:2,0)),'ETPT Format DDG'!$C:$C,$D$5,'ETPT Format DDG'!$EA:$EA,"Magistrat placé ADD")+ SUMIFS( INDEX( 'ETPT Format DDG'!$A:$EF,,MATCH("10. TOTAL JLD PÉNAL",'ETPT Format DDG'!2:2,0)),'ETPT Format DDG'!$C:$C,$D$5,'ETPT Format DDG'!$EA:$EA,"Magistrat placé ADD") -> #N/A | AL14: =SUM(AC14:AK14) -> #N/A | AM14: =SUMIFS( INDEX( 'ETPT Format DDG'!$A:$EF,,MATCH("7.5. COUR D'ASSISES HORS JIRS",'ETPT Format DDG'!2:2,0)),'ETPT Format DDG'!$C:$C,$D$5,'ETPT Format DDG'!$EA:$EA,"Magistrat placé ADD")+ SUMIFS( INDEX( 'ETPT Format DDG'!$A:$EF,,MATCH("7.51. COUR D'ASSISES JIRS",'ETPT Format DDG'!2:2,0)),'ETPT Format DDG'!$C:$C,$D$5,'ETPT Format DDG'!$EA:$EA,"Magistrat placé ADD") -> #N/A | AN14: =SUMIFS( INDEX( 'ETPT Format DDG'!$A:$EF,,MATCH("7.52. COUR CRIMINELLE",'ETPT Format DDG'!2:2,0)),'ETPT Format DDG'!$C:$C,$D$5,'ETPT Format DDG'!$EA:$EA,"Magistrat placé ADD") -> #N/A | AO14: =SUMIFS( INDEX( 'ETPT Format DDG'!$A:$EF,,MATCH("7.121. COLLÉGIALES JIRS ECO-FI",'ETPT Format DDG'!2:2,0)),'ETPT Format DDG'!$C:$C,$D$5,'ETPT Format DDG'!$EA:$EA,"Magistrat placé ADD") -> #N/A | AP14: =SUMIFS( INDEX( 'ETPT Format DDG'!$A:$EF,,MATCH("7.12. COLLÉGIALES JIRS CRIM-ORG",'ETPT Format DDG'!2:2,0)),'ETPT Format DDG'!$C:$C,$D$5,'ETPT Format DDG'!$EA:$EA,"Magistrat placé ADD") -> #N/A | AQ14: =SUMIFS( INDEX( 'ETPT Format DDG'!$A:$EF,,MATCH("7.122. COLLÉGIALES AUTRES SECTIONS SPÉCIALISÉES",'ETPT Format DDG'!2:2,0)),'ETPT Format DDG'!$C:$C,$D$5,'ETPT Format DDG'!$EA:$EA,"Magistrat placé ADD") -> #N/A | AR14: =SUMIFS( INDEX( 'ETPT Format DDG'!$A:$EF,,MATCH("7.6. TRIBUNAL DE POLICE",'ETPT Format DDG'!2:2,0)),'ETPT Format DDG'!$C:$C,$D$5,'ETPT Format DDG'!$EA:$EA,"Magistrat placé ADD")+ SUMIFS( INDEX( 'ETPT Format DDG'!$A:$EF,,MATCH("7.7. OP CONTRAVENTIONNELLES",'ETPT Format DDG'!2:2,0)),'ETPT Format DDG'!$C:$C,$D$5,'ETPT Format DDG'!$EA:$EA,"Magistrat placé ADD") -> #N/A | AS14: =SUMIFS( INDEX( 'ETPT Format DDG'!$A:$EF,,MATCH("1.1. DÉPARTAGE PRUD'HOMAL",'ETPT Format DDG'!2:2,0)),'ETPT Format DDG'!$C:$C,$D$5,'ETPT Format DDG'!$EA:$EA,"Magistrat placé ADD") -> #N/A | AT14: =SUMIFS( INDEX( 'ETPT Format DDG'!$A:$EF,,MATCH("4.0. CONTENTIEUX GÉNÉRAL <10.000€",'ETPT Format DDG'!2:2,0)),'ETPT Format DDG'!$C:$C,$D$5,'ETPT Format DDG'!$EA:$EA,"Magistrat placé ADD") -> #N/A | AU14: =SUMIFS( INDEX( 'ETPT Format DDG'!$A:$EF,,MATCH("3.43. INJONCTIONS DE PAYER",'ETPT Format DDG'!2:2,0)),'ETPT Format DDG'!$C:$C,$D$5,'ETPT Format DDG'!$EA:$EA,"Magistrat placé ADD")+ SUMIFS( INDEX( 'ETPT Format DDG'!$A:$EF,,MATCH("3.44. SAISIE DES RÉMUNÉRATIONS",'ETPT Format DDG'!2:2,0)),'ETPT Format DDG'!$C:$C,$D$5,'ETPT Format DDG'!$EA:$EA,"Magistrat placé ADD") -> #N/A | AV14: =SUMIFS( INDEX( 'ETPT Format DDG'!$A:$EF,,MATCH("1. TOTAL CONTENTIEUX SOCIAL",'ETPT Format DDG'!2:2,0)),'ETPT Format DDG'!$C:$C,$D$5,'ETPT Format DDG'!$EA:$EA,"Magistrat placé ADD")- SUMIFS( INDEX( 'ETPT Format DDG'!$A:$EF,,MATCH("1.1. DÉPARTAGE PRUD'HOMAL",'ETPT Format DDG'!2:2,0)),'ETPT Format DDG'!$C:$C,$D$5,'ETPT Format DDG'!$EA:$EA,"Magistrat placé ADD") -> #N/A | AW14: =SUMIFS( INDEX( 'ETPT Format DDG'!$A:$EF,,MATCH("2. TOTAL CONTENTIEUX JAF",'ETPT Format DDG'!2:2,0)),'ETPT Format DDG'!$C:$C,$D$5,'ETPT Format DDG'!$EA:$EA,"Magistrat placé ADD") -> #N/A | AY14: =SUMIFS( INDEX( 'ETPT Format DDG'!$A:$EF,,MATCH("Temps ventilé sur la période (y.c. indisponibilité)",'ETPT Format DDG'!2:2,0)),'ETPT Format DDG'!$C:$C,$D$5,'ETPT Format DDG'!$EA:$EA,"Magistrat placé ADD")-SUM(AC14:AK14)-SUM(AM14:AX14) -> #N/A | AZ14: =SUM(AM14:AY14) -> #N/A | BJ14: =SUM(BA14:BI14) -> 0
A15: ETPT_TJ | D15: =$D$5 | E15: 166-PS-NC | F15: Etpt placés de substitution | G15: =SUMIFS( INDEX( 'ETPT Format DDG'!$A:$EF,,MATCH("Temps ventilé sur la période (y.c. indisponibilité)",'ETPT Format DDG'!2:2,0)),'ETPT Format DDG'!$C:$C,$D$5,'ETPT Format DDG'!$EA:$EA,"Fonctionnaire CTECH placé SUB") -> #N/A | H15: =SUM(G15) -> #N/A | I15: =SUMIFS( INDEX( 'ETPT Format DDG'!$A:$EF,,MATCH("11.8. FONCTIONNAIRES AFFECTÉS AUX ACTIVITÉS CIVILES ET COMMERCIALES DU PARQUET",'ETPT Format DDG'!2:2,0)),'ETPT Format DDG'!$C:$C,$D$5,'ETPT Format DDG'!$EA:$EA,"Fonctionnaire A-B-CBUR placé SUB") -> #N/A | J15: =SUMIFS( INDEX( 'ETPT Format DDG'!$A:$EF,,MATCH("11.9. FONCTIONNAIRES AFFECTÉS À L'EXÉCUTION DES PEINES",'ETPT Format DDG'!2:2,0)),'ETPT Format DDG'!$C:$C,$D$5,'ETPT Format DDG'!$EA:$EA,"Fonctionnaire A-B-CBUR placé SUB") -> #N/A | K15: =SUMIFS( INDEX( 'ETPT Format DDG'!$A:$EF,,MATCH("7.5. COUR D'ASSISES HORS JIRS",'ETPT Format DDG'!2:2,0)),'ETPT Format DDG'!$C:$C,$D$5,'ETPT Format DDG'!$EA:$EA,"Fonctionnaire A-B-CBUR placé SUB")+ SUMIFS( INDEX( 'ETPT Format DDG'!$A:$EF,,MATCH("7.51. COUR D'ASSISES JIRS",'ETPT Format DDG'!2:2,0)),'ETPT Format DDG'!$C:$C,$D$5,'ETPT Format DDG'!$EA:$EA,"Fonctionnaire A-B-CBUR placé SUB") -> #N/A | L15: =SUMIFS( INDEX( 'ETPT Format DDG'!$A:$EF,,MATCH("7.52. COUR CRIMINELLE",'ETPT Format DDG'!2:2,0)),'ETPT Format DDG'!$C:$C,$D$5,'ETPT Format DDG'!$EA:$EA,"Fonctionnaire A-B-CBUR placé SUB") -> #N/A | M15: =SUMIFS( INDEX( 'ETPT Format DDG'!$A:$EF,,MATCH("8.2. JIRS ÉCO-FI",'ETPT Format DDG'!2:2,0)),'ETPT Format DDG'!$C:$C,$D$5,'ETPT Format DDG'!$EA:$EA,"Fonctionnaire A-B-CBUR placé SUB") -> #N/A | N15: =SUMIFS( INDEX( 'ETPT Format DDG'!$A:$EF,,MATCH("8.3. JIRS CRIM-ORG",'ETPT Format DDG'!2:2,0)),'ETPT Format DDG'!$C:$C,$D$5,'ETPT Format DDG'!$EA:$EA,"Fonctionnaire A-B-CBUR placé SUB") -> #N/A | O15: =SUMIFS( INDEX( 'ETPT Format DDG'!$A:$EF,,MATCH("8.4. AUTRES SECTIONS SPÉCIALISÉES",'ETPT Format DDG'!2:2,0)),'ETPT Format DDG'!$C:$C,$D$5,'ETPT Format DDG'!$EA:$EA,"Fonctionnaire A-B-CBUR placé SUB") -> #N/A | P15: =SUMIFS( INDEX( 'ETPT Format DDG'!$A:$EF,,MATCH("3.2. PROTECTION DES MAJEURS",'ETPT Format DDG'!2:2,0)),'ETPT Format DDG'!$C:$C,$D$5,'ETPT Format DDG'!$EA:$EA,"Fonctionnaire A-B-CBUR placé SUB") -> #N/A | Q15: =SUMIFS( INDEX( 'ETPT Format DDG'!$A:$EF,,MATCH("3. TOTAL CONTENTIEUX DE LA PROTECTION",'ETPT Format DDG'!2:2,0)),'ETPT Format DDG'!$C:$C,$D$5,'ETPT Format DDG'!$EA:$EA,"Fonctionnaire A-B-CBUR placé SUB")- SUMIFS( INDEX( 'ETPT Format DDG'!$A:$EF,,MATCH("3.2. PROTECTION DES MAJEURS",'ETPT Format DDG'!2:2,0)),'ETPT Format DDG'!$C:$C,$D$5,'ETPT Format DDG'!$EA:$EA,"Fonctionnaire A-B-CBUR placé SUB")- SUMIFS( INDEX( 'ETPT Format DDG'!$A:$EF,,MATCH("3.43. INJONCTIONS DE PAYER",'ETPT Format DDG'!2:2,0)),'ETPT Format DDG'!$C:$C,$D$5,'ETPT Format DDG'!$EA:$EA,"Fonctionnaire A-B-CBUR placé SUB")- SUMIFS( INDEX( 'ETPT Format DDG'!$A:$EF,,MATCH("3.44. SAISIE DES RÉMUNÉRATIONS",'ETPT Format DDG'!2:2,0)),'ETPT Format DDG'!$C:$C,$D$5,'ETPT Format DDG'!$EA:$EA,"Fonctionnaire A-B-CBUR placé SUB") -> #N/A | R15: =SUMIFS( INDEX( 'ETPT Format DDG'!$A:$EF,,MATCH("5. TOTAL JLD CIVIL",'ETPT Format DDG'!2:2,0)),'ETPT Format DDG'!$C:$C,$D$5,'ETPT Format DDG'!$EA:$EA,"Fonctionnaire A-B-CBUR placé SUB")+ SUMIFS( INDEX( 'ETPT Format DDG'!$A:$EF,,MATCH("6.1. ACTIVITÉ CIVILE",'ETPT Format DDG'!2:2,0)),'ETPT Format DDG'!$C:$C,$D$5,'ETPT Format DDG'!$EA:$EA,"Fonctionnaire A-B-CBUR placé SUB")+ SUMIFS( INDEX( 'ETPT Format DDG'!$A:$EF,,MATCH("6.2. ACTIVITÉ PÉNALE",'ETPT Format DDG'!2:2,0)),'ETPT Format DDG'!$C:$C,$D$5,'ETPT Format DDG'!$EA:$EA,"Fonctionnaire A-B-CBUR placé SUB")+ (SUMIFS( INDEX( 'ETPT Format DDG'!$A:$EF,,MATCH("8. TOTAL JUGES D'INSTRUCTION",'ETPT Format DDG'!2:2,0)),'ETPT Format DDG'!$C:$C,$D$5,'ETPT Format DDG'!$EA:$EA,"Fonctionnaire A-B-CBUR placé SUB")- SUMIFS( INDEX( 'ETPT Format DDG'!$A:$EF,,MATCH("8.2. JIRS ÉCO-FI",'ETPT Format DDG'!2:2,0)),'ETPT Format DDG'!$C:$C,$D$5,'ETPT Format DDG'!$EA:$EA,"Fonctionnaire A-B-CBUR placé SUB")- SUMIFS( INDEX( 'ETPT Format DDG'!$A:$EF,,MATCH("8.3. JIRS CRIM-ORG",'ETPT Format DDG'!2:2,0)),'ETPT Format DDG'!$C:$C,$D$5,'ETPT Format DDG'!$EA:$EA,"Fonctionnaire A-B-CBUR placé SUB")- SUMIFS( INDEX( 'ETPT Format DDG'!$A:$EF,,MATCH("8.4. AUTRES SECTIONS SPÉCIALISÉES",'ETPT Format DDG'!2:2,0)),'ETPT Format DDG'!$C:$C,$D$5,'ETPT Format DDG'!$EA:$EA,"Fonctionnaire A-B-CBUR placé SUB"))+ SUMIFS( INDEX( 'ETPT Format DDG'!$A:$EF,,MATCH("9. TOTAL JAP",'ETPT Format DDG'!2:2,0)),'ETPT Format DDG'!$C:$C,$D$5,'ETPT Format DDG'!$EA:$EA,"Fonctionnaire A-B-CBUR placé SUB")+ SUMIFS( INDEX( 'ETPT Format DDG'!$A:$EF,,MATCH("10. TOTAL JLD PÉNAL",'ETPT Format DDG'!2:2,0)),'ETPT Format DDG'!$C:$C,$D$5,'ETPT Format DDG'!$EA:$EA,"Fonctionnaire A-B-CBUR placé SUB") -> #N/A | S15: =SUMIFS( INDEX( 'ETPT Format DDG'!$A:$EF,,MATCH("3.43. INJONCTIONS DE PAYER",'ETPT Format DDG'!2:2,0)),'ETPT Format DDG'!$C:$C,$D$5,'ETPT Format DDG'!$EA:$EA,"Fonctionnaire A-B-CBUR placé SUB")+ SUMIFS( INDEX( 'ETPT Format DDG'!$A:$EF,,MATCH("3.44. SAISIE DES RÉMUNÉRATIONS",'ETPT Format DDG'!2:2,0)),'ETPT Format DDG'!$C:$C,$D$5,'ETPT Format DDG'!$EA:$EA,"Fonctionnaire A-B-CBUR placé SUB") -> #N/A | T15: =SUMIFS( INDEX( 'ETPT Format DDG'!$A:$EF,,MATCH("4.0. CONTENTIEUX GÉNÉRAL <10.000€",'ETPT Format DDG'!2:2,0)),'ETPT Format DDG'!$C:$C,$D$5,'ETPT Format DDG'!$EA:$EA,"Fonctionnaire A-B-CBUR placé SUB") -> #N/A | U15: =SUMIFS( INDEX( 'ETPT Format DDG'!$A:$EF,,MATCH("1. TOTAL CONTENTIEUX SOCIAL",'ETPT Format DDG'!2:2,0)),'ETPT Format DDG'!$C:$C,$D$5,'ETPT Format DDG'!$EA:$EA,"Fonctionnaire A-B-CBUR placé SUB") -> #N/A | V15: =SUMIFS( INDEX( 'ETPT Format DDG'!$A:$EF,,MATCH("Temps ventilé sur la période (y.c. indisponibilité)",'ETPT Format DDG'!2:2,0)),'ETPT Format DDG'!$C:$C,$D$5,'ETPT Format DDG'!$EA:$EA,"Fonctionnaire A-B-CBUR placé SUB")- SUM(I15:U15)-SUMIFS( INDEX( 'ETPT Format DDG'!$A:$EF,,MATCH("11.7. FONCTIONNAIRES AFFECTÉS AU CPH",'ETPT Format DDG'!2:2,0)),'ETPT Format DDG'!$C:$C,$D$5,'ETPT Format DDG'!$EA:$EA,"Fonctionnaire CTECH placé SUB") -> #N/A | W15: =SUM(I15:V15) -> #N/A | AB15: =SUM(X15:AA15) -> 0 | AC15: =SUMIFS( INDEX( 'ETPT Format DDG'!$A:$EF,,MATCH("3.2. PROTECTION DES MAJEURS",'ETPT Format DDG'!2:2,0)),'ETPT Format DDG'!$C:$C,$D$5,'ETPT Format DDG'!$EA:$EA,"Magistrat placé SUB") -> #N/A | AD15: =SUMIFS( INDEX( 'ETPT Format DDG'!$A:$EF,,MATCH("3. TOTAL CONTENTIEUX DE LA PROTECTION",'ETPT Format DDG'!2:2,0)),'ETPT Format DDG'!$C:$C,$D$5,'ETPT Format DDG'!$EA:$EA,"Magistrat placé SUB")- SUMIFS( INDEX( 'ETPT Format DDG'!$A:$EF,,MATCH("3.2. PROTECTION DES MAJEURS",'ETPT Format DDG'!2:2,0)),'ETPT Format DDG'!$C:$C,$D$5,'ETPT Format DDG'!$EA:$EA,"Magistrat placé SUB")- SUMIFS( INDEX( 'ETPT Format DDG'!$A:$EF,,MATCH("3.43. INJONCTIONS DE PAYER",'ETPT Format DDG'!2:2,0)),'ETPT Format DDG'!$C:$C,$D$5,'ETPT Format DDG'!$EA:$EA,"Magistrat placé SUB")- SUMIFS( INDEX( 'ETPT Format DDG'!$A:$EF,,MATCH("3.44. SAISIE DES RÉMUNÉRATIONS",'ETPT Format DDG'!2:2,0)),'ETPT Format DDG'!$C:$C,$D$5,'ETPT Format DDG'!$EA:$EA,"Magistrat placé SUB") -> #N/A | AE15: =SUMIFS( INDEX( 'ETPT Format DDG'!$A:$EF,,MATCH("8.1. SERVICE GÉNÉRAL",'ETPT Format DDG'!2:2,0)),'ETPT Format DDG'!$C:$C,$D$5,'ETPT Format DDG'!$EA:$EA,"Magistrat placé SUB") -> #N/A | AF15: =SUMIFS( INDEX( 'ETPT Format DDG'!$A:$EF,,MATCH("8.2. JIRS ÉCO-FI",'ETPT Format DDG'!2:2,0)),'ETPT Format DDG'!$C:$C,$D$5,'ETPT Format DDG'!$EA:$EA,"Magistrat placé SUB") -> #N/A | AG15: =SUMIFS( INDEX( 'ETPT Format DDG'!$A:$EF,,MATCH("8.3. JIRS CRIM-ORG",'ETPT Format DDG'!2:2,0)),'ETPT Format DDG'!$C:$C,$D$5,'ETPT Format DDG'!$EA:$EA,"Magistrat placé SUB") -> #N/A | AH15: =SUMIFS( INDEX( 'ETPT Format DDG'!$A:$EF,,MATCH("8.4. AUTRES SECTIONS SPÉCIALISÉES",'ETPT Format DDG'!2:2,0)),'ETPT Format DDG'!$C:$C,$D$5,'ETPT Format DDG'!$EA:$EA,"Magistrat placé SUB") -> #N/A | AI15: =SUMIFS( INDEX( 'ETPT Format DDG'!$A:$EF,,MATCH("9. TOTAL JAP",'ETPT Format DDG'!2:2,0)),'ETPT Format DDG'!$C:$C,$D$5,'ETPT Format DDG'!$EA:$EA,"Magistrat placé SUB") -> #N/A | AJ15: =SUMIFS( INDEX( 'ETPT Format DDG'!$A:$EF,,MATCH("6.1. ACTIVITÉ CIVILE",'ETPT Format DDG'!2:2,0)),'ETPT Format DDG'!$C:$C,$D$5,'ETPT Format DDG'!$EA:$EA,"Magistrat placé SUB")+ SUMIFS( INDEX( 'ETPT Format DDG'!$A:$EF,,MATCH("6.2. ACTIVITÉ PÉNALE",'ETPT Format DDG'!2:2,0)),'ETPT Format DDG'!$C:$C,$D$5,'ETPT Format DDG'!$EA:$EA,"Magistrat placé SUB") -> #N/A | AK15: =SUMIFS( INDEX( 'ETPT Format DDG'!$A:$EF,,MATCH("5. TOTAL JLD CIVIL",'ETPT Format DDG'!2:2,0)),'ETPT Format DDG'!$C:$C,$D$5,'ETPT Format DDG'!$EA:$EA,"Magistrat placé SUB")+ SUMIFS( INDEX( 'ETPT Format DDG'!$A:$EF,,MATCH("10. TOTAL JLD PÉNAL",'ETPT Format DDG'!2:2,0)),'ETPT Format DDG'!$C:$C,$D$5,'ETPT Format DDG'!$EA:$EA,"Magistrat placé SUB") -> #N/A | AL15: =SUM(AC15:AK15) -> #N/A | AM15: =SUMIFS( INDEX( 'ETPT Format DDG'!$A:$EF,,MATCH("7.5. COUR D'ASSISES HORS JIRS",'ETPT Format DDG'!2:2,0)),'ETPT Format DDG'!$C:$C,$D$5,'ETPT Format DDG'!$EA:$EA,"Magistrat placé SUB")+ SUMIFS( INDEX( 'ETPT Format DDG'!$A:$EF,,MATCH("7.51. COUR D'ASSISES JIRS",'ETPT Format DDG'!2:2,0)),'ETPT Format DDG'!$C:$C,$D$5,'ETPT Format DDG'!$EA:$EA,"Magistrat placé SUB") -> #N/A | AN15: =SUMIFS( INDEX( 'ETPT Format DDG'!$A:$EF,,MATCH("7.52. COUR CRIMINELLE",'ETPT Format DDG'!2:2,0)),'ETPT Format DDG'!$C:$C,$D$5,'ETPT Format DDG'!$EA:$EA,"Magistrat placé SUB") -> #N/A | AO15: =SUMIFS( INDEX( 'ETPT Format DDG'!$A:$EF,,MATCH("7.121. COLLÉGIALES JIRS ECO-FI",'ETPT Format DDG'!2:2,0)),'ETPT Format DDG'!$C:$C,$D$5,'ETPT Format DDG'!$EA:$EA,"Magistrat placé SUB") -> #N/A | AP15: =SUMIFS( INDEX( 'ETPT Format DDG'!$A:$EF,,MATCH("7.12. COLLÉGIALES JIRS CRIM-ORG",'ETPT Format DDG'!2:2,0)),'ETPT Format DDG'!$C:$C,$D$5,'ETPT Format DDG'!$EA:$EA,"Magistrat placé SUB") -> #N/A | AQ15: =SUMIFS( INDEX( 'ETPT Format DDG'!$A:$EF,,MATCH("7.122. COLLÉGIALES AUTRES SECTIONS SPÉCIALISÉES",'ETPT Format DDG'!2:2,0)),'ETPT Format DDG'!$C:$C,$D$5,'ETPT Format DDG'!$EA:$EA,"Magistrat placé SUB") -> #N/A | AR15: =SUMIFS( INDEX( 'ETPT Format DDG'!$A:$EF,,MATCH("7.6. TRIBUNAL DE POLICE",'ETPT Format DDG'!2:2,0)),'ETPT Format DDG'!$C:$C,$D$5,'ETPT Format DDG'!$EA:$EA,"Magistrat placé SUB")+ SUMIFS( INDEX( 'ETPT Format DDG'!$A:$EF,,MATCH("7.7. OP CONTRAVENTIONNELLES",'ETPT Format DDG'!2:2,0)),'ETPT Format DDG'!$C:$C,$D$5,'ETPT Format DDG'!$EA:$EA,"Magistrat placé SUB") -> #N/A | AS15: =SUMIFS( INDEX( 'ETPT Format DDG'!$A:$EF,,MATCH("1.1. DÉPARTAGE PRUD'HOMAL",'ETPT Format DDG'!2:2,0)),'ETPT Format DDG'!$C:$C,$D$5,'ETPT Format DDG'!$EA:$EA,"Magistrat placé SUB") -> #N/A | AT15: =SUMIFS( INDEX( 'ETPT Format DDG'!$A:$EF,,MATCH("4.0. CONTENTIEUX GÉNÉRAL <10.000€",'ETPT Format DDG'!2:2,0)),'ETPT Format DDG'!$C:$C,$D$5,'ETPT Format DDG'!$EA:$EA,"Magistrat placé SUB") -> #N/A | AU15: =SUMIFS( INDEX( 'ETPT Format DDG'!$A:$EF,,MATCH("3.43. INJONCTIONS DE PAYER",'ETPT Format DDG'!2:2,0)),'ETPT Format DDG'!$C:$C,$D$5,'ETPT Format DDG'!$EA:$EA,"Magistrat placé SUB")+ SUMIFS( INDEX( 'ETPT Format DDG'!$A:$EF,,MATCH("3.44. SAISIE DES RÉMUNÉRATIONS",'ETPT Format DDG'!2:2,0)),'ETPT Format DDG'!$C:$C,$D$5,'ETPT Format DDG'!$EA:$EA,"Magistrat placé SUB") -> #N/A | AV15: =SUMIFS( INDEX( 'ETPT Format DDG'!$A:$EF,,MATCH("1. TOTAL CONTENTIEUX SOCIAL",'ETPT Format DDG'!2:2,0)),'ETPT Format DDG'!$C:$C,$D$5,'ETPT Format DDG'!$EA:$EA,"Magistrat placé SUB")- SUMIFS( INDEX( 'ETPT Format DDG'!$A:$EF,,MATCH("1.1. DÉPARTAGE PRUD'HOMAL",'ETPT Format DDG'!2:2,0)),'ETPT Format DDG'!$C:$C,$D$5,'ETPT Format DDG'!$EA:$EA,"Magistrat placé SUB") -> #N/A | AW15: =SUMIFS( INDEX( 'ETPT Format DDG'!$A:$EF,,MATCH("2. TOTAL CONTENTIEUX JAF",'ETPT Format DDG'!2:2,0)),'ETPT Format DDG'!$C:$C,$D$5,'ETPT Format DDG'!$EA:$EA,"Magistrat placé SUB") -> #N/A | AY15: =SUMIFS( INDEX( 'ETPT Format DDG'!$A:$EF,,MATCH("Temps ventilé sur la période (y.c. indisponibilité)",'ETPT Format DDG'!2:2,0)),'ETPT Format DDG'!$C:$C,$D$5,'ETPT Format DDG'!$EA:$EA,"Magistrat placé SUB")-SUM(AC15:AK15)-SUM(AM15:AX15) -> #N/A | AZ15: =SUM(AM15:AY15) -> #N/A | BJ15: =SUM(BA15:BI15) -> 0
F16: TOTAL ETPT | G16: =SUM(G5:G15) -> #N/A | H16: =SUM(H5:H15) -> #N/A | I16: =SUM(I5:I15) -> #N/A | J16: =SUM(J5:J15) -> #N/A | K16: =SUM(K5:K15) -> #N/A | L16: =SUM(L5:L15) -> #N/A | M16: =SUM(M5:M15) -> #N/A | N16: =SUM(N5:N15) -> #N/A | ... BJ16: =SUM(BJ5:BJ15) -> 0
W18: =H16+W16-W14-H14-H15-W15+ETPT_CPH!G5 -> #N/A | AZ18: =AZ16+AL16-AZ14-AL14 -> #N/A
D19: Attention : par défaut, l'activité pénale recensée au niveau des TPR est comptabilisée sur le TJ

Sheet ETPT_TPRX
A1: DÉCLARATION ETPT TPRX
G2: CTECH | H2: Total fonctionnaires techniques | I2: A-B-CBUR | J2: A-B-CBUR | K2: A-B-CBUR | L2: A-B-CBUR | M2: A-B-CBUR | N2: A-B-CBUR | O2: A-B-CBUR | P2: A-B-CBUR | Q2: A-B-CBUR | R2: A-B-CBUR | S2: Total fonctionnaires administratifs | T2: JURISTE AS | U2: Total juristes assistants | V2: SIEGE S | W2: SIEGE S | X2: SIEGE S | Y2: SIEGE S | Z2: SIEGE S | AA2: SIEGE S | AB2: SIEGE S | AC2: SIEGE S | AD2: SIEGE S | AE2: Total magistrats du siège activités spécifiques | AF2: SIEGE S | AG2: SIEGE S | AH2: SIEGE S | AI2: Total magistrats du siège autres activités
G3: FONCTIONNAIRES_C_TECHNIQUES_SPEC | I3: FONCTIONNAIRES_TI_DRT_LOCAL_RCS | J3: FONCTIONNAIRES_TI_AG_PACS_NAT | K3: FONCTIONNAIRES_TI_SURENDET | L3: FONCTIONNAIRES_TI_TUTELLES | M3: FONC_TPRX_JAF | N3: FONC_TPRX_TUT_MIN | O3: FONC_TPRX_CORREC | P3: FONC_TPRX_POLICE | Q3: FONC_TPRX_AUT_CTX_TJ | R3: FONCTIONNAIRES_HORS_FONCT_SPEC | T3: JUR_ASS_SIEGE | V3: JUGE_LIVRE_FONCIER_JNS | W3: MAGISTRATS_TI_SR_IP | X3: MAGISTRATS_TI_SURENDET | Y3: MAGISTRATS_TI_TUTELLES | Z3: MAGISTRAT_TPRX_JAF | AA3: MAGISTRAT_TPRX_TUT_MIN | AB3: MAGISTRAT_TPRX_CORREC | AC3: MAGISTRAT_TPRX_POLICE | AD3: MAGISTRAT_TPRX_AUT_CTX_TJ | AF3: MAGISTRATS_TGI_TI | AG3: TI_ACT_J_DEPARTITEUR | AH3: AUTRES_JNS
B4: UO | C4: Code de la juridiction | D4: Juridiction | E4: Code sous action | F4: Action | G4: Fonctionnaires Catégorie C Technique spécialisés | I4: Fonctionnaires TPRX, Droit Local, Livre foncier, RCS,etc. | J4: Fonctionnaires TPRX IP, Saisies rém, Nationalité, actes de greffe, etc. | K4: Fonctionnaires TPRX affectés au surendettement et au Hors surendettement | L4: Fonctionnaires TPRX tutelles majeurs et vérification des comptes | M4: Fonctionnaires TPRX sur activité déléguée du TJ en matière : JAF | N4: Fonctionnaires TPRX sur activité déléguée du TJ en matière : Tutelles mineurs | O4: Fonctionnaires TPRX sur activité déléguée du TJ en matière correctionnelle | P4: Fonctionnaires TPRX sur activité déléguée du TJ en matière de police | Q4: Fonctionnaires TPRX sur activité déléguèe du TJ : Autres contentieux | R4: Fonctionnaires hors fonctions spécifiques | T4: Juristes assistants siège Autres | V4: Juges du Livre Foncier + Juge d'Instance RCS et Droit Local | W4: Magistrats TPRX affectés aux saisies sur rémunération et IP | X4: Magistrats TPRX affectés au surendettement et au Hors surendettement | Y4: Magistrats suivi tutelles majeurs et comptes | Z4: Magistrat TPRX sur activité déléguée du TJ en matière : JAF | AA4: Magistrat TPRX sur activité déléguée du TJ en matière : Tutelles mineurs | AB4: Magistrat TPRX sur activité déléguée du TJ en matière correctionnelle | AC4: Magistrat TPRX sur activité déléguée du TJ en matière de police | AD4: Magistrat TPRX sur activité déléguée du TJ : Autres contentieux | AF4: Magistrats du TJ affectés au TPRX | AG4: Magistrats activité juge départiteur | AH4: Autres Magistrats du Siège non spécialisés
A5: ETPT_TPRX | D5: =ETPT_TPRX_DDG!$D$5 -> 0 | E5: 166-01-NC | F5: Action 1 - Traitement et jugement des contentieux civils | G5: =SUMIFS( INDEX( 'ETPT Format DDG'!$A:$EF,,MATCH("Temps ventilés sur la période (contentieux civils et sociaux)",'ETPT Format DDG'!2:2,0)),'ETPT Format DDG'!$C:$C,$D$5,'ETPT Format DDG'!$EA:$EA,"Fonctionnaire CTECH") -> #N/A | H5: =SUM(G5) -> #N/A | J5: =SUMIFS( INDEX( 'ETPT Format DDG'!$A:$EF,,MATCH("3.43. INJONCTIONS DE PAYER",'ETPT Format DDG'!2:2,0)),'ETPT Format DDG'!$C:$C,$D$5,'ETPT Format DDG'!$EA:$EA,"Fonctionnaire A-B-CBUR")+ SUMIFS( INDEX( 'ETPT Format DDG'!$A:$EF,,MATCH("3.44. SAISIE DES RÉMUNÉRATIONS",'ETPT Format DDG'!2:2,0)),'ETPT Format DDG'!$C:$C,$D$5,'ETPT Format DDG'!$EA:$EA,"Fonctionnaire A-B-CBUR") -> #N/A | K5: =SUMIFS( INDEX( 'ETPT Format DDG'!$A:$EF,,MATCH("3. TOTAL CONTENTIEUX DE LA PROTECTION",'ETPT Format DDG'!2:2,0)),'ETPT Format DDG'!$C:$C,$D$5,'ETPT Format DDG'!$EA:$EA,"Fonctionnaire A-B-CBUR")- SUMIFS( INDEX( 'ETPT Format DDG'!$A:$EF,,MATCH("3.2. PROTECTION DES MAJEURS",'ETPT Format DDG'!2:2,0)),'ETPT Format DDG'!$C:$C,$D$5,'ETPT Format DDG'!$EA:$EA,"Fonctionnaire A-B-CBUR")- SUMIFS( INDEX( 'ETPT Format DDG'!$A:$EF,,MATCH("3.43. INJONCTIONS DE PAYER",'ETPT Format DDG'!2:2,0)),'ETPT Format DDG'!$C:$C,$D$5,'ETPT Format DDG'!$EA:$EA,"Fonctionnaire A-B-CBUR")- SUMIFS( INDEX( 'ETPT Format DDG'!$A:$EF,,MATCH("3.44. SAISIE DES RÉMUNÉRATIONS",'ETPT Format DDG'!2:2,0)),'ETPT Format DDG'!$C:$C,$D$5,'ETPT Format DDG'!$EA:$EA,"Fonctionnaire A-B-CBUR") -> #N/A | L5: =SUMIFS( INDEX( 'ETPT Format DDG'!$A:$EF,,MATCH("3.2. PROTECTION DES MAJEURS",'ETPT Format DDG'!2:2,0)),'ETPT Format DDG'!$C:$C,$D$5,'ETPT Format DDG'!$EA:$EA,"Fonctionnaire A-B-CBUR") -> #N/A | R5: =SUMIFS( INDEX( 'ETPT Format DDG'!$A:$EF,,MATCH("Temps ventilés sur la période (contentieux civils et sociaux)",'ETPT Format DDG'!2:2,0)),'ETPT Format DDG'!$C:$C,$D$5,'ETPT Format DDG'!$EA:$EA,"Fonctionnaire A-B-CBUR")-SUM(I5:Q5) -> #N/A | S5: =SUM(I5:R5) -> #N/A | T5: =SUMIFS( INDEX( 'ETPT Format DDG'!$A:$EF,,MATCH("Temps ventilés sur la période (contentieux civils et sociaux)",'ETPT Format DDG'!2:2,0)),'ETPT Format DDG'!$C:$C,$D$5,'ETPT Format DDG'!$EA:$EA,"JURISTE AS siège Autres") -> #N/A | U5: =SUM(T5) -> #N/A | W5: =SUMIFS( INDEX( 'ETPT Format DDG'!$A:$EF,,MATCH("3.43. INJONCTIONS DE PAYER",'ETPT Format DDG'!2:2,0)),'ETPT Format DDG'!$C:$C,$D$5,'ETPT Format DDG'!$EA:$EA,"Magistrat SIEGE S")+ SUMIFS( INDEX( 'ETPT Format DDG'!$A:$EF,,MATCH("3.44. SAISIE DES RÉMUNÉRATIONS",'ETPT Format DDG'!2:2,0)),'ETPT Format DDG'!$C:$C,$D$5,'ETPT Format DDG'!$EA:$EA,"Magistrat SIEGE S") -> #N/A | X5: =SUMIFS( INDEX( 'ETPT Format DDG'!$A:$EF,,MATCH("3. TOTAL CONTENTIEUX DE LA PROTECTION",'ETPT Format DDG'!2:2,0)),'ETPT Format DDG'!$C:$C,$D$5,'ETPT Format DDG'!$EA:$EA,"Magistrat SIEGE S")- SUMIFS( INDEX( 'ETPT Format DDG'!$A:$EF,,MATCH("3.2. PROTECTION DES MAJEURS",'ETPT Format DDG'!2:2,0)),'ETPT Format DDG'!$C:$C,$D$5,'ETPT Format DDG'!$EA:$EA,"Magistrat SIEGE S")- SUMIFS( INDEX( 'ETPT Format DDG'!$A:$EF,,MATCH("3.43. INJONCTIONS DE PAYER",'ETPT Format DDG'!2:2,0)),'ETPT Format DDG'!$C:$C,$D$5,'ETPT Format DDG'!$EA:$EA,"Magistrat SIEGE S")- SUMIFS( INDEX( 'ETPT Format DDG'!$A:$EF,,MATCH("3.44. SAISIE DES RÉMUNÉRATIONS",'ETPT Format DDG'!2:2,0)),'ETPT Format DDG'!$C:$C,$D$5,'ETPT Format DDG'!$EA:$EA,"Magistrat SIEGE S") -> #N/A | Y5: =SUMIFS( INDEX( 'ETPT Format DDG'!$A:$EF,,MATCH("3.2. PROTECTION DES MAJEURS",'ETPT Format DDG'!2:2,0)),'ETPT Format DDG'!$C:$C,$D$5,'ETPT Format DDG'!$EA:$EA,"Magistrat SIEGE S") -> #N/A | AE5: =SUM(V5:AD5) -> #N/A | AG5: =SUMIFS( INDEX( 'ETPT Format DDG'!$A:$EF,,MATCH("1.1. DÉPARTAGE PRUD'HOMAL",'ETPT Format DDG'!2:2,0)),'ETPT Format DDG'!$C:$C,$D$5,'ETPT Format DDG'!$EA:$EA,"Magistrat SIEGE S") -> #N/A | AH5: =SUMIFS( INDEX( 'ETPT Format DDG'!$A:$EF,,MATCH("Temps ventilés sur la période (contentieux civils et sociaux)",'ETPT Format DDG'!2:2,0)),'ETPT Format DDG'!$C:$C,$D$5,'ETPT Format DDG'!$EA:$EA,"Magistrat SIEGE S")-SUM(V5:AD5)-AF5-AG5-SUMIFS( INDEX( 'ETPT Format DDG'!$A:$EF,,MATCH("6.1. ACTIVITÉ CIVILE",'ETPT Format DDG'!2:2,0)),'ETPT Format DDG'!$C:$C,$D$5,'ETPT Format DDG'!$EA:$EA,"Magistrat SIEGE S")-SUMIFS( INDEX( 'ETPT Format DDG'!$A:$EF,,MATCH("5. TOTAL JLD CIVIL",'ETPT Format DDG'!2:2,0)),'ETPT Format DDG'!$C:$C,$D$5,'ETPT Format DDG'!$EA:$EA,"Magistrat SIEGE S")-SUMIFS( INDEX( 'ETPT Format DDG'!$A:$EF,,MATCH("2. TOTAL CONTENTIEUX JAF",'ETPT Format DDG'!2:2,0)),'ETPT Format DDG'!$C:$C,$D$5,'ETPT Format DDG'!$C:$C,$D$5,'ETPT Format DDG'!$EA:$EA,"Magistrat SIEGE S") -> #N/A | AI5: =SUM(AF5:AH5) -> #N/A
A6: ETPT_TPRX | D6: =$D$5 -> 0 | E6: 166-02-NC | F6: Action 2 - Traitement et jugement des affaires pénales | H6: =SUM(G6) -> 0 | S6: =SUM(I6:R6) -> 0 | U6: =SUM(T6) -> 0 | AE6: =SUM(V6:AD6) -> 0 | AI6: =SUM(AF6:AH6) -> 0
A7: ETPT_TPRX | D7: =$D$5 -> 0 | E7: 166-04-NC | F7: Action 4 - Conseil supérieur de la magistrature | H7: =SUM(G7) -> 0 | S7: =SUM(I7:R7) -> 0 | U7: =SUM(T7) -> 0 | AE7: =SUM(V7:AD7) -> 0 | AI7: =SUM(AF7:AH7) -> 0
A8: ETPT_TPRX | D8: =$D$5 -> 0 | E8: 166-06-99 | F8: Action 6 - Accueil du justiciable (inclus SAUJ) | G8: =SUMIFS( INDEX( 'ETPT Format DDG'!$A:$EF,,MATCH("11.51. ACCUEIL DU JUSTICIABLE (DONT SAUJ)",'ETPT Format DDG'!2:2,0)),'ETPT Format DDG'!$C:$C,$D$5,'ETPT Format DDG'!$EA:$EA,"Fonctionnaire CTECH") -> #N/A | H8: =SUM(G8) -> #N/A | R8: =SUMIFS( INDEX( 'ETPT Format DDG'!$A:$EF,,MATCH("11.51. ACCUEIL DU JUSTICIABLE (DONT SAUJ)",'ETPT Format DDG'!2:2,0)),'ETPT Format DDG'!$C:$C,$D$5,'ETPT Format DDG'!$EA:$EA,"Fonctionnaire A-B-CBUR") -> #N/A | S8: =SUM(I8:R8) -> #N/A | T8: =SUMIFS( INDEX( 'ETPT Format DDG'!$A:$EF,,MATCH("11.51. ACCUEIL DU JUSTICIABLE (DONT SAUJ)",'ETPT Format DDG'!2:2,0)),'ETPT Format DDG'!$C:$C,$D$5,'ETPT Format DDG'!$EA:$EA,"JURISTE AS siège Autres") -> #N/A | U8: =SUM(T8) -> #N/A | AE8: =SUM(V8:AD8) -> 0 | AH8: =SUMIFS( INDEX( 'ETPT Format DDG'!$A:$EF,,MATCH("11.51. ACCUEIL DU JUSTICIABLE (DONT SAUJ)",'ETPT Format DDG'!2:2,0)),'ETPT Format DDG'!$C:$C,$D$5,'ETPT Format DDG'!$EA:$EA,"Magistrat SIEGE S") -> #N/A | AI8: =SUM(AF8:AH8) -> #N/A
A9: ETPT_TPRX | D9: =$D$5 -> 0 | E9: 166-06-NC | F9: Action 6 - Soutien (Hors accueil du justiciable) | G9: =SUMIFS( INDEX( 'ETPT Format DDG'!$A:$EF,,MATCH("11.1. SOUTIEN (HORS FORMATIONS SUIVIES)",'ETPT Format DDG'!2:2,0)),'ETPT Format DDG'!$C:$C,$D$5,'ETPT Format DDG'!$EA:$EA,"Fonctionnaire CTECH")+ SUMIFS( INDEX( 'ETPT Format DDG'!$A:$EF,,MATCH("11.2. FORMATIONS SUIVIES",'ETPT Format DDG'!2:2,0)),'ETPT Format DDG'!$C:$C,$D$5,'ETPT Format DDG'!$EA:$EA,"Fonctionnaire CTECH")+ SUMIFS( INDEX( 'ETPT Format DDG'!$A:$EF,,MATCH("11.6. AUTRES ACTIVITÉS NON JURIDICTIONNELLES",'ETPT Format DDG'!2:2,0)),'ETPT Format DDG'!$C:$C,$D$5,'ETPT Format DDG'!$EA:$EA,"Fonctionnaire CTECH") -> #N/A | H9: =SUM(G9) -> #N/A | R9: =SUMIFS( INDEX( 'ETPT Format DDG'!$A:$EF,,MATCH("11.1. SOUTIEN (HORS FORMATIONS SUIVIES)",'ETPT Format DDG'!2:2,0)),'ETPT Format DDG'!$C:$C,$D$5,'ETPT Format DDG'!$EA:$EA,"Fonctionnaire A-B-CBUR")+ SUMIFS( INDEX( 'ETPT Format DDG'!$A:$EF,,MATCH("11.2. FORMATIONS SUIVIES",'ETPT Format DDG'!2:2,0)),'ETPT Format DDG'!$C:$C,$D$5,'ETPT Format DDG'!$EA:$EA,"Fonctionnaire A-B-CBUR")+ SUMIFS( INDEX( 'ETPT Format DDG'!$A:$EF,,MATCH("11.6. AUTRES ACTIVITÉS NON JURIDICTIONNELLES",'ETPT Format DDG'!2:2,0)),'ETPT Format DDG'!$C:$C,$D$5,'ETPT Format DDG'!$EA:$EA,"Fonctionnaire A-B-CBUR")+ SUMIFS( INDEX( 'ETPT Format DDG'!$A:$EF,,MATCH("Temps ventilé sur la période (y.c. indisponibilité)",'ETPT Format DDG'!2:2,0)),'ETPT Format DDG'!$C:$C,$D$5,'ETPT Format DDG'!$EA:$EA,"CONT A JP Greffe") -> #N/A | S9: =SUM(I9:R9) -> #N/A | T9: =SUMIFS( INDEX( 'ETPT Format DDG'!$A:$EF,,MATCH("11.1. SOUTIEN (HORS FORMATIONS SUIVIES)",'ETPT Format DDG'!2:2,0)),'ETPT Format DDG'!$C:$C,$D$5,'ETPT Format DDG'!$EA:$EA,"JURISTE AS siège Autres")+ SUMIFS( INDEX( 'ETPT Format DDG'!$A:$EF,,MATCH("11.2. FORMATIONS SUIVIES",'ETPT Format DDG'!2:2,0)),'ETPT Format DDG'!$C:$C,$D$5,'ETPT Format DDG'!$EA:$EA,"JURISTE AS siège Autres")+ SUMIFS( INDEX( 'ETPT Format DDG'!$A:$EF,,MATCH("11.6. AUTRES ACTIVITÉS NON JURIDICTIONNELLES",'ETPT Format DDG'!2:2,0)),'ETPT Format DDG'!$C:$C,$D$5,'ETPT Format DDG'!$EA:$EA,"JURISTE AS siège Autres") -> #N/A | U9: =SUM(T9) -> #N/A | AE9: =SUM(V9:AD9) -> 0 | AH9: =SUMIFS( INDEX( 'ETPT Format DDG'!$A:$EF,,MATCH("11.1. SOUTIEN (HORS FORMATIONS SUIVIES)",'ETPT Format DDG'!2:2,0)),'ETPT Format DDG'!$C:$C,$D$5,'ETPT Format DDG'!$EA:$EA,"Magistrat SIEGE S")+ SUMIFS( INDEX( 'ETPT Format DDG'!$A:$EF,,MATCH("11.2. FORMATIONS SUIVIES",'ETPT Format DDG'!2:2,0)),'ETPT Format DDG'!$C:$C,$D$5,'ETPT Format DDG'!$EA:$EA,"Magistrat SIEGE S")+ SUMIFS( INDEX( 'ETPT Format DDG'!$A:$EF,,MATCH("11.6. AUTRES ACTIVITÉS NON JURIDICTIONNELLES",'ETPT Format DDG'!2:2,0)),'ETPT Format DDG'!$C:$C,$D$5,'ETPT Format DDG'!$EA:$EA,"Magistrat SIEGE S") -> #N/A | AI9: =SUM(AF9:AH9) -> #N/A
A10: ETPT_TPRX | D10: =$D$5 -> 0 | E10: 166-07-NC | F10: Action 7 - Formation dispensée | G10: =SUMIFS( INDEX( 'ETPT Format DDG'!$A:$EF,,MATCH("11.3. FORMATIONS DISPENSÉES",'ETPT Format DDG'!2:2,0)),'ETPT Format DDG'!$C:$C,$D$5,'ETPT Format DDG'!$EA:$EA,"Fonctionnaire CTECH") -> #N/A | H10: =SUM(G10) -> #N/A | R10: =SUMIFS( INDEX( 'ETPT Format DDG'!$A:$EF,,MATCH("11.3. FORMATIONS DISPENSÉES",'ETPT Format DDG'!2:2,0)),'ETPT Format DDG'!$C:$C,$D$5,'ETPT Format DDG'!$EA:$EA,"Fonctionnaire A-B-CBUR") -> #N/A | S10: =SUM(I10:R10) -> #N/A | T10: =SUMIFS( INDEX( 'ETPT Format DDG'!$A:$EF,,MATCH("11.3. FORMATIONS DISPENSÉES",'ETPT Format DDG'!2:2,0)),'ETPT Format DDG'!$C:$C,$D$5,'ETPT Format DDG'!$EA:$EA,"JURISTE AS siège Autres") -> #N/A | U10: =SUM(T10) -> #N/A | AE10: =SUM(V10:AD10) -> 0 | AH10: =SUMIFS( INDEX( 'ETPT Format DDG'!$A:$EF,,MATCH("11.3. FORMATIONS DISPENSÉES",'ETPT Format DDG'!2:2,0)),'ETPT Format DDG'!$C:$C,$D$5,'ETPT Format DDG'!$EA:$EA,"Magistrat SIEGE S") -> #N/A | AI10: =SUM(AF10:AH10) -> #N/A
A11: ETPT_TPRX | D11: =$D$5 -> 0 | E11: 166-08-NC | F11: Action 8 - Support à l'accès au droit et à la justice | G11: =SUMIFS( INDEX( 'ETPT Format DDG'!$A:$EF,,MATCH("11.4. ACCÈS AU DROIT ET À LA JUSTICE",'ETPT Format DDG'!2:2,0)),'ETPT Format DDG'!$C:$C,$D$5,'ETPT Format DDG'!$EA:$EA,"Fonctionnaire CTECH") -> #N/A | H11: =SUM(G11) -> #N/A | R11: =SUMIFS( INDEX( 'ETPT Format DDG'!$A:$EF,,MATCH("11.4. ACCÈS AU DROIT ET À LA JUSTICE",'ETPT Format DDG'!2:2,0)),'ETPT Format DDG'!$C:$C,$D$5,'ETPT Format DDG'!$EA:$EA,"Fonctionnaire A-B-CBUR") -> #N/A | S11: =SUM(I11:R11) -> #N/A | T11: =SUMIFS( INDEX( 'ETPT Format DDG'!$A:$EF,,MATCH("11.4. ACCÈS AU DROIT ET À LA JUSTICE",'ETPT Format DDG'!2:2,0)),'ETPT Format DDG'!$C:$C,$D$5,'ETPT Format DDG'!$EA:$EA,"JURISTE AS siège Autres") -> #N/A | U11: =SUM(T11) -> #N/A | AE11: =SUM(V11:AD11) -> 0 | AH11: =SUMIFS( INDEX( 'ETPT Format DDG'!$A:$EF,,MATCH("11.4. ACCÈS AU DROIT ET À LA JUSTICE",'ETPT Format DDG'!2:2,0)),'ETPT Format DDG'!$C:$C,$D$5,'ETPT Format DDG'!$EA:$EA,"Magistrat SIEGE S") -> #N/A | AI11: =SUM(AF11:AH11) -> #N/A
A12: ETPT_TPRX | D12: =$D$5 -> 0 | E12: 166-99-NC | F12: Action 99 - Personnel concourant au programme - à reventiler | G12: =SUMIFS( INDEX( 'ETPT Format DDG'!$A:$EF,,MATCH("12. TOTAL INDISPONIBILITÉ",'ETPT Format DDG'!2:2,0)),'ETPT Format DDG'!$C:$C,$D$5,'ETPT Format DDG'!$EA:$EA,"Fonctionnaire CTECH")- SUMIFS( INDEX( 'ETPT Format DDG'!$A:$EF,,MATCH("12.5. MISE À DISPOSITION",'ETPT Format DDG'!2:2,0)),'ETPT Format DDG'!$C:$C,$D$5,'ETPT Format DDG'!$EA:$EA,"Fonctionnaire CTECH") -> #N/A | H12: =SUM(G12) -> #N/A | R12: =SUMIFS( INDEX( 'ETPT Format DDG'!$A:$EF,,MATCH("12. TOTAL INDISPONIBILITÉ",'ETPT Format DDG'!2:2,0)),'ETPT Format DDG'!$C:$C,$D$5,'ETPT Format DDG'!$EA:$EA,"Fonctionnaire A-B-CBUR")- SUMIFS( INDEX( 'ETPT Format DDG'!$A:$EF,,MATCH("12.5. MISE À DISPOSITION",'ETPT Format DDG'!2:2,0)),'ETPT Format DDG'!$C:$C,$D$5,'ETPT Format DDG'!$EA:$EA,"Fonctionnaire A-B-CBUR") -> #N/A | S12: =SUM(I12:R12) -> #N/A | T12: =SUMIFS( INDEX( 'ETPT Format DDG'!$A:$EF,,MATCH("12. TOTAL INDISPONIBILITÉ",'ETPT Format DDG'!2:2,0)),'ETPT Format DDG'!$C:$C,$D$5,'ETPT Format DDG'!$EA:$EA,"JURISTE AS siège Autres")- SUMIFS( INDEX( 'ETPT Format DDG'!$A:$EF,,MATCH("12.5. MISE À DISPOSITION",'ETPT Format DDG'!2:2,0)),'ETPT Format DDG'!$C:$C,$D$5,'ETPT Format DDG'!$EA:$EA,"JURISTE AS siège Autres") -> #N/A | U12: =SUM(T12) -> #N/A | AE12: =SUM(V12:AD12) -> 0 | AH12: =SUMIFS( INDEX( 'ETPT Format DDG'!$A:$EF,,MATCH("12. TOTAL INDISPONIBILITÉ",'ETPT Format DDG'!2:2,0)),'ETPT Format DDG'!$C:$C,$D$5,'ETPT Format DDG'!$EA:$EA,"Magistrat SIEGE S") -> #N/A | AI12: =SUM(AF12:AH12) -> #N/A
A13: ETPT_TPRX | D13: =$D$5 -> 0 | E13: 166-NC-NC | F13: Etpt autres personnels à reventiler (dont droit local,commercial- rcs, mise à disposition) | G13: =SUMIFS( INDEX( 'ETPT Format DDG'!$A:$EF,,MATCH("12.5. MISE À DISPOSITION",'ETPT Format DDG'!2:2,0)),'ETPT Format DDG'!$C:$C,$D$5,'ETPT Format DDG'!$EA:$EA,"Fonctionnaire CTECH") -> #N/A | H13: =SUM(G13) -> #N/A | R13: =SUMIFS( INDEX( 'ETPT Format DDG'!$A:$EF,,MATCH("12.5. MISE À DISPOSITION",'ETPT Format DDG'!2:2,0)),'ETPT Format DDG'!$C:$C,$D$5,'ETPT Format DDG'!$EA:$EA,"Fonctionnaire A-B-CBUR") -> #N/A | S13: =SUM(I13:R13) -> #N/A | T13: =SUMIFS( INDEX( 'ETPT Format DDG'!$A:$EF,,MATCH("12.5. MISE À DISPOSITION",'ETPT Format DDG'!2:2,0)),'ETPT Format DDG'!$C:$C,$D$5,'ETPT Format DDG'!$EA:$EA,"JURISTE AS siège Autres") -> #N/A | U13: =SUM(T13) -> #N/A | AE13: =SUM(V13:AD13) -> 0 | AI13: =SUM(AF13:AH13) -> 0
A14: ETPT_TPRX | D14: =$D$5 -> 0 | E14: 166-PA-NC | F14: Etpt placés additionnels | G14: =SUMIFS( INDEX( 'ETPT Format DDG'!$A:$EF,,MATCH("Temps ventilé sur la période (y.c. indisponibilité)",'ETPT Format DDG'!2:2,0)),'ETPT Format DDG'!$C:$C,$D$5,'ETPT Format DDG'!$EA:$EA,"Fonctionnaire CTECH placé ADD") -> #N/A | H14: =SUM(G14) -> #N/A | J14: =SUMIFS( INDEX( 'ETPT Format DDG'!$A:$EF,,MATCH("3.43. INJONCTIONS DE PAYER",'ETPT Format DDG'!2:2,0)),'ETPT Format DDG'!$C:$C,$D$5,'ETPT Format DDG'!$EA:$EA,"Fonctionnaire A-B-CBUR placé ADD")+ SUMIFS( INDEX( 'ETPT Format DDG'!$A:$EF,,MATCH("3.44. SAISIE DES RÉMUNÉRATIONS",'ETPT Format DDG'!2:2,0)),'ETPT Format DDG'!$C:$C,$D$5,'ETPT Format DDG'!$EA:$EA,"Fonctionnaire A-B-CBUR placé ADD") -> #N/A | K14: =SUMIFS( INDEX( 'ETPT Format DDG'!$A:$EF,,MATCH("3. TOTAL CONTENTIEUX DE LA PROTECTION",'ETPT Format DDG'!2:2,0)),'ETPT Format DDG'!$C:$C,$D$5,'ETPT Format DDG'!$EA:$EA,"Fonctionnaire A-B-CBUR placé ADD")- SUMIFS( INDEX( 'ETPT Format DDG'!$A:$EF,,MATCH("3.2. PROTECTION DES MAJEURS",'ETPT Format DDG'!2:2,0)),'ETPT Format DDG'!$C:$C,$D$5,'ETPT Format DDG'!$EA:$EA,"Fonctionnaire A-B-CBUR placé ADD")- SUMIFS( INDEX( 'ETPT Format DDG'!$A:$EF,,MATCH("3.43. INJONCTIONS DE PAYER",'ETPT Format DDG'!2:2,0)),'ETPT Format DDG'!$C:$C,$D$5,'ETPT Format DDG'!$EA:$EA,"Fonctionnaire A-B-CBUR placé ADD")- SUMIFS( INDEX( 'ETPT Format DDG'!$A:$EF,,MATCH("3.44. SAISIE DES RÉMUNÉRATIONS",'ETPT Format DDG'!2:2,0)),'ETPT Format DDG'!$C:$C,$D$5,'ETPT Format DDG'!$EA:$EA,"Fonctionnaire A-B-CBUR placé ADD") -> #N/A | L14: =SUMIFS( INDEX( 'ETPT Format DDG'!$A:$EF,,MATCH("3.2. PROTECTION DES MAJEURS",'ETPT Format DDG'!2:2,0)),'ETPT Format DDG'!$C:$C,$D$5,'ETPT Format DDG'!$EA:$EA,"Fonctionnaire A-B-CBUR placé ADD") -> #N/A | R14: =SUMIFS( INDEX( 'ETPT Format DDG'!$A:$EF,,MATCH("Temps ventilé sur la période (y.c. indisponibilité)",'ETPT Format DDG'!2:2,0)),'ETPT Format DDG'!$C:$C,$D$5,'ETPT Format DDG'!$EA:$EA,"Fonctionnaire A-B-CBUR placé ADD")-SUM(I14:Q14)-SUMIFS( INDEX( 'ETPT Format DDG'!$A:$EF,,MATCH("11.7. FONCTIONNAIRES AFFECTÉS AU CPH",'ETPT Format DDG'!2:2,0)),'ETPT Format DDG'!$C:$C,$D$5,'ETPT Format DDG'!$EA:$EA,"Fonctionnaire CTECH placé ADD") -> #N/A | S14: =SUM(I14:R14) -> #N/A | U14: =SUM(T14) -> 0 | W14: =SUMIFS( INDEX( 'ETPT Format DDG'!$A:$EF,,MATCH("3.43. INJONCTIONS DE PAYER",'ETPT Format DDG'!2:2,0)),'ETPT Format DDG'!$C:$C,$D$5,'ETPT Format DDG'!$EA:$EA,"Magistrat placé ADD")+ SUMIFS( INDEX( 'ETPT Format DDG'!$A:$EF,,MATCH("3.44. SAISIE DES RÉMUNÉRATIONS",'ETPT Format DDG'!2:2,0)),'ETPT Format DDG'!$C:$C,$D$5,'ETPT Format DDG'!$EA:$EA,"Magistrat placé ADD") -> #N/A | X14: =SUMIFS( INDEX( 'ETPT Format DDG'!$A:$EF,,MATCH("3. TOTAL CONTENTIEUX DE LA PROTECTION",'ETPT Format DDG'!2:2,0)),'ETPT Format DDG'!$C:$C,$D$5,'ETPT Format DDG'!$EA:$EA,"Magistrat placé ADD")- SUMIFS( INDEX( 'ETPT Format DDG'!$A:$EF,,MATCH("3.2. PROTECTION DES MAJEURS",'ETPT Format DDG'!2:2,0)),'ETPT Format DDG'!$C:$C,$D$5,'ETPT Format DDG'!$EA:$EA,"Magistrat placé ADD")- SUMIFS( INDEX( 'ETPT Format DDG'!$A:$EF,,MATCH("3.43. INJONCTIONS DE PAYER",'ETPT Format DDG'!2:2,0)),'ETPT Format DDG'!$C:$C,$D$5,'ETPT Format DDG'!$EA:$EA,"Magistrat placé ADD")- SUMIFS( INDEX( 'ETPT Format DDG'!$A:$EF,,MATCH("3.44. SAISIE DES RÉMUNÉRATIONS",'ETPT Format DDG'!2:2,0)),'ETPT Format DDG'!$C:$C,$D$5,'ETPT Format DDG'!$EA:$EA,"Magistrat placé ADD") -> #N/A | Y14: =SUMIFS( INDEX( 'ETPT Format DDG'!$A:$EF,,MATCH("3.2. PROTECTION DES MAJEURS",'ETPT Format DDG'!2:2,0)),'ETPT Format DDG'!$C:$C,$D$5,'ETPT Format DDG'!$EA:$EA,"Magistrat placé ADD") -> #N/A | AE14: =SUM(V14:AD14) -> #N/A | AG14: =SUMIFS( INDEX( 'ETPT Format DDG'!$A:$EF,,MATCH("1.1. DÉPARTAGE PRUD'HOMAL",'ETPT Format DDG'!2:2,0)),'ETPT Format DDG'!$C:$C,$D$5,'ETPT Format DDG'!$EA:$EA,"Magistrat placé ADD") -> #N/A | AH14: =SUMIFS( INDEX( 'ETPT Format DDG'!$A:$EF,,MATCH("Temps ventilé sur la période (y.c. indisponibilité)",'ETPT Format DDG'!2:2,0)),'ETPT Format DDG'!$C:$C,$D$5,'ETPT Format DDG'!$EA:$EA,"Magistrat placé ADD")-SUM(AE14:AG14) -> #N/A | AI14: =SUM(AF14:AH14) -> #N/A
A15: ETPT_TPRX | D15: =$D$5 -> 0 | E15: 166-PS-NC | F15: Etpt placés de substitution | G15: =SUMIFS( INDEX( 'ETPT Format DDG'!$A:$EF,,MATCH("Temps ventilé sur la période (y.c. indisponibilité)",'ETPT Format DDG'!2:2,0)),'ETPT Format DDG'!$C:$C,$D$5,'ETPT Format DDG'!$EA:$EA,"Fonctionnaire CTECH placé SUB") -> #N/A | H15: =SUM(G15) -> #N/A | J15: =SUMIFS( INDEX( 'ETPT Format DDG'!$A:$EF,,MATCH("3.43. INJONCTIONS DE PAYER",'ETPT Format DDG'!2:2,0)),'ETPT Format DDG'!$C:$C,$D$5,'ETPT Format DDG'!$EA:$EA,"Fonctionnaire A-B-CBUR placé SUB")+ SUMIFS( INDEX( 'ETPT Format DDG'!$A:$EF,,MATCH("3.44. SAISIE DES RÉMUNÉRATIONS",'ETPT Format DDG'!2:2,0)),'ETPT Format DDG'!$C:$C,$D$5,'ETPT Format DDG'!$EA:$EA,"Fonctionnaire A-B-CBUR placé SUB") -> #N/A | K15: =SUMIFS( INDEX( 'ETPT Format DDG'!$A:$EF,,MATCH("3. TOTAL CONTENTIEUX DE LA PROTECTION",'ETPT Format DDG'!2:2,0)),'ETPT Format DDG'!$C:$C,$D$5,'ETPT Format DDG'!$EA:$EA,"Fonctionnaire A-B-CBUR placé SUB")- SUMIFS( INDEX( 'ETPT Format DDG'!$A:$EF,,MATCH("3.2. PROTECTION DES MAJEURS",'ETPT Format DDG'!2:2,0)),'ETPT Format DDG'!$C:$C,$D$5,'ETPT Format DDG'!$EA:$EA,"Fonctionnaire A-B-CBUR placé SUB")- SUMIFS( INDEX( 'ETPT Format DDG'!$A:$EF,,MATCH("3.43. INJONCTIONS DE PAYER",'ETPT Format DDG'!2:2,0)),'ETPT Format DDG'!$C:$C,$D$5,'ETPT Format DDG'!$EA:$EA,"Fonctionnaire A-B-CBUR placé SUB")- SUMIFS( INDEX( 'ETPT Format DDG'!$A:$EF,,MATCH("3.44. SAISIE DES RÉMUNÉRATIONS",'ETPT Format DDG'!2:2,0)),'ETPT Format DDG'!$C:$C,$D$5,'ETPT Format DDG'!$EA:$EA,"Fonctionnaire A-B-CBUR placé SUB") -> #N/A | L15: =SUMIFS( INDEX( 'ETPT Format DDG'!$A:$EF,,MATCH("3.2. PROTECTION DES MAJEURS",'ETPT Format DDG'!2:2,0)),'ETPT Format DDG'!$C:$C,$D$5,'ETPT Format DDG'!$EA:$EA,"Fonctionnaire A-B-CBUR placé SUB") -> #N/A | R15: =SUMIFS( INDEX( 'ETPT Format DDG'!$A:$EF,,MATCH("Temps ventilé sur la période (y.c. indisponibilité)",'ETPT Format DDG'!2:2,0)),'ETPT Format DDG'!$C:$C,$D$5,'ETPT Format DDG'!$EA:$EA,"Fonctionnaire A-B-CBUR placé SUB")-SUM(I15:Q15)-SUMIFS( INDEX( 'ETPT Format DDG'!$A:$EF,,MATCH("11.7. FONCTIONNAIRES AFFECTÉS AU CPH",'ETPT Format DDG'!2:2,0)),'ETPT Format DDG'!$C:$C,$D$5,'ETPT Format DDG'!$EA:$EA,"Fonctionnaire CTECH placé SUB") -> #N/A | S15: =SUM(I15:R15) -> #N/A | U15: =SUM(T15) -> 0 | W15: =SUMIFS( INDEX( 'ETPT Format DDG'!$A:$EF,,MATCH("3.43. INJONCTIONS DE PAYER",'ETPT Format DDG'!2:2,0)),'ETPT Format DDG'!$C:$C,$D$5,'ETPT Format DDG'!$EA:$EA,"Magistrat placé SUB")+ SUMIFS( INDEX( 'ETPT Format DDG'!$A:$EF,,MATCH("3.44. SAISIE DES RÉMUNÉRATIONS",'ETPT Format DDG'!2:2,0)),'ETPT Format DDG'!$C:$C,$D$5,'ETPT Format DDG'!$EA:$EA,"Magistrat placé SUB") -> #N/A | X15: =SUMIFS( INDEX( 'ETPT Format DDG'!$A:$EF,,MATCH("3. TOTAL CONTENTIEUX DE LA PROTECTION",'ETPT Format DDG'!2:2,0)),'ETPT Format DDG'!$C:$C,$D$5,'ETPT Format DDG'!$EA:$EA,"Magistrat placé SUB")- SUMIFS( INDEX( 'ETPT Format DDG'!$A:$EF,,MATCH("3.2. PROTECTION DES MAJEURS",'ETPT Format DDG'!2:2,0)),'ETPT Format DDG'!$C:$C,$D$5,'ETPT Format DDG'!$EA:$EA,"Magistrat placé SUB")- SUMIFS( INDEX( 'ETPT Format DDG'!$A:$EF,,MATCH("3.43. INJONCTIONS DE PAYER",'ETPT Format DDG'!2:2,0)),'ETPT Format DDG'!$C:$C,$D$5,'ETPT Format DDG'!$EA:$EA,"Magistrat placé SUB")- SUMIFS( INDEX( 'ETPT Format DDG'!$A:$EF,,MATCH("3.44. SAISIE DES RÉMUNÉRATIONS",'ETPT Format DDG'!2:2,0)),'ETPT Format DDG'!$C:$C,$D$5,'ETPT Format DDG'!$EA:$EA,"Magistrat placé SUB") -> #N/A | Y15: =SUMIFS( INDEX( 'ETPT Format DDG'!$A:$EF,,MATCH("3.2. PROTECTION DES MAJEURS",'ETPT Format DDG'!2:2,0)),'ETPT Format DDG'!$C:$C,$D$5,'ETPT Format DDG'!$EA:$EA,"Magistrat placé SUB") -> #N/A | AE15: =SUM(V15:AD15) -> #N/A | AG15: =SUMIFS( INDEX( 'ETPT Format DDG'!$A:$EF,,MATCH("1.1. DÉPARTAGE PRUD'HOMAL",'ETPT Format DDG'!2:2,0)),'ETPT Format DDG'!$C:$C,$D$5,'ETPT Format DDG'!$EA:$EA,"Magistrat placé SUB") -> #N/A | AH15: =SUMIFS( INDEX( 'ETPT Format DDG'!$A:$EF,,MATCH("Temps ventilé sur la période (y.c. indisponibilité)",'ETPT Format DDG'!2:2,0)),'ETPT Format DDG'!$C:$C,$D$5,'ETPT Format DDG'!$EA:$EA,"Magistrat placé SUB")-SUM(AE15:AG15) -> #N/A | AI15: =SUM(AF15:AH15) -> #N/A
F16: TOTAL ETPT | G16: =SUM(G5:G15) -> #N/A | H16: =SUM(H5:H15) -> #N/A | I16: =SUM(I5:I15) -> 0 | J16: =SUM(J5:J15) -> #N/A | K16: =SUM(K5:K15) -> #N/A | L16: =SUM(L5:L15) -> #N/A | M16: =SUM(M5:M15) -> 0 | N16: =SUM(N5:N15) -> 0 | ... AI16: =SUM(AI5:AI15) -> #N/A
S17: =S16+H16-S14-H14-H15-S15+ETPT_CPH!G5 -> #N/A
D19: Attention : par défaut, l'activité pénale recensée au niveau des TPR est comptabilisée sur le TJ

Sheet ETPT_CPH
D1: DÉCLARATION ETPT CPH
G2: A-B-CBUR | H2: Total fonctionnaires administratifs | I2: JURISTE AS | J2: Total juristes assistants
G3: FONCTIONNAIRES_HORS_FONCT_SPEC | I3: JUR_ASS_SIEGE
B4: UO | C4: Code de la juridiction | D4: Juridiction | E4: Code sous action | F4: Action | G4: Fonctionnaires hors fonctions spécifiques | I4: Juristes assistants siège Autres
A5: ETPT_CPH | D5: =ETPT_CPH_DDG!$D$5 -> 0 | E5: 166-01-NC | F5: Action 1 - Traitement et jugement des contentieux civils | G5: =SUMIFS( INDEX( 'ETPT Format DDG'!$A:$EF,,MATCH("11.7. FONCTIONNAIRES AFFECTÉS AU CPH",'ETPT Format DDG'!2:2,0)),'ETPT Format DDG'!$C:$C,$D$5,'ETPT Format DDG'!$EA:$EA,"Fonctionnaire A-B-CBUR") -> #N/A | H5: =SUM(G5) -> #N/A | I5: =SUMIFS( INDEX( 'ETPT Format DDG'!$A:$EF,,MATCH("11.7. FONCTIONNAIRES AFFECTÉS AU CPH",'ETPT Format DDG'!2:2,0)),'ETPT Format DDG'!$C:$C,$D$5,'ETPT Format DDG'!$EA:$EA,"JURISTE AS siège Autres") -> #N/A | J5: =SUM(I5) -> #N/A
A6: ETPT_CPH | D6: =$D$5 -> 0 | E6: 166-06-99 | F6: Action 6 - Accueil du justiciable (inclus SAUJ) | H6: =SUM(G6) -> 0 | J6: =SUM(I6) -> 0
A7: ETPT_CPH | D7: =$D$5 -> 0 | E7: 166-06-NC | F7: Action 6 - Soutien (Hors accueil du justiciable) | H7: =SUM(G7) -> 0 | J7: =SUM(I7) -> 0
A8: ETPT_CPH | D8: =$D$5 -> 0 | E8: 166-07-NC | F8: Action 7 - Formation dispensée | H8: =SUM(G8) -> 0 | J8: =SUM(I8) -> 0
A9: ETPT_CPH | D9: =$D$5 -> 0 | E9: 166-08-NC | F9: Action 8 - Support à l'accès au droit et à la justice | H9: =SUM(G9) -> 0 | J9: =SUM(I9) -> 0
A10: ETPT_CPH | D10: =$D$5 -> 0 | E10: 166-99-NC | F10: Action 99 - Personnel concourant au programme - à reventiler | H10: =SUM(G10) -> 0 | J10: =SUM(I10) -> 0
A11: ETPT_CPH | D11: =$D$5 -> 0 | E11: 166-NC-NC | F11: Etpt autres personnels à reventiler (dont droit local,commercial- rcs, mise à disposition) | H11: =SUM(G11) -> 0 | J11: =SUM(I11) -> 0
A12: ETPT_CPH | D12: =$D$5 -> 0 | E12: 166-PA-NC | F12: Etpt placés additionnels | G12: =SUMIFS( INDEX( 'ETPT Format DDG'!$A:$EF,,MATCH("11.7. FONCTIONNAIRES AFFECTÉS AU CPH",'ETPT Format DDG'!2:2,0)),'ETPT Format DDG'!$C:$C,$D$5,'ETPT Format DDG'!$EA:$EA,"Fonctionnaire CTECH placé ADD") -> #N/A | H12: =SUM(G12) -> #N/A | J12: =SUM(I12) -> 0
A13: ETPT_CPH | D13: =$D$5 -> 0 | E13: 166-PS-NC | F13: Etpt placés de substitution | G13: =SUMIFS( INDEX( 'ETPT Format DDG'!$A:$EF,,MATCH("11.7. FONCTIONNAIRES AFFECTÉS AU CPH",'ETPT Format DDG'!2:2,0)),'ETPT Format DDG'!$C:$C,$D$5,'ETPT Format DDG'!$EA:$EA,"Fonctionnaire CTECH placé SUB") -> #N/A | H13: =SUM(G13) -> #N/A | J13: =SUM(I13) -> 0
F14: TOTAL ETPT | G14: =SUM(G5:G13) -> #N/A | H14: =SUM(H5:H13) -> #N/A | I14: =SUM(I5:I13) -> #N/A | J14: =SUM(J5:J13) -> #N/A

Sheet ETPT_TJ_DDG
A1: Agrégats DDG | D1: Déclaration des ETPT TJ
G2: CTECH | H2: Total fonctionnaires techniques | I2: A-B-CBUR | J2: A-B-CBUR | K2: A-B-CBUR | L2: A-B-CBUR | M2: A-B-CBUR | N2: A-B-CBUR | O2: A-B-CBUR | P2: A-B-CBUR | Q2: A-B-CBUR | R2: A-B-CBUR | S2: A-B-CBUR | T2: A-B-CBUR | U2: A-B-CBUR | V2: A-B-CBUR | W2: Total fonctionnaires administratifs | X2: JURISTE AS | Y2: JURISTE AS | Z2: JURISTE AS | AA2: JURISTE AS | AB2: Total juristes assistants | AC2: SIEGE S | AD2: SIEGE S | AE2: SIEGE S | AF2: SIEGE S | AG2: SIEGE S | AH2: SIEGE S | AI2: SIEGE S | AJ2: SIEGE S | AK2: SIEGE S | AL2: Total magistrats du siège spécialisés | AM2: SIEGE NS | AN2: SIEGE NS | AO2: SIEGE NS | AP2: SIEGE NS | AQ2: SIEGE NS | AR2: SIEGE NS | AS2: SIEGE NS | AT2: SIEGE NS | AU2: SIEGE NS | AV2: SIEGE NS | AW2: SIEGE NS | AX2: SIEGE NS | AY2: SIEGE NS | AZ2: Total magistrats du siège non spécialisés | BA2: PRQT | BB2: PRQT | BC2: PRQT | BD2: PRQT | BE2: PRQT | BF2: PRQT | BG2: PRQT | BH2: PRQT | BI2: PRQT | BJ2: Total magistrats du parquet
G3: FONCTIONNAIRES_C_TECHNIQUES_SPEC | I3: FONCTIONNAIRES_ACTIVITE_CIV_PRQT | J3: FONCTIONNAIRES_BEX_APP | K3: FONCTIONNAIRES_ASSISES | L3: FONC_COUR_CRIM | M3: FONCTIONNAIRES_JIRS_ECOFI | N3: FONCTIONNAIRES_JIRS_CRIMO | O3: FONCTIONNAIRES_JIRS_SS | P3: FONC_TJ_TUT_MAJ | Q3: FONC_TJ_SURENDETTEMENT | S3: FONC_TJ_IP_SR | T3: FONC_CTX_GEN_INF_DIX_MIL | U3: FONC_P_SOC | V3: FONCTIONNAIRES_HORS_FONCT_SPEC | Y3: JUR_ASS_PARQUET | Z3: JUR_ASS_TASS | AA3: JUR_ASS_SIEGE | AC3: JCP_TJ_TUT_MAJ | AD3: JCP_TJ_SURENDETTEMENT | AE3: J_INSTRUCTION | AF3: J_INSTRUCTION_JIRS_ECOFI | AG3: J_INSTRUCTION_JIRS_CRIMO | AH3: J_INSTRUCTION_JIRS_SS | AI3: JAP | AJ3: JE | AK3: JLD_JNS | AM3: MAG_SIEGE_ASSISES | AN3: JNS_COUR_CRIM | AO3: MAG_SIEGE_JIRS_ECOFI | AP3: MAG_SIEGE_JIRS_CRIMO | AQ3: MAG_SIEGE_JIRS_SS | AR3: MAG_SIEGE_CONTRAV | AS3: TI_ACT_J_DEPARTITEUR | AT3: JUGE_CTX_GEN_INF_DIX_MIL | AU3: JUGE_TJ_IP_SR | AV3: JUGE_TASS_JNS | AW3: JAF_JNS | AX3: J_SPEC_ACT_NON_SPEC | AY3: AUTRES_JNS | BA3: PARQUET_ACTIVITE_CIV_COM | BB3: PARQUET_EXE_APP_PEINES | BC3: PARQUET_JIRS_ECOFI | BD3: PARQUET_JIRS_CRIMO | BE3: PARQUET_JIRS_SS | BF3: PARQUET_ASSISES | BG3: PQT_COUR_CRIM | BH3: PARQUET_TI | BI3: AUTRES_PARQUET
B4: UO | C4: Code de la juridiction | D4: Juridiction | E4: Code sous action | F4: Action | G4: Fonctionnaires Catégorie C Technique spécialisés | I4: Fonctionnaires activité civile et commerciale du parquet | J4: Fonctionnaires exécution des peines | K4: Fonctionnaires Assises | L4: Fonctionnaires Cour criminelle | M4: Fonctionnaires JIRS éco-fi | N4: Fonctionnaires JIRS crim-org | O4: Fonctionnaires sections spécialisées | P4: Fonctionnaires TJ Tutelles majeurs | Q4: Fonctionnaires TJ au surendettement et au hors surendettement | R4: Fonctionnaires affectés aux fonctions JI, JE, JAP, JLD | S4: Fonctionnaires TJ IP_Saisies Rém | T4: Fonctionnaires TJ Contentieux général < 10 000 EUR | U4: Fonctionnaires affectés aux pôles sociaux | V4: Fonctionnaires hors fonctions spécifiques | X4: de Contractuels A J Prox et A VIF | Y4: Juristes assistants au parquet | Z4: Juristes assistants Pôle social | AA4: Juristes assistants siège Autres | AC4: JCP TJ Tutelles majeurs | AD4: JCP TJ surendettement et hors surendettement | AE4: Juges Instruction - service général | AF4: Juges Instruction JIRS éco-fi | AG4: Juges Instruction JIRS crim-org | AH4: Juges Instruction sections spécialisées | AI4: JAP | AJ4: Juges des Enfants | AK4: JLD | AM4: Magistrats du Siège assises | AN4: Magistrats du siège Cour criminelle | AO4: Magistrat du siège JIRS éco-fi | AP4: Magistrat du siège JIRS crim-org | AQ4: Magistrat du siège sections spécialisées | AR4: Magistrats du Siège activité contraventionnelle | AS4: Magistrats activité juge départiteur | AT4: Juges TJ Contentieux général < 10 000 EUR | AU4: Juges TJ IP et Saisies Rém | AV4: Juges du Pôle social | AW4: JAF | AX4: Activités non spécialisés des juges spécialisés | AY4: Autres Magistrats du Siège non spécialisés | BA4: Magistrats du Parquet - activité civile et commerciale | BB4: Magistrats du Parquet - exécution et appl. des peines | BC4: Magistrats du Parquet JIRS éco-fi | BD4: Magistrats du Parquet JIRS crim-org | BE4: Magistrats du Parquet JIRS sections spécialisées | BF4: Magistrats du Parquet assises | BG4: Magistrats du Parquet Cour criminelle | BH4: Magistrats du Parquet - activité contraventionnelle | BI4: Autres Magistrats du Parquet
A5: ETPT_TJ | E5: 166-01-NC | F5: Action 1 - Traitement et jugement des contentieux civils | G5: =IF(ISBLANK(ETPT_TJ_DDG!$D$5),"",IF(ISERROR(ETPT_TJ!G5),"",IF(ETPT_TJ!G5=0,"",ETPT_TJ!G5))) | H5: =SUM(G5) -> 0 | I5: =IF(ISBLANK(ETPT_TJ_DDG!$D$5),"",IF(ISERROR(ETPT_TJ!I5),"",IF(ETPT_TJ!I5=0,"",ETPT_TJ!I5))) | J5: =IF(ISBLANK(ETPT_TJ_DDG!$D$5),"",IF(ISERROR(ETPT_TJ!J5),"",IF(ETPT_TJ!J5=0,"",ETPT_TJ!J5))) | K5: =IF(ISBLANK(ETPT_TJ_DDG!$D$5),"",IF(ISERROR(ETPT_TJ!K5),"",IF(ETPT_TJ!K5=0,"",ETPT_TJ!K5))) | L5: =IF(ISBLANK(ETPT_TJ_DDG!$D$5),"",IF(ISERROR(ETPT_TJ!L5),"",IF(ETPT_TJ!L5=0,"",ETPT_TJ!L5))) | M5: =IF(ISBLANK(ETPT_TJ_DDG!$D$5),"",IF(ISERROR(ETPT_TJ!M5),"",IF(ETPT_TJ!M5=0,"",ETPT_TJ!M5))) | N5: =IF(ISBLANK(ETPT_TJ_DDG!$D$5),"",IF(ISERROR(ETPT_TJ!N5),"",IF(ETPT_TJ!N5=0,"",ETPT_TJ!N5))) | O5: =IF(ISBLANK(ETPT_TJ_DDG!$D$5),"",IF(ISERROR(ETPT_TJ!O5),"",IF(ETPT_TJ!O5=0,"",ETPT_TJ!O5))) | P5: =IF(ISBLANK(ETPT_TJ_DDG!$D$5),"",IF(ISERROR(ETPT_TJ!P5),"",IF(ETPT_TJ!P5=0,"",ETPT_TJ!P5))) | ... V5: =IF(ISBLANK(ETPT_TJ_DDG!$D$5),"",IF(ISERROR(ETPT_TJ!V5),"",IF(ETPT_TJ!V5=0,"",ETPT_TJ!V5))) | W5: =SUM(I5:V5) -> 0 | X5: =IF(ISBLANK(ETPT_TJ_DDG!$D$5),"",IF(ISERROR(ETPT_TJ!X5),"",IF(ETPT_TJ!X5=0,"",ETPT_TJ!X5))) | Y5: =IF(ISBLANK(ETPT_TJ_DDG!$D$5),"",IF(ISERROR(ETPT_TJ!Y5),"",IF(ETPT_TJ!Y5=0,"",ETPT_TJ!Y5))) | Z5: =IF(ISBLANK(ETPT_TJ_DDG!$D$5),"",IF(ISERROR(ETPT_TJ!Z5),"",IF(ETPT_TJ!Z5=0,"",ETPT_TJ!Z5))) | AA5: =IF(ISBLANK(ETPT_TJ_DDG!$D$5),"",IF(ISERROR(ETPT_TJ!AA5),"",IF(ETPT_TJ!AA5=0,"",ETPT_TJ!AA5))) | AB5: =SUM(X5:AA5) -> 0 | AC5: =IF(ISBLANK(ETPT_TJ_DDG!$D$5),"",IF(ISERROR(ETPT_TJ!AC5),"",IF(ETPT_TJ!AC5=0,"",ETPT_TJ!AC5))) | AD5: =IF(ISBLANK(ETPT_TJ_DDG!$D$5),"",IF(ISERROR(ETPT_TJ!AD5),"",IF(ETPT_TJ!AD5=0,"",ETPT_TJ!AD5))) | AE5: =IF(ISBLANK(ETPT_TJ_DDG!$D$5),"",IF(ISERROR(ETPT_TJ!AE5),"",IF(ETPT_TJ!AE5=0,"",ETPT_TJ!AE5))) | AF5: =IF(ISBLANK(ETPT_TJ_DDG!$D$5),"",IF(ISERROR(ETPT_TJ!AF5),"",IF(ETPT_TJ!AF5=0,"",ETPT_TJ!AF5))) | AG5: =IF(ISBLANK(ETPT_TJ_DDG!$D$5),"",IF(ISERROR(ETPT_TJ!AG5),"",IF(ETPT_TJ!AG5=0,"",ETPT_TJ!AG5))) | AH5: =IF(ISBLANK(ETPT_TJ_DDG!$D$5),"",IF(ISERROR(ETPT_TJ!AH5),"",IF(ETPT_TJ!AH5=0,"",ETPT_TJ!AH5))) | AI5: =IF(ISBLANK(ETPT_TJ_DDG!$D$5),"",IF(ISERROR(ETPT_TJ!AI5),"",IF(ETPT_TJ!AI5=0,"",ETPT_TJ!AI5))) | AJ5: =IF(ISBLANK(ETPT_TJ_DDG!$D$5),"",IF(ISERROR(ETPT_TJ!AJ5),"",IF(ETPT_TJ!AJ5=0,"",ETPT_TJ!AJ5))) | AK5: =IF(ISBLANK(ETPT_TJ_DDG!$D$5),"",IF(ISERROR(ETPT_TJ!AK5),"",IF(ETPT_TJ!AK5=0,"",ETPT_TJ!AK5))) | AL5: =SUM(AC5:AK5) -> 0 | AM5: =IF(ISBLANK(ETPT_TJ_DDG!$D$5),"",IF(ISERROR(ETPT_TJ!AM5),"",IF(ETPT_TJ!AM5=0,"",ETPT_TJ!AM5))) | AN5: =IF(ISBLANK(ETPT_TJ_DDG!$D$5),"",IF(ISERROR(ETPT_TJ!AN5),"",IF(ETPT_TJ!AN5=0,"",ETPT_TJ!AN5))) | AO5: =IF(ISBLANK(ETPT_TJ_DDG!$D$5),"",IF(ISERROR(ETPT_TJ!AO5),"",IF(ETPT_TJ!AO5=0,"",ETPT_TJ!AO5))) | AP5: =IF(ISBLANK(ETPT_TJ_DDG!$D$5),"",IF(ISERROR(ETPT_TJ!AP5),"",IF(ETPT_TJ!AP5=0,"",ETPT_TJ!AP5))) | AQ5: =IF(ISBLANK(ETPT_TJ_DDG!$D$5),"",IF(ISERROR(ETPT_TJ!AQ5),"",IF(ETPT_TJ!AQ5=0,"",ETPT_TJ!AQ5))) | AR5: =IF(ISBLANK(ETPT_TJ_DDG!$D$5),"",IF(ISERROR(ETPT_TJ!AR5),"",IF(ETPT_TJ!AR5=0,"",ETPT_TJ!AR5))) | AS5: =IF(ISBLANK(ETPT_TJ_DDG!$D$5),"",IF(ISERROR(ETPT_TJ!AS5),"",IF(ETPT_TJ!AS5=0,"",ETPT_TJ!AS5))) | AT5: =IF(ISBLANK(ETPT_TJ_DDG!$D$5),"",IF(ISERROR(ETPT_TJ!AT5),"",IF(ETPT_TJ!AT5=0,"",ETPT_TJ!AT5))) | ... AY5: =IF(ISBLANK(ETPT_TJ_DDG!$D$5),"",IF(ISERROR(ETPT_TJ!AY5),"",IF(ETPT_TJ!AY5=0,"",ETPT_TJ!AY5))) | AZ5: =SUM(AM5:AY5) -> 0 | BJ5: =SUM(BA5:BI5) -> 0
A6: ETPT_TJ | D6: =IF(ISBLANK($D$5),"",$D$5) | E6: 166-02-NC | F6: Action 2 - Traitement et jugement des affaires pénales | G6: =IF(ISBLANK(ETPT_TJ_DDG!$D$5),"",IF(ISERROR(ETPT_TJ!G6),"",IF(ETPT_TJ!G6=0,"",ETPT_TJ!G6))) | H6: =SUM(G6) -> 0 | I6: =IF(ISBLANK(ETPT_TJ_DDG!$D$5),"",IF(ISERROR(ETPT_TJ!I6),"",IF(ETPT_TJ!I6=0,"",ETPT_TJ!I6))) | J6: =IF(ISBLANK(ETPT_TJ_DDG!$D$5),"",IF(ISERROR(ETPT_TJ!J6),"",IF(ETPT_TJ!J6=0,"",ETPT_TJ!J6))) | K6: =IF(ISBLANK(ETPT_TJ_DDG!$D$5),"",IF(ISERROR(ETPT_TJ!K6),"",IF(ETPT_TJ!K6=0,"",ETPT_TJ!K6))) | L6: =IF(ISBLANK(ETPT_TJ_DDG!$D$5),"",IF(ISERROR(ETPT_TJ!L6),"",IF(ETPT_TJ!L6=0,"",ETPT_TJ!L6))) | M6: =IF(ISBLANK(ETPT_TJ_DDG!$D$5),"",IF(ISERROR(ETPT_TJ!M6),"",IF(ETPT_TJ!M6=0,"",ETPT_TJ!M6))) | N6: =IF(ISBLANK(ETPT_TJ_DDG!$D$5),"",IF(ISERROR(ETPT_TJ!N6),"",IF(ETPT_TJ!N6=0,"",ETPT_TJ!N6))) | O6: =IF(ISBLANK(ETPT_TJ_DDG!$D$5),"",IF(ISERROR(ETPT_TJ!O6),"",IF(ETPT_TJ!O6=0,"",ETPT_TJ!O6))) | P6: =IF(ISBLANK(ETPT_TJ_DDG!$D$5),"",IF(ISERROR(ETPT_TJ!P6),"",IF(ETPT_TJ!P6=0,"",ETPT_TJ!P6))) | ... V6: =IF(ISBLANK(ETPT_TJ_DDG!$D$5),"",IF(ISERROR(ETPT_TJ!V6),"",IF(ETPT_TJ!V6=0,"",ETPT_TJ!V6))) | W6: =SUM(I6:V6) -> 0 | X6: =IF(ISBLANK(ETPT_TJ_DDG!$D$5),"",IF(ISERROR(ETPT_TJ!X6),"",IF(ETPT_TJ!X6=0,"",ETPT_TJ!X6))) | Y6: =IF(ISBLANK(ETPT_TJ_DDG!$D$5),"",IF(ISERROR(ETPT_TJ!Y6),"",IF(ETPT_TJ!Y6=0,"",ETPT_TJ!Y6))) | Z6: =IF(ISBLANK(ETPT_TJ_DDG!$D$5),"",IF(ISERROR(ETPT_TJ!Z6),"",IF(ETPT_TJ!Z6=0,"",ETPT_TJ!Z6))) | AA6: =IF(ISBLANK(ETPT_TJ_DDG!$D$5),"",IF(ISERROR(ETPT_TJ!AA6),"",IF(ETPT_TJ!AA6=0,"",ETPT_TJ!AA6))) | AB6: =SUM(X6:AA6) -> 0 | AC6: =IF(ISBLANK(ETPT_TJ_DDG!$D$5),"",IF(ISERROR(ETPT_TJ!AC6),"",IF(ETPT_TJ!AC6=0,"",ETPT_TJ!AC6))) | AD6: =IF(ISBLANK(ETPT_TJ_DDG!$D$5),"",IF(ISERROR(ETPT_TJ!AD6),"",IF(ETPT_TJ!AD6=0,"",ETPT_TJ!AD6))) | AE6: =IF(ISBLANK(ETPT_TJ_DDG!$D$5),"",IF(ISERROR(ETPT_TJ!AE6),"",IF(ETPT_TJ!AE6=0,"",ETPT_TJ!AE6))) | AF6: =IF(ISBLANK(ETPT_TJ_DDG!$D$5),"",IF(ISERROR(ETPT_TJ!AF6),"",IF(ETPT_TJ!AF6=0,"",ETPT_TJ!AF6))) | AG6: =IF(ISBLANK(ETPT_TJ_DDG!$D$5),"",IF(ISERROR(ETPT_TJ!AG6),"",IF(ETPT_TJ!AG6=0,"",ETPT_TJ!AG6))) | AH6: =IF(ISBLANK(ETPT_TJ_DDG!$D$5),"",IF(ISERROR(ETPT_TJ!AH6),"",IF(ETPT_TJ!AH6=0,"",ETPT_TJ!AH6))) | AI6: =IF(ISBLANK(ETPT_TJ_DDG!$D$5),"",IF(ISERROR(ETPT_TJ!AI6),"",IF(ETPT_TJ!AI6=0,"",ETPT_TJ!AI6))) | AJ6: =IF(ISBLANK(ETPT_TJ_DDG!$D$5),"",IF(ISERROR(ETPT_TJ!AJ6),"",IF(ETPT_TJ!AJ6=0,"",ETPT_TJ!AJ6))) | AK6: =IF(ISBLANK(ETPT_TJ_DDG!$D$5),"",IF(ISERROR(ETPT_TJ!AK6),"",IF(ETPT_TJ!AK6=0,"",ETPT_TJ!AK6))) | AL6: =SUM(AC6:AK6) -> 0 | AM6: =IF(ISBLANK(ETPT_TJ_DDG!$D$5),"",IF(ISERROR(ETPT_TJ!AM6),"",IF(ETPT_TJ!AM6=0,"",ETPT_TJ!AM6))) | AN6: =IF(ISBLANK(ETPT_TJ_DDG!$D$5),"",IF(ISERROR(ETPT_TJ!AN6),"",IF(ETPT_TJ!AN6=0,"",ETPT_TJ!AN6))) | AO6: =IF(ISBLANK(ETPT_TJ_DDG!$D$5),"",IF(ISERROR(ETPT_TJ!AO6),"",IF(ETPT_TJ!AO6=0,"",ETPT_TJ!AO6))) | AP6: =IF(ISBLANK(ETPT_TJ_DDG!$D$5),"",IF(ISERROR(ETPT_TJ!AP6),"",IF(ETPT_TJ!AP6=0,"",ETPT_TJ!AP6))) | AQ6: =IF(ISBLANK(ETPT_TJ_DDG!$D$5),"",IF(ISERROR(ETPT_TJ!AQ6),"",IF(ETPT_TJ!AQ6=0,"",ETPT_TJ!AQ6))) | AR6: =IF(ISBLANK(ETPT_TJ_DDG!$D$5),"",IF(ISERROR(ETPT_TJ!AR6),"",IF(ETPT_TJ!AR6=0,"",ETPT_TJ!AR6))) | AS6: =IF(ISBLANK(ETPT_TJ_DDG!$D$5),"",IF(ISERROR(ETPT_TJ!AS6),"",IF(ETPT_TJ!AS6=0,"",ETPT_TJ!AS6))) | AT6: =IF(ISBLANK(ETPT_TJ_DDG!$D$5),"",IF(ISERROR(ETPT_TJ!AT6),"",IF(ETPT_TJ!AT6=0,"",ETPT_TJ!AT6))) | ... AY6: =IF(ISBLANK(ETPT_TJ_DDG!$D$5),"",IF(ISERROR(ETPT_TJ!AY6),"",IF(ETPT_TJ!AY6=0,"",ETPT_TJ!AY6))) | AZ6: =SUM(AM6:AY6) -> 0 | BJ6: =SUM(BA6:BI6) -> 0
A7: ETPT_TJ | D7: =IF(ISBLANK($D$5),"",$D$5) | E7: 166-04-NC | F7: Action 4 - Conseil supérieur de la magistrature | G7: =IF(ISBLANK(ETPT_TJ_DDG!$D$5),"",IF(ISERROR(ETPT_TJ!G7),"",IF(ETPT_TJ!G7=0,"",ETPT_TJ!G7))) | H7: =SUM(G7) -> 0 | I7: =IF(ISBLANK(ETPT_TJ_DDG!$D$5),"",IF(ISERROR(ETPT_TJ!I7),"",IF(ETPT_TJ!I7=0,"",ETPT_TJ!I7))) | J7: =IF(ISBLANK(ETPT_TJ_DDG!$D$5),"",IF(ISERROR(ETPT_TJ!J7),"",IF(ETPT_TJ!J7=0,"",ETPT_TJ!J7))) | K7: =IF(ISBLANK(ETPT_TJ_DDG!$D$5),"",IF(ISERROR(ETPT_TJ!K7),"",IF(ETPT_TJ!K7=0,"",ETPT_TJ!K7))) | L7: =IF(ISBLANK(ETPT_TJ_DDG!$D$5),"",IF(ISERROR(ETPT_TJ!L7),"",IF(ETPT_TJ!L7=0,"",ETPT_TJ!L7))) | M7: =IF(ISBLANK(ETPT_TJ_DDG!$D$5),"",IF(ISERROR(ETPT_TJ!M7),"",IF(ETPT_TJ!M7=0,"",ETPT_TJ!M7))) | N7: =IF(ISBLANK(ETPT_TJ_DDG!$D$5),"",IF(ISERROR(ETPT_TJ!N7),"",IF(ETPT_TJ!N7=0,"",ETPT_TJ!N7))) | O7: =IF(ISBLANK(ETPT_TJ_DDG!$D$5),"",IF(ISERROR(ETPT_TJ!O7),"",IF(ETPT_TJ!O7=0,"",ETPT_TJ!O7))) | P7: =IF(ISBLANK(ETPT_TJ_DDG!$D$5),"",IF(ISERROR(ETPT_TJ!P7),"",IF(ETPT_TJ!P7=0,"",ETPT_TJ!P7))) | ... V7: =IF(ISBLANK(ETPT_TJ_DDG!$D$5),"",IF(ISERROR(ETPT_TJ!V7),"",IF(ETPT_TJ!V7=0,"",ETPT_TJ!V7))) | W7: =SUM(I7:V7) -> 0 | X7: =IF(ISBLANK(ETPT_TJ_DDG!$D$5),"",IF(ISERROR(ETPT_TJ!X7),"",IF(ETPT_TJ!X7=0,"",ETPT_TJ!X7))) | Y7: =IF(ISBLANK(ETPT_TJ_DDG!$D$5),"",IF(ISERROR(ETPT_TJ!Y7),"",IF(ETPT_TJ!Y7=0,"",ETPT_TJ!Y7))) | Z7: =IF(ISBLANK(ETPT_TJ_DDG!$D$5),"",IF(ISERROR(ETPT_TJ!Z7),"",IF(ETPT_TJ!Z7=0,"",ETPT_TJ!Z7))) | AA7: =IF(ISBLANK(ETPT_TJ_DDG!$D$5),"",IF(ISERROR(ETPT_TJ!AA7),"",IF(ETPT_TJ!AA7=0,"",ETPT_TJ!AA7))) | AB7: =SUM(X7:AA7) -> 0 | AC7: =IF(ISBLANK(ETPT_TJ_DDG!$D$5),"",IF(ISERROR(ETPT_TJ!AC7),"",IF(ETPT_TJ!AC7=0,"",ETPT_TJ!AC7))) | AD7: =IF(ISBLANK(ETPT_TJ_DDG!$D$5),"",IF(ISERROR(ETPT_TJ!AD7),"",IF(ETPT_TJ!AD7=0,"",ETPT_TJ!AD7))) | AE7: =IF(ISBLANK(ETPT_TJ_DDG!$D$5),"",IF(ISERROR(ETPT_TJ!AE7),"",IF(ETPT_TJ!AE7=0,"",ETPT_TJ!AE7))) | AF7: =IF(ISBLANK(ETPT_TJ_DDG!$D$5),"",IF(ISERROR(ETPT_TJ!AF7),"",IF(ETPT_TJ!AF7=0,"",ETPT_TJ!AF7))) | AG7: =IF(ISBLANK(ETPT_TJ_DDG!$D$5),"",IF(ISERROR(ETPT_TJ!AG7),"",IF(ETPT_TJ!AG7=0,"",ETPT_TJ!AG7))) | AH7: =IF(ISBLANK(ETPT_TJ_DDG!$D$5),"",IF(ISERROR(ETPT_TJ!AH7),"",IF(ETPT_TJ!AH7=0,"",ETPT_TJ!AH7))) | AI7: =IF(ISBLANK(ETPT_TJ_DDG!$D$5),"",IF(ISERROR(ETPT_TJ!AI7),"",IF(ETPT_TJ!AI7=0,"",ETPT_TJ!AI7))) | AJ7: =IF(ISBLANK(ETPT_TJ_DDG!$D$5),"",IF(ISERROR(ETPT_TJ!AJ7),"",IF(ETPT_TJ!AJ7=0,"",ETPT_TJ!AJ7))) | AK7: =IF(ISBLANK(ETPT_TJ_DDG!$D$5),"",IF(ISERROR(ETPT_TJ!AK7),"",IF(ETPT_TJ!AK7=0,"",ETPT_TJ!AK7))) | AL7: =SUM(AC7:AK7) -> 0 | AM7: =IF(ISBLANK(ETPT_TJ_DDG!$D$5),"",IF(ISERROR(ETPT_TJ!AM7),"",IF(ETPT_TJ!AM7=0,"",ETPT_TJ!AM7))) | AN7: =IF(ISBLANK(ETPT_TJ_DDG!$D$5),"",IF(ISERROR(ETPT_TJ!AN7),"",IF(ETPT_TJ!AN7=0,"",ETPT_TJ!AN7))) | AO7: =IF(ISBLANK(ETPT_TJ_DDG!$D$5),"",IF(ISERROR(ETPT_TJ!AO7),"",IF(ETPT_TJ!AO7=0,"",ETPT_TJ!AO7))) | AP7: =IF(ISBLANK(ETPT_TJ_DDG!$D$5),"",IF(ISERROR(ETPT_TJ!AP7),"",IF(ETPT_TJ!AP7=0,"",ETPT_TJ!AP7))) | AQ7: =IF(ISBLANK(ETPT_TJ_DDG!$D$5),"",IF(ISERROR(ETPT_TJ!AQ7),"",IF(ETPT_TJ!AQ7=0,"",ETPT_TJ!AQ7))) | AR7: =IF(ISBLANK(ETPT_TJ_DDG!$D$5),"",IF(ISERROR(ETPT_TJ!AR7),"",IF(ETPT_TJ!AR7=0,"",ETPT_TJ!AR7))) | AS7: =IF(ISBLANK(ETPT_TJ_DDG!$D$5),"",IF(ISERROR(ETPT_TJ!AS7),"",IF(ETPT_TJ!AS7=0,"",ETPT_TJ!AS7))) | AT7: =IF(ISBLANK(ETPT_TJ_DDG!$D$5),"",IF(ISERROR(ETPT_TJ!AT7),"",IF(ETPT_TJ!AT7=0,"",ETPT_TJ!AT7))) | ... AY7: =IF(ISBLANK(ETPT_TJ_DDG!$D$5),"",IF(ISERROR(ETPT_TJ!AY7),"",IF(ETPT_TJ!AY7=0,"",ETPT_TJ!AY7))) | AZ7: =SUM(AM7:AY7) -> 0 | BJ7: =SUM(BA7:BI7) -> 0
A8: ETPT_TJ | D8: =IF(ISBLANK($D$5),"",$D$5) | E8: 166-06-99 | F8: Action 6 - Accueil du justiciable (inclus SAUJ) | G8: =IF(ISBLANK(ETPT_TJ_DDG!$D$5),"",IF(ISERROR(ETPT_TJ!G8),"",IF(ETPT_TJ!G8=0,"",ETPT_TJ!G8))) | H8: =SUM(G8) -> 0 | I8: =IF(ISBLANK(ETPT_TJ_DDG!$D$5),"",IF(ISERROR(ETPT_TJ!I8),"",IF(ETPT_TJ!I8=0,"",ETPT_TJ!I8))) | J8: =IF(ISBLANK(ETPT_TJ_DDG!$D$5),"",IF(ISERROR(ETPT_TJ!J8),"",IF(ETPT_TJ!J8=0,"",ETPT_TJ!J8))) | K8: =IF(ISBLANK(ETPT_TJ_DDG!$D$5),"",IF(ISERROR(ETPT_TJ!K8),"",IF(ETPT_TJ!K8=0,"",ETPT_TJ!K8))) | L8: =IF(ISBLANK(ETPT_TJ_DDG!$D$5),"",IF(ISERROR(ETPT_TJ!L8),"",IF(ETPT_TJ!L8=0,"",ETPT_TJ!L8))) | M8: =IF(ISBLANK(ETPT_TJ_DDG!$D$5),"",IF(ISERROR(ETPT_TJ!M8),"",IF(ETPT_TJ!M8=0,"",ETPT_TJ!M8))) | N8: =IF(ISBLANK(ETPT_TJ_DDG!$D$5),"",IF(ISERROR(ETPT_TJ!N8),"",IF(ETPT_TJ!N8=0,"",ETPT_TJ!N8))) | O8: =IF(ISBLANK(ETPT_TJ_DDG!$D$5),"",IF(ISERROR(ETPT_TJ!O8),"",IF(ETPT_TJ!O8=0,"",ETPT_TJ!O8))) | P8: =IF(ISBLANK(ETPT_TJ_DDG!$D$5),"",IF(ISERROR(ETPT_TJ!P8),"",IF(ETPT_TJ!P8=0,"",ETPT_TJ!P8))) | ... V8: =IF(ISBLANK(ETPT_TJ_DDG!$D$5),"",IF(ISERROR(ETPT_TJ!V8),"",IF(ETPT_TJ!V8=0,"",ETPT_TJ!V8))) | W8: =SUM(I8:V8) -> 0 | X8: =IF(ISBLANK(ETPT_TJ_DDG!$D$5),"",IF(ISERROR(ETPT_TJ!X8),"",IF(ETPT_TJ!X8=0,"",ETPT_TJ!X8))) | Y8: =IF(ISBLANK(ETPT_TJ_DDG!$D$5),"",IF(ISERROR(ETPT_TJ!Y8),"",IF(ETPT_TJ!Y8=0,"",ETPT_TJ!Y8))) | Z8: =IF(ISBLANK(ETPT_TJ_DDG!$D$5),"",IF(ISERROR(ETPT_TJ!Z8),"",IF(ETPT_TJ!Z8=0,"",ETPT_TJ!Z8))) | AA8: =IF(ISBLANK(ETPT_TJ_DDG!$D$5),"",IF(ISERROR(ETPT_TJ!AA8),"",IF(ETPT_TJ!AA8=0,"",ETPT_TJ!AA8))) | AB8: =SUM(X8:AA8) -> 0 | AC8: =IF(ISBLANK(ETPT_TJ_DDG!$D$5),"",IF(ISERROR(ETPT_TJ!AC8),"",IF(ETPT_TJ!AC8=0,"",ETPT_TJ!AC8))) | AD8: =IF(ISBLANK(ETPT_TJ_DDG!$D$5),"",IF(ISERROR(ETPT_TJ!AD8),"",IF(ETPT_TJ!AD8=0,"",ETPT_TJ!AD8))) | AE8: =IF(ISBLANK(ETPT_TJ_DDG!$D$5),"",IF(ISERROR(ETPT_TJ!AE8),"",IF(ETPT_TJ!AE8=0,"",ETPT_TJ!AE8))) | AF8: =IF(ISBLANK(ETPT_TJ_DDG!$D$5),"",IF(ISERROR(ETPT_TJ!AF8),"",IF(ETPT_TJ!AF8=0,"",ETPT_TJ!AF8))) | AG8: =IF(ISBLANK(ETPT_TJ_DDG!$D$5),"",IF(ISERROR(ETPT_TJ!AG8),"",IF(ETPT_TJ!AG8=0,"",ETPT_TJ!AG8))) | AH8: =IF(ISBLANK(ETPT_TJ_DDG!$D$5),"",IF(ISERROR(ETPT_TJ!AH8),"",IF(ETPT_TJ!AH8=0,"",ETPT_TJ!AH8))) | AI8: =IF(ISBLANK(ETPT_TJ_DDG!$D$5),"",IF(ISERROR(ETPT_TJ!AI8),"",IF(ETPT_TJ!AI8=0,"",ETPT_TJ!AI8))) | AJ8: =IF(ISBLANK(ETPT_TJ_DDG!$D$5),"",IF(ISERROR(ETPT_TJ!AJ8),"",IF(ETPT_TJ!AJ8=0,"",ETPT_TJ!AJ8))) | AK8: =IF(ISBLANK(ETPT_TJ_DDG!$D$5),"",IF(ISERROR(ETPT_TJ!AK8),"",IF(ETPT_TJ!AK8=0,"",ETPT_TJ!AK8))) | AL8: =SUM(AC8:AK8) -> 0 | AM8: =IF(ISBLANK(ETPT_TJ_DDG!$D$5),"",IF(ISERROR(ETPT_TJ!AM8),"",IF(ETPT_TJ!AM8=0,"",ETPT_TJ!AM8))) | AN8: =IF(ISBLANK(ETPT_TJ_DDG!$D$5),"",IF(ISERROR(ETPT_TJ!AN8),"",IF(ETPT_TJ!AN8=0,"",ETPT_TJ!AN8))) | AO8: =IF(ISBLANK(ETPT_TJ_DDG!$D$5),"",IF(ISERROR(ETPT_TJ!AO8),"",IF(ETPT_TJ!AO8=0,"",ETPT_TJ!AO8))) | AP8: =IF(ISBLANK(ETPT_TJ_DDG!$D$5),"",IF(ISERROR(ETPT_TJ!AP8),"",IF(ETPT_TJ!AP8=0,"",ETPT_TJ!AP8))) | AQ8: =IF(ISBLANK(ETPT_TJ_DDG!$D$5),"",IF(ISERROR(ETPT_TJ!AQ8),"",IF(ETPT_TJ!AQ8=0,"",ETPT_TJ!AQ8))) | AR8: =IF(ISBLANK(ETPT_TJ_DDG!$D$5),"",IF(ISERROR(ETPT_TJ!AR8),"",IF(ETPT_TJ!AR8=0,"",ETPT_TJ!AR8))) | AS8: =IF(ISBLANK(ETPT_TJ_DDG!$D$5),"",IF(ISERROR(ETPT_TJ!AS8),"",IF(ETPT_TJ!AS8=0,"",ETPT_TJ!AS8))) | AT8: =IF(ISBLANK(ETPT_TJ_DDG!$D$5),"",IF(ISERROR(ETPT_TJ!AT8),"",IF(ETPT_TJ!AT8=0,"",ETPT_TJ!AT8))) | ... AY8: =IF(ISBLANK(ETPT_TJ_DDG!$D$5),"",IF(ISERROR(ETPT_TJ!AY8),"",IF(ETPT_TJ!AY8=0,"",ETPT_TJ!AY8))) | AZ8: =SUM(AM8:AY8) -> 0 | BJ8: =SUM(BA8:BI8) -> 0
A9: ETPT_TJ | D9: =IF(ISBLANK($D$5),"",$D$5) | E9: 166-06-NC | F9: Action 6 - Soutien (Hors accueil du justiciable) | G9: =IF(ISBLANK(ETPT_TJ_DDG!$D$5),"",IF(ISERROR(ETPT_TJ!G9),"",IF(ETPT_TJ!G9=0,"",ETPT_TJ!G9))) | H9: =SUM(G9) -> 0 | I9: =IF(ISBLANK(ETPT_TJ_DDG!$D$5),"",IF(ISERROR(ETPT_TJ!I9),"",IF(ETPT_TJ!I9=0,"",ETPT_TJ!I9))) | J9: =IF(ISBLANK(ETPT_TJ_DDG!$D$5),"",IF(ISERROR(ETPT_TJ!J9),"",IF(ETPT_TJ!J9=0,"",ETPT_TJ!J9))) | K9: =IF(ISBLANK(ETPT_TJ_DDG!$D$5),"",IF(ISERROR(ETPT_TJ!K9),"",IF(ETPT_TJ!K9=0,"",ETPT_TJ!K9))) | L9: =IF(ISBLANK(ETPT_TJ_DDG!$D$5),"",IF(ISERROR(ETPT_TJ!L9),"",IF(ETPT_TJ!L9=0,"",ETPT_TJ!L9))) | M9: =IF(ISBLANK(ETPT_TJ_DDG!$D$5),"",IF(ISERROR(ETPT_TJ!M9),"",IF(ETPT_TJ!M9=0,"",ETPT_TJ!M9))) | N9: =IF(ISBLANK(ETPT_TJ_DDG!$D$5),"",IF(ISERROR(ETPT_TJ!N9),"",IF(ETPT_TJ!N9=0,"",ETPT_TJ!N9))) | O9: =IF(ISBLANK(ETPT_TJ_DDG!$D$5),"",IF(ISERROR(ETPT_TJ!O9),"",IF(ETPT_TJ!O9=0,"",ETPT_TJ!O9))) | P9: =IF(ISBLANK(ETPT_TJ_DDG!$D$5),"",IF(ISERROR(ETPT_TJ!P9),"",IF(ETPT_TJ!P9=0,"",ETPT_TJ!P9))) | ... V9: =IF(ISBLANK(ETPT_TJ_DDG!$D$5),"",IF(ISERROR(ETPT_TJ!V9),"",IF(ETPT_TJ!V9=0,"",ETPT_TJ!V9))) | W9: =SUM(I9:V9) -> 0 | X9: =IF(ISBLANK(ETPT_TJ_DDG!$D$5),"",IF(ISERROR(ETPT_TJ!X9),"",IF(ETPT_TJ!X9=0,"",ETPT_TJ!X9))) | Y9: =IF(ISBLANK(ETPT_TJ_DDG!$D$5),"",IF(ISERROR(ETPT_TJ!Y9),"",IF(ETPT_TJ!Y9=0,"",ETPT_TJ!Y9))) | Z9: =IF(ISBLANK(ETPT_TJ_DDG!$D$5),"",IF(ISERROR(ETPT_TJ!Z9),"",IF(ETPT_TJ!Z9=0,"",ETPT_TJ!Z9))) | AA9: =IF(ISBLANK(ETPT_TJ_DDG!$D$5),"",IF(ISERROR(ETPT_TJ!AA9),"",IF(ETPT_TJ!AA9=0,"",ETPT_TJ!AA9))) | AB9: =SUM(X9:AA9) -> 0 | AC9: =IF(ISBLANK(ETPT_TJ_DDG!$D$5),"",IF(ISERROR(ETPT_TJ!AC9),"",IF(ETPT_TJ!AC9=0,"",ETPT_TJ!AC9))) | AD9: =IF(ISBLANK(ETPT_TJ_DDG!$D$5),"",IF(ISERROR(ETPT_TJ!AD9),"",IF(ETPT_TJ!AD9=0,"",ETPT_TJ!AD9))) | AE9: =IF(ISBLANK(ETPT_TJ_DDG!$D$5),"",IF(ISERROR(ETPT_TJ!AE9),"",IF(ETPT_TJ!AE9=0,"",ETPT_TJ!AE9))) | AF9: =IF(ISBLANK(ETPT_TJ_DDG!$D$5),"",IF(ISERROR(ETPT_TJ!AF9),"",IF(ETPT_TJ!AF9=0,"",ETPT_TJ!AF9))) | AG9: =IF(ISBLANK(ETPT_TJ_DDG!$D$5),"",IF(ISERROR(ETPT_TJ!AG9),"",IF(ETPT_TJ!AG9=0,"",ETPT_TJ!AG9))) | AH9: =IF(ISBLANK(ETPT_TJ_DDG!$D$5),"",IF(ISERROR(ETPT_TJ!AH9),"",IF(ETPT_TJ!AH9=0,"",ETPT_TJ!AH9))) | AI9: =IF(ISBLANK(ETPT_TJ_DDG!$D$5),"",IF(ISERROR(ETPT_TJ!AI9),"",IF(ETPT_TJ!AI9=0,"",ETPT_TJ!AI9))) | AJ9: =IF(ISBLANK(ETPT_TJ_DDG!$D$5),"",IF(ISERROR(ETPT_TJ!AJ9),"",IF(ETPT_TJ!AJ9=0,"",ETPT_TJ!AJ9))) | AK9: =IF(ISBLANK(ETPT_TJ_DDG!$D$5),"",IF(ISERROR(ETPT_TJ!AK9),"",IF(ETPT_TJ!AK9=0,"",ETPT_TJ!AK9))) | AL9: =SUM(AC9:AK9) -> 0 | AM9: =IF(ISBLANK(ETPT_TJ_DDG!$D$5),"",IF(ISERROR(ETPT_TJ!AM9),"",IF(ETPT_TJ!AM9=0,"",ETPT_TJ!AM9))) | AN9: =IF(ISBLANK(ETPT_TJ_DDG!$D$5),"",IF(ISERROR(ETPT_TJ!AN9),"",IF(ETPT_TJ!AN9=0,"",ETPT_TJ!AN9))) | AO9: =IF(ISBLANK(ETPT_TJ_DDG!$D$5),"",IF(ISERROR(ETPT_TJ!AO9),"",IF(ETPT_TJ!AO9=0,"",ETPT_TJ!AO9))) | AP9: =IF(ISBLANK(ETPT_TJ_DDG!$D$5),"",IF(ISERROR(ETPT_TJ!AP9),"",IF(ETPT_TJ!AP9=0,"",ETPT_TJ!AP9))) | AQ9: =IF(ISBLANK(ETPT_TJ_DDG!$D$5),"",IF(ISERROR(ETPT_TJ!AQ9),"",IF(ETPT_TJ!AQ9=0,"",ETPT_TJ!AQ9))) | AR9: =IF(ISBLANK(ETPT_TJ_DDG!$D$5),"",IF(ISERROR(ETPT_TJ!AR9),"",IF(ETPT_TJ!AR9=0,"",ETPT_TJ!AR9))) | AS9: =IF(ISBLANK(ETPT_TJ_DDG!$D$5),"",IF(ISERROR(ETPT_TJ!AS9),"",IF(ETPT_TJ!AS9=0,"",ETPT_TJ!AS9))) | AT9: =IF(ISBLANK(ETPT_TJ_DDG!$D$5),"",IF(ISERROR(ETPT_TJ!AT9),"",IF(ETPT_TJ!AT9=0,"",ETPT_TJ!AT9))) | ... AY9: =IF(ISBLANK(ETPT_TJ_DDG!$D$5),"",IF(ISERROR(ETPT_TJ!AY9),"",IF(ETPT_TJ!AY9=0,"",ETPT_TJ!AY9))) | AZ9: =SUM(AM9:AY9) -> 0 | BJ9: =SUM(BA9:BI9) -> 0
A10: ETPT_TJ | D10: =IF(ISBLANK($D$5),"",$D$5) | E10: 166-07-NC | F10: Action 7 - Formation dispensée | G10: =IF(ISBLANK(ETPT_TJ_DDG!$D$5),"",IF(ISERROR(ETPT_TJ!G10),"",IF(ETPT_TJ!G10=0,"",ETPT_TJ!G10))) | H10: =SUM(G10) -> 0 | I10: =IF(ISBLANK(ETPT_TJ_DDG!$D$5),"",IF(ISERROR(ETPT_TJ!I10),"",IF(ETPT_TJ!I10=0,"",ETPT_TJ!I10))) | J10: =IF(ISBLANK(ETPT_TJ_DDG!$D$5),"",IF(ISERROR(ETPT_TJ!J10),"",IF(ETPT_TJ!J10=0,"",ETPT_TJ!J10))) | K10: =IF(ISBLANK(ETPT_TJ_DDG!$D$5),"",IF(ISERROR(ETPT_TJ!K10),"",IF(ETPT_TJ!K10=0,"",ETPT_TJ!K10))) | L10: =IF(ISBLANK(ETPT_TJ_DDG!$D$5),"",IF(ISERROR(ETPT_TJ!L10),"",IF(ETPT_TJ!L10=0,"",ETPT_TJ!L10))) | M10: =IF(ISBLANK(ETPT_TJ_DDG!$D$5),"",IF(ISERROR(ETPT_TJ!M10),"",IF(ETPT_TJ!M10=0,"",ETPT_TJ!M10))) | N10: =IF(ISBLANK(ETPT_TJ_DDG!$D$5),"",IF(ISERROR(ETPT_TJ!N10),"",IF(ETPT_TJ!N10=0,"",ETPT_TJ!N10))) | O10: =IF(ISBLANK(ETPT_TJ_DDG!$D$5),"",IF(ISERROR(ETPT_TJ!O10),"",IF(ETPT_TJ!O10=0,"",ETPT_TJ!O10))) | P10: =IF(ISBLANK(ETPT_TJ_DDG!$D$5),"",IF(ISERROR(ETPT_TJ!P10),"",IF(ETPT_TJ!P10=0,"",ETPT_TJ!P10))) | ... V10: =IF(ISBLANK(ETPT_TJ_DDG!$D$5),"",IF(ISERROR(ETPT_TJ!V10),"",IF(ETPT_TJ!V10=0,"",ETPT_TJ!V10))) | W10: =SUM(I10:V10) -> 0 | X10: =IF(ISBLANK(ETPT_TJ_DDG!$D$5),"",IF(ISERROR(ETPT_TJ!X10),"",IF(ETPT_TJ!X10=0,"",ETPT_TJ!X10))) | Y10: =IF(ISBLANK(ETPT_TJ_DDG!$D$5),"",IF(ISERROR(ETPT_TJ!Y10),"",IF(ETPT_TJ!Y10=0,"",ETPT_TJ!Y10))) | Z10: =IF(ISBLANK(ETPT_TJ_DDG!$D$5),"",IF(ISERROR(ETPT_TJ!Z10),"",IF(ETPT_TJ!Z10=0,"",ETPT_TJ!Z10))) | AA10: =IF(ISBLANK(ETPT_TJ_DDG!$D$5),"",IF(ISERROR(ETPT_TJ!AA10),"",IF(ETPT_TJ!AA10=0,"",ETPT_TJ!AA10))) | AB10: =SUM(X10:AA10) -> 0 | AC10: =IF(ISBLANK(ETPT_TJ_DDG!$D$5),"",IF(ISERROR(ETPT_TJ!AC10),"",IF(ETPT_TJ!AC10=0,"",ETPT_TJ!AC10))) | AD10: =IF(ISBLANK(ETPT_TJ_DDG!$D$5),"",IF(ISERROR(ETPT_TJ!AD10),"",IF(ETPT_TJ!AD10=0,"",ETPT_TJ!AD10))) | AE10: =IF(ISBLANK(ETPT_TJ_DDG!$D$5),"",IF(ISERROR(ETPT_TJ!AE10),"",IF(ETPT_TJ!AE10=0,"",ETPT_TJ!AE10))) | AF10: =IF(ISBLANK(ETPT_TJ_DDG!$D$5),"",IF(ISERROR(ETPT_TJ!AF10),"",IF(ETPT_TJ!AF10=0,"",ETPT_TJ!AF10))) | AG10: =IF(ISBLANK(ETPT_TJ_DDG!$D$5),"",IF(ISERROR(ETPT_TJ!AG10),"",IF(ETPT_TJ!AG10=0,"",ETPT_TJ!AG10))) | AH10: =IF(ISBLANK(ETPT_TJ_DDG!$D$5),"",IF(ISERROR(ETPT_TJ!AH10),"",IF(ETPT_TJ!AH10=0,"",ETPT_TJ!AH10))) | AI10: =IF(ISBLANK(ETPT_TJ_DDG!$D$5),"",IF(ISERROR(ETPT_TJ!AI10),"",IF(ETPT_TJ!AI10=0,"",ETPT_TJ!AI10))) | AJ10: =IF(ISBLANK(ETPT_TJ_DDG!$D$5),"",IF(ISERROR(ETPT_TJ!AJ10),"",IF(ETPT_TJ!AJ10=0,"",ETPT_TJ!AJ10))) | AK10: =IF(ISBLANK(ETPT_TJ_DDG!$D$5),"",IF(ISERROR(ETPT_TJ!AK10),"",IF(ETPT_TJ!AK10=0,"",ETPT_TJ!AK10))) | AL10: =SUM(AC10:AK10) -> 0 | AM10: =IF(ISBLANK(ETPT_TJ_DDG!$D$5),"",IF(ISERROR(ETPT_TJ!AM10),"",IF(ETPT_TJ!AM10=0,"",ETPT_TJ!AM10))) | AN10: =IF(ISBLANK(ETPT_TJ_DDG!$D$5),"",IF(ISERROR(ETPT_TJ!AN10),"",IF(ETPT_TJ!AN10=0,"",ETPT_TJ!AN10))) | AO10: =IF(ISBLANK(ETPT_TJ_DDG!$D$5),"",IF(ISERROR(ETPT_TJ!AO10),"",IF(ETPT_TJ!AO10=0,"",ETPT_TJ!AO10))) | AP10: =IF(ISBLANK(ETPT_TJ_DDG!$D$5),"",IF(ISERROR(ETPT_TJ!AP10),"",IF(ETPT_TJ!AP10=0,"",ETPT_TJ!AP10))) | AQ10: =IF(ISBLANK(ETPT_TJ_DDG!$D$5),"",IF(ISERROR(ETPT_TJ!AQ10),"",IF(ETPT_TJ!AQ10=0,"",ETPT_TJ!AQ10))) | AR10: =IF(ISBLANK(ETPT_TJ_DDG!$D$5),"",IF(ISERROR(ETPT_TJ!AR10),"",IF(ETPT_TJ!AR10=0,"",ETPT_TJ!AR10))) | AS10: =IF(ISBLANK(ETPT_TJ_DDG!$D$5),"",IF(ISERROR(ETPT_TJ!AS10),"",IF(ETPT_TJ!AS10=0,"",ETPT_TJ!AS10))) | AT10: =IF(ISBLANK(ETPT_TJ_DDG!$D$5),"",IF(ISERROR(ETPT_TJ!AT10),"",IF(ETPT_TJ!AT10=0,"",ETPT_TJ!AT10))) | ... AY10: =IF(ISBLANK(ETPT_TJ_DDG!$D$5),"",IF(ISERROR(ETPT_TJ!AY10),"",IF(ETPT_TJ!AY10=0,"",ETPT_TJ!AY10))) | AZ10: =SUM(AM10:AY10) -> 0 | BJ10: =SUM(BA10:BI10) -> 0
A11: ETPT_TJ | D11: =IF(ISBLANK($D$5),"",$D$5) | E11: 166-08-NC | F11: Action 8 - Support à l'accès au droit et à la justice | G11: =IF(ISBLANK(ETPT_TJ_DDG!$D$5),"",IF(ISERROR(ETPT_TJ!G11),"",IF(ETPT_TJ!G11=0,"",ETPT_TJ!G11))) | H11: =SUM(G11) -> 0 | I11: =IF(ISBLANK(ETPT_TJ_DDG!$D$5),"",IF(ISERROR(ETPT_TJ!I11),"",IF(ETPT_TJ!I11=0,"",ETPT_TJ!I11))) | J11: =IF(ISBLANK(ETPT_TJ_DDG!$D$5),"",IF(ISERROR(ETPT_TJ!J11),"",IF(ETPT_TJ!J11=0,"",ETPT_TJ!J11))) | K11: =IF(ISBLANK(ETPT_TJ_DDG!$D$5),"",IF(ISERROR(ETPT_TJ!K11),"",IF(ETPT_TJ!K11=0,"",ETPT_TJ!K11))) | L11: =IF(ISBLANK(ETPT_TJ_DDG!$D$5),"",IF(ISERROR(ETPT_TJ!L11),"",IF(ETPT_TJ!L11=0,"",ETPT_TJ!L11))) | M11: =IF(ISBLANK(ETPT_TJ_DDG!$D$5),"",IF(ISERROR(ETPT_TJ!M11),"",IF(ETPT_TJ!M11=0,"",ETPT_TJ!M11))) | N11: =IF(ISBLANK(ETPT_TJ_DDG!$D$5),"",IF(ISERROR(ETPT_TJ!N11),"",IF(ETPT_TJ!N11=0,"",ETPT_TJ!N11))) | O11: =IF(ISBLANK(ETPT_TJ_DDG!$D$5),"",IF(ISERROR(ETPT_TJ!O11),"",IF(ETPT_TJ!O11=0,"",ETPT_TJ!O11))) | P11: =IF(ISBLANK(ETPT_TJ_DDG!$D$5),"",IF(ISERROR(ETPT_TJ!P11),"",IF(ETPT_TJ!P11=0,"",ETPT_TJ!P11))) | ... V11: =IF(ISBLANK(ETPT_TJ_DDG!$D$5),"",IF(ISERROR(ETPT_TJ!V11),"",IF(ETPT_TJ!V11=0,"",ETPT_TJ!V11))) | W11: =SUM(I11:V11) -> 0 | X11: =IF(ISBLANK(ETPT_TJ_DDG!$D$5),"",IF(ISERROR(ETPT_TJ!X11),"",IF(ETPT_TJ!X11=0,"",ETPT_TJ!X11))) | Y11: =IF(ISBLANK(ETPT_TJ_DDG!$D$5),"",IF(ISERROR(ETPT_TJ!Y11),"",IF(ETPT_TJ!Y11=0,"",ETPT_TJ!Y11))) | Z11: =IF(ISBLANK(ETPT_TJ_DDG!$D$5),"",IF(ISERROR(ETPT_TJ!Z11),"",IF(ETPT_TJ!Z11=0,"",ETPT_TJ!Z11))) | AA11: =IF(ISBLANK(ETPT_TJ_DDG!$D$5),"",IF(ISERROR(ETPT_TJ!AA11),"",IF(ETPT_TJ!AA11=0,"",ETPT_TJ!AA11))) | AB11: =SUM(X11:AA11) -> 0 | AC11: =IF(ISBLANK(ETPT_TJ_DDG!$D$5),"",IF(ISERROR(ETPT_TJ!AC11),"",IF(ETPT_TJ!AC11=0,"",ETPT_TJ!AC11))) | AD11: =IF(ISBLANK(ETPT_TJ_DDG!$D$5),"",IF(ISERROR(ETPT_TJ!AD11),"",IF(ETPT_TJ!AD11=0,"",ETPT_TJ!AD11))) | AE11: =IF(ISBLANK(ETPT_TJ_DDG!$D$5),"",IF(ISERROR(ETPT_TJ!AE11),"",IF(ETPT_TJ!AE11=0,"",ETPT_TJ!AE11))) | AF11: =IF(ISBLANK(ETPT_TJ_DDG!$D$5),"",IF(ISERROR(ETPT_TJ!AF11),"",IF(ETPT_TJ!AF11=0,"",ETPT_TJ!AF11))) | AG11: =IF(ISBLANK(ETPT_TJ_DDG!$D$5),"",IF(ISERROR(ETPT_TJ!AG11),"",IF(ETPT_TJ!AG11=0,"",ETPT_TJ!AG11))) | AH11: =IF(ISBLANK(ETPT_TJ_DDG!$D$5),"",IF(ISERROR(ETPT_TJ!AH11),"",IF(ETPT_TJ!AH11=0,"",ETPT_TJ!AH11))) | AI11: =IF(ISBLANK(ETPT_TJ_DDG!$D$5),"",IF(ISERROR(ETPT_TJ!AI11),"",IF(ETPT_TJ!AI11=0,"",ETPT_TJ!AI11))) | AJ11: =IF(ISBLANK(ETPT_TJ_DDG!$D$5),"",IF(ISERROR(ETPT_TJ!AJ11),"",IF(ETPT_TJ!AJ11=0,"",ETPT_TJ!AJ11))) | AK11: =IF(ISBLANK(ETPT_TJ_DDG!$D$5),"",IF(ISERROR(ETPT_TJ!AK11),"",IF(ETPT_TJ!AK11=0,"",ETPT_TJ!AK11))) | AL11: =SUM(AC11:AK11) -> 0 | AM11: =IF(ISBLANK(ETPT_TJ_DDG!$D$5),"",IF(ISERROR(ETPT_TJ!AM11),"",IF(ETPT_TJ!AM11=0,"",ETPT_TJ!AM11))) | AN11: =IF(ISBLANK(ETPT_TJ_DDG!$D$5),"",IF(ISERROR(ETPT_TJ!AN11),"",IF(ETPT_TJ!AN11=0,"",ETPT_TJ!AN11))) | AO11: =IF(ISBLANK(ETPT_TJ_DDG!$D$5),"",IF(ISERROR(ETPT_TJ!AO11),"",IF(ETPT_TJ!AO11=0,"",ETPT_TJ!AO11))) | AP11: =IF(ISBLANK(ETPT_TJ_DDG!$D$5),"",IF(ISERROR(ETPT_TJ!AP11),"",IF(ETPT_TJ!AP11=0,"",ETPT_TJ!AP11))) | AQ11: =IF(ISBLANK(ETPT_TJ_DDG!$D$5),"",IF(ISERROR(ETPT_TJ!AQ11),"",IF(ETPT_TJ!AQ11=0,"",ETPT_TJ!AQ11))) | AR11: =IF(ISBLANK(ETPT_TJ_DDG!$D$5),"",IF(ISERROR(ETPT_TJ!AR11),"",IF(ETPT_TJ!AR11=0,"",ETPT_TJ!AR11))) | AS11: =IF(ISBLANK(ETPT_TJ_DDG!$D$5),"",IF(ISERROR(ETPT_TJ!AS11),"",IF(ETPT_TJ!AS11=0,"",ETPT_TJ!AS11))) | AT11: =IF(ISBLANK(ETPT_TJ_DDG!$D$5),"",IF(ISERROR(ETPT_TJ!AT11),"",IF(ETPT_TJ!AT11=0,"",ETPT_TJ!AT11))) | ... AY11: =IF(ISBLANK(ETPT_TJ_DDG!$D$5),"",IF(ISERROR(ETPT_TJ!AY11),"",IF(ETPT_TJ!AY11=0,"",ETPT_TJ!AY11))) | AZ11: =SUM(AM11:AY11) -> 0 | BJ11: =SUM(BA11:BI11) -> 0
A12: ETPT_TJ | D12: =IF(ISBLANK($D$5),"",$D$5) | E12: 166-99-NC | F12: Action 99 - Personnel concourant au programme - à reventiler | G12: =IF(ISBLANK(ETPT_TJ_DDG!$D$5),"",IF(ISERROR(ETPT_TJ!G12),"",IF(ETPT_TJ!G12=0,"",ETPT_TJ!G12))) | H12: =SUM(G12) -> 0 | I12: =IF(ISBLANK(ETPT_TJ_DDG!$D$5),"",IF(ISERROR(ETPT_TJ!I12),"",IF(ETPT_TJ!I12=0,"",ETPT_TJ!I12))) | J12: =IF(ISBLANK(ETPT_TJ_DDG!$D$5),"",IF(ISERROR(ETPT_TJ!J12),"",IF(ETPT_TJ!J12=0,"",ETPT_TJ!J12))) | K12: =IF(ISBLANK(ETPT_TJ_DDG!$D$5),"",IF(ISERROR(ETPT_TJ!K12),"",IF(ETPT_TJ!K12=0,"",ETPT_TJ!K12))) | L12: =IF(ISBLANK(ETPT_TJ_DDG!$D$5),"",IF(ISERROR(ETPT_TJ!L12),"",IF(ETPT_TJ!L12=0,"",ETPT_TJ!L12))) | M12: =IF(ISBLANK(ETPT_TJ_DDG!$D$5),"",IF(ISERROR(ETPT_TJ!M12),"",IF(ETPT_TJ!M12=0,"",ETPT_TJ!M12))) | N12: =IF(ISBLANK(ETPT_TJ_DDG!$D$5),"",IF(ISERROR(ETPT_TJ!N12),"",IF(ETPT_TJ!N12=0,"",ETPT_TJ!N12))) | O12: =IF(ISBLANK(ETPT_TJ_DDG!$D$5),"",IF(ISERROR(ETPT_TJ!O12),"",IF(ETPT_TJ!O12=0,"",ETPT_TJ!O12))) | P12: =IF(ISBLANK(ETPT_TJ_DDG!$D$5),"",IF(ISERROR(ETPT_TJ!P12),"",IF(ETPT_TJ!P12=0,"",ETPT_TJ!P12))) | ... V12: =IF(ISBLANK(ETPT_TJ_DDG!$D$5),"",IF(ISERROR(ETPT_TJ!V12),"",IF(ETPT_TJ!V12=0,"",ETPT_TJ!V12))) | W12: =SUM(I12:V12) -> 0 | X12: =IF(ISBLANK(ETPT_TJ_DDG!$D$5),"",IF(ISERROR(ETPT_TJ!X12),"",IF(ETPT_TJ!X12=0,"",ETPT_TJ!X12))) | Y12: =IF(ISBLANK(ETPT_TJ_DDG!$D$5),"",IF(ISERROR(ETPT_TJ!Y12),"",IF(ETPT_TJ!Y12=0,"",ETPT_TJ!Y12))) | Z12: =IF(ISBLANK(ETPT_TJ_DDG!$D$5),"",IF(ISERROR(ETPT_TJ!Z12),"",IF(ETPT_TJ!Z12=0,"",ETPT_TJ!Z12))) | AA12: =IF(ISBLANK(ETPT_TJ_DDG!$D$5),"",IF(ISERROR(ETPT_TJ!AA12),"",IF(ETPT_TJ!AA12=0,"",ETPT_TJ!AA12))) | AB12: =SUM(X12:AA12) -> 0 | AC12: =IF(ISBLANK(ETPT_TJ_DDG!$D$5),"",IF(ISERROR(ETPT_TJ!AC12),"",IF(ETPT_TJ!AC12=0,"",ETPT_TJ!AC12))) | AD12: =IF(ISBLANK(ETPT_TJ_DDG!$D$5),"",IF(ISERROR(ETPT_TJ!AD12),"",IF(ETPT_TJ!AD12=0,"",ETPT_TJ!AD12))) | AE12: =IF(ISBLANK(ETPT_TJ_DDG!$D$5),"",IF(ISERROR(ETPT_TJ!AE12),"",IF(ETPT_TJ!AE12=0,"",ETPT_TJ!AE12))) | AF12: =IF(ISBLANK(ETPT_TJ_DDG!$D$5),"",IF(ISERROR(ETPT_TJ!AF12),"",IF(ETPT_TJ!AF12=0,"",ETPT_TJ!AF12))) | AG12: =IF(ISBLANK(ETPT_TJ_DDG!$D$5),"",IF(ISERROR(ETPT_TJ!AG12),"",IF(ETPT_TJ!AG12=0,"",ETPT_TJ!AG12))) | AH12: =IF(ISBLANK(ETPT_TJ_DDG!$D$5),"",IF(ISERROR(ETPT_TJ!AH12),"",IF(ETPT_TJ!AH12=0,"",ETPT_TJ!AH12))) | AI12: =IF(ISBLANK(ETPT_TJ_DDG!$D$5),"",IF(ISERROR(ETPT_TJ!AI12),"",IF(ETPT_TJ!AI12=0,"",ETPT_TJ!AI12))) | AJ12: =IF(ISBLANK(ETPT_TJ_DDG!$D$5),"",IF(ISERROR(ETPT_TJ!AJ12),"",IF(ETPT_TJ!AJ12=0,"",ETPT_TJ!AJ12))) | AK12: =IF(ISBLANK(ETPT_TJ_DDG!$D$5),"",IF(ISERROR(ETPT_TJ!AK12),"",IF(ETPT_TJ!AK12=0,"",ETPT_TJ!AK12))) | AL12: =SUM(AC12:AK12) -> 0 | AM12: =IF(ISBLANK(ETPT_TJ_DDG!$D$5),"",IF(ISERROR(ETPT_TJ!AM12),"",IF(ETPT_TJ!AM12=0,"",ETPT_TJ!AM12))) | AN12: =IF(ISBLANK(ETPT_TJ_DDG!$D$5),"",IF(ISERROR(ETPT_TJ!AN12),"",IF(ETPT_TJ!AN12=0,"",ETPT_TJ!AN12))) | AO12: =IF(ISBLANK(ETPT_TJ_DDG!$D$5),"",IF(ISERROR(ETPT_TJ!AO12),"",IF(ETPT_TJ!AO12=0,"",ETPT_TJ!AO12))) | AP12: =IF(ISBLANK(ETPT_TJ_DDG!$D$5),"",IF(ISERROR(ETPT_TJ!AP12),"",IF(ETPT_TJ!AP12=0,"",ETPT_TJ!AP12))) | AQ12: =IF(ISBLANK(ETPT_TJ_DDG!$D$5),"",IF(ISERROR(ETPT_TJ!AQ12),"",IF(ETPT_TJ!AQ12=0,"",ETPT_TJ!AQ12))) | AR12: =IF(ISBLANK(ETPT_TJ_DDG!$D$5),"",IF(ISERROR(ETPT_TJ!AR12),"",IF(ETPT_TJ!AR12=0,"",ETPT_TJ!AR12))) | AS12: =IF(ISBLANK(ETPT_TJ_DDG!$D$5),"",IF(ISERROR(ETPT_TJ!AS12),"",IF(ETPT_TJ!AS12=0,"",ETPT_TJ!AS12))) | AT12: =IF(ISBLANK(ETPT_TJ_DDG!$D$5),"",IF(ISERROR(ETPT_TJ!AT12),"",IF(ETPT_TJ!AT12=0,"",ETPT_TJ!AT12))) | ... AY12: =IF(ISBLANK(ETPT_TJ_DDG!$D$5),"",IF(ISERROR(ETPT_TJ!AY12),"",IF(ETPT_TJ!AY12=0,"",ETPT_TJ!AY12))) | AZ12: =SUM(AM12:AY12) -> 0 | BJ12: =SUM(BA12:BI12) -> 0
A13: ETPT_TJ | D13: =IF(ISBLANK($D$5),"",$D$5) | E13: 166-NC-NC | F13: Etpt autres personnels à reventiler (dont droit local,commercial- rcs, mise à disposition) | G13: =IF(ISBLANK(ETPT_TJ_DDG!$D$5),"",IF(ISERROR(ETPT_TJ!G13),"",IF(ETPT_TJ!G13=0,"",ETPT_TJ!G13))) | H13: =SUM(G13) -> 0 | I13: =IF(ISBLANK(ETPT_TJ_DDG!$D$5),"",IF(ISERROR(ETPT_TJ!I13),"",IF(ETPT_TJ!I13=0,"",ETPT_TJ!I13))) | J13: =IF(ISBLANK(ETPT_TJ_DDG!$D$5),"",IF(ISERROR(ETPT_TJ!J13),"",IF(ETPT_TJ!J13=0,"",ETPT_TJ!J13))) | K13: =IF(ISBLANK(ETPT_TJ_DDG!$D$5),"",IF(ISERROR(ETPT_TJ!K13),"",IF(ETPT_TJ!K13=0,"",ETPT_TJ!K13))) | L13: =IF(ISBLANK(ETPT_TJ_DDG!$D$5),"",IF(ISERROR(ETPT_TJ!L13),"",IF(ETPT_TJ!L13=0,"",ETPT_TJ!L13))) | M13: =IF(ISBLANK(ETPT_TJ_DDG!$D$5),"",IF(ISERROR(ETPT_TJ!M13),"",IF(ETPT_TJ!M13=0,"",ETPT_TJ!M13))) | N13: =IF(ISBLANK(ETPT_TJ_DDG!$D$5),"",IF(ISERROR(ETPT_TJ!N13),"",IF(ETPT_TJ!N13=0,"",ETPT_TJ!N13))) | O13: =IF(ISBLANK(ETPT_TJ_DDG!$D$5),"",IF(ISERROR(ETPT_TJ!O13),"",IF(ETPT_TJ!O13=0,"",ETPT_TJ!O13))) | P13: =IF(ISBLANK(ETPT_TJ_DDG!$D$5),"",IF(ISERROR(ETPT_TJ!P13),"",IF(ETPT_TJ!P13=0,"",ETPT_TJ!P13))) | ... V13: =IF(ISBLANK(ETPT_TJ_DDG!$D$5),"",IF(ISERROR(ETPT_TJ!V13),"",IF(ETPT_TJ!V13=0,"",ETPT_TJ!V13))) | W13: =SUM(I13:V13) -> 0 | X13: =IF(ISBLANK(ETPT_TJ_DDG!$D$5),"",IF(ISERROR(ETPT_TJ!X13),"",IF(ETPT_TJ!X13=0,"",ETPT_TJ!X13))) | Y13: =IF(ISBLANK(ETPT_TJ_DDG!$D$5),"",IF(ISERROR(ETPT_TJ!Y13),"",IF(ETPT_TJ!Y13=0,"",ETPT_TJ!Y13))) | Z13: =IF(ISBLANK(ETPT_TJ_DDG!$D$5),"",IF(ISERROR(ETPT_TJ!Z13),"",IF(ETPT_TJ!Z13=0,"",ETPT_TJ!Z13))) | AA13: =IF(ISBLANK(ETPT_TJ_DDG!$D$5),"",IF(ISERROR(ETPT_TJ!AA13),"",IF(ETPT_TJ!AA13=0,"",ETPT_TJ!AA13))) | AB13: =SUM(X13:AA13) -> 0 | AC13: =IF(ISBLANK(ETPT_TJ_DDG!$D$5),"",IF(ISERROR(ETPT_TJ!AC13),"",IF(ETPT_TJ!AC13=0,"",ETPT_TJ!AC13))) | AD13: =IF(ISBLANK(ETPT_TJ_DDG!$D$5),"",IF(ISERROR(ETPT_TJ!AD13),"",IF(ETPT_TJ!AD13=0,"",ETPT_TJ!AD13))) | AE13: =IF(ISBLANK(ETPT_TJ_DDG!$D$5),"",IF(ISERROR(ETPT_TJ!AE13),"",IF(ETPT_TJ!AE13=0,"",ETPT_TJ!AE13))) | AF13: =IF(ISBLANK(ETPT_TJ_DDG!$D$5),"",IF(ISERROR(ETPT_TJ!AF13),"",IF(ETPT_TJ!AF13=0,"",ETPT_TJ!AF13))) | AG13: =IF(ISBLANK(ETPT_TJ_DDG!$D$5),"",IF(ISERROR(ETPT_TJ!AG13),"",IF(ETPT_TJ!AG13=0,"",ETPT_TJ!AG13))) | AH13: =IF(ISBLANK(ETPT_TJ_DDG!$D$5),"",IF(ISERROR(ETPT_TJ!AH13),"",IF(ETPT_TJ!AH13=0,"",ETPT_TJ!AH13))) | AI13: =IF(ISBLANK(ETPT_TJ_DDG!$D$5),"",IF(ISERROR(ETPT_TJ!AI13),"",IF(ETPT_TJ!AI13=0,"",ETPT_TJ!AI13))) | AJ13: =IF(ISBLANK(ETPT_TJ_DDG!$D$5),"",IF(ISERROR(ETPT_TJ!AJ13),"",IF(ETPT_TJ!AJ13=0,"",ETPT_TJ!AJ13))) | AK13: =IF(ISBLANK(ETPT_TJ_DDG!$D$5),"",IF(ISERROR(ETPT_TJ!AK13),"",IF(ETPT_TJ!AK13=0,"",ETPT_TJ!AK13))) | AL13: =SUM(AC13:AK13) -> 0 | AM13: =IF(ISBLANK(ETPT_TJ_DDG!$D$5),"",IF(ISERROR(ETPT_TJ!AM13),"",IF(ETPT_TJ!AM13=0,"",ETPT_TJ!AM13))) | AN13: =IF(ISBLANK(ETPT_TJ_DDG!$D$5),"",IF(ISERROR(ETPT_TJ!AN13),"",IF(ETPT_TJ!AN13=0,"",ETPT_TJ!AN13))) | AO13: =IF(ISBLANK(ETPT_TJ_DDG!$D$5),"",IF(ISERROR(ETPT_TJ!AO13),"",IF(ETPT_TJ!AO13=0,"",ETPT_TJ!AO13))) | AP13: =IF(ISBLANK(ETPT_TJ_DDG!$D$5),"",IF(ISERROR(ETPT_TJ!AP13),"",IF(ETPT_TJ!AP13=0,"",ETPT_TJ!AP13))) | AQ13: =IF(ISBLANK(ETPT_TJ_DDG!$D$5),"",IF(ISERROR(ETPT_TJ!AQ13),"",IF(ETPT_TJ!AQ13=0,"",ETPT_TJ!AQ13))) | AR13: =IF(ISBLANK(ETPT_TJ_DDG!$D$5),"",IF(ISERROR(ETPT_TJ!AR13),"",IF(ETPT_TJ!AR13=0,"",ETPT_TJ!AR13))) | AS13: =IF(ISBLANK(ETPT_TJ_DDG!$D$5),"",IF(ISERROR(ETPT_TJ!AS13),"",IF(ETPT_TJ!AS13=0,"",ETPT_TJ!AS13))) | AT13: =IF(ISBLANK(ETPT_TJ_DDG!$D$5),"",IF(ISERROR(ETPT_TJ!AT13),"",IF(ETPT_TJ!AT13=0,"",ETPT_TJ!AT13))) | ... AY13: =IF(ISBLANK(ETPT_TJ_DDG!$D$5),"",IF(ISERROR(ETPT_TJ!AY13),"",IF(ETPT_TJ!AY13=0,"",ETPT_TJ!AY13))) | AZ13: =SUM(AM13:AY13) -> 0 | BJ13: =SUM(BA13:BI13) -> 0
A14: ETPT_TJ | D14: =IF(ISBLANK($D$5),"",$D$5) | E14: 166-PA-NC | F14: Etpt placés additionnels | G14: =IF(ISBLANK(ETPT_TJ_DDG!$D$5),"",IF(ISERROR(ETPT_TJ!G14),"",IF(ETPT_TJ!G14=0,"",ETPT_TJ!G14))) | H14: =SUM(G14) -> 0 | I14: =IF(ISBLANK(ETPT_TJ_DDG!$D$5),"",IF(ISERROR(ETPT_TJ!I14),"",IF(ETPT_TJ!I14=0,"",ETPT_TJ!I14))) | J14: =IF(ISBLANK(ETPT_TJ_DDG!$D$5),"",IF(ISERROR(ETPT_TJ!J14),"",IF(ETPT_TJ!J14=0,"",ETPT_TJ!J14))) | K14: =IF(ISBLANK(ETPT_TJ_DDG!$D$5),"",IF(ISERROR(ETPT_TJ!K14),"",IF(ETPT_TJ!K14=0,"",ETPT_TJ!K14))) | L14: =IF(ISBLANK(ETPT_TJ_DDG!$D$5),"",IF(ISERROR(ETPT_TJ!L14),"",IF(ETPT_TJ!L14=0,"",ETPT_TJ!L14))) | M14: =IF(ISBLANK(ETPT_TJ_DDG!$D$5),"",IF(ISERROR(ETPT_TJ!M14),"",IF(ETPT_TJ!M14=0,"",ETPT_TJ!M14))) | N14: =IF(ISBLANK(ETPT_TJ_DDG!$D$5),"",IF(ISERROR(ETPT_TJ!N14),"",IF(ETPT_TJ!N14=0,"",ETPT_TJ!N14))) | O14: =IF(ISBLANK(ETPT_TJ_DDG!$D$5),"",IF(ISERROR(ETPT_TJ!O14),"",IF(ETPT_TJ!O14=0,"",ETPT_TJ!O14))) | P14: =IF(ISBLANK(ETPT_TJ_DDG!$D$5),"",IF(ISERROR(ETPT_TJ!P14),"",IF(ETPT_TJ!P14=0,"",ETPT_TJ!P14))) | ... V14: =IF(ISBLANK(ETPT_TJ_DDG!$D$5),"",IF(ISERROR(ETPT_TJ!V14),"",IF(ETPT_TJ!V14=0,"",ETPT_TJ!V14))) | W14: =SUM(I14:V14) -> 0 | X14: =IF(ISBLANK(ETPT_TJ_DDG!$D$5),"",IF(ISERROR(ETPT_TJ!X14),"",IF(ETPT_TJ!X14=0,"",ETPT_TJ!X14))) | Y14: =IF(ISBLANK(ETPT_TJ_DDG!$D$5),"",IF(ISERROR(ETPT_TJ!Y14),"",IF(ETPT_TJ!Y14=0,"",ETPT_TJ!Y14))) | Z14: =IF(ISBLANK(ETPT_TJ_DDG!$D$5),"",IF(ISERROR(ETPT_TJ!Z14),"",IF(ETPT_TJ!Z14=0,"",ETPT_TJ!Z14))) | AA14: =IF(ISBLANK(ETPT_TJ_DDG!$D$5),"",IF(ISERROR(ETPT_TJ!AA14),"",IF(ETPT_TJ!AA14=0,"",ETPT_TJ!AA14))) | AB14: =SUM(X14:AA14) -> 0 | AC14: =IF(ISBLANK(ETPT_TJ_DDG!$D$5),"",IF(ISERROR(ETPT_TJ!AC14),"",IF(ETPT_TJ!AC14=0,"",ETPT_TJ!AC14))) | AD14: =IF(ISBLANK(ETPT_TJ_DDG!$D$5),"",IF(ISERROR(ETPT_TJ!AD14),"",IF(ETPT_TJ!AD14=0,"",ETPT_TJ!AD14))) | AE14: =IF(ISBLANK(ETPT_TJ_DDG!$D$5),"",IF(ISERROR(ETPT_TJ!AE14),"",IF(ETPT_TJ!AE14=0,"",ETPT_TJ!AE14))) | AF14: =IF(ISBLANK(ETPT_TJ_DDG!$D$5),"",IF(ISERROR(ETPT_TJ!AF14),"",IF(ETPT_TJ!AF14=0,"",ETPT_TJ!AF14))) | AG14: =IF(ISBLANK(ETPT_TJ_DDG!$D$5),"",IF(ISERROR(ETPT_TJ!AG14),"",IF(ETPT_TJ!AG14=0,"",ETPT_TJ!AG14))) | AH14: =IF(ISBLANK(ETPT_TJ_DDG!$D$5),"",IF(ISERROR(ETPT_TJ!AH14),"",IF(ETPT_TJ!AH14=0,"",ETPT_TJ!AH14))) | AI14: =IF(ISBLANK(ETPT_TJ_DDG!$D$5),"",IF(ISERROR(ETPT_TJ!AI14),"",IF(ETPT_TJ!AI14=0,"",ETPT_TJ!AI14))) | AJ14: =IF(ISBLANK(ETPT_TJ_DDG!$D$5),"",IF(ISERROR(ETPT_TJ!AJ14),"",IF(ETPT_TJ!AJ14=0,"",ETPT_TJ!AJ14))) | AK14: =IF(ISBLANK(ETPT_TJ_DDG!$D$5),"",IF(ISERROR(ETPT_TJ!AK14),"",IF(ETPT_TJ!AK14=0,"",ETPT_TJ!AK14))) | AL14: =SUM(AC14:AK14) -> 0 | AM14: =IF(ISBLANK(ETPT_TJ_DDG!$D$5),"",IF(ISERROR(ETPT_TJ!AM14),"",IF(ETPT_TJ!AM14=0,"",ETPT_TJ!AM14))) | AN14: =IF(ISBLANK(ETPT_TJ_DDG!$D$5),"",IF(ISERROR(ETPT_TJ!AN14),"",IF(ETPT_TJ!AN14=0,"",ETPT_TJ!AN14))) | AO14: =IF(ISBLANK(ETPT_TJ_DDG!$D$5),"",IF(ISERROR(ETPT_TJ!AO14),"",IF(ETPT_TJ!AO14=0,"",ETPT_TJ!AO14))) | AP14: =IF(ISBLANK(ETPT_TJ_DDG!$D$5),"",IF(ISERROR(ETPT_TJ!AP14),"",IF(ETPT_TJ!AP14=0,"",ETPT_TJ!AP14))) | AQ14: =IF(ISBLANK(ETPT_TJ_DDG!$D$5),"",IF(ISERROR(ETPT_TJ!AQ14),"",IF(ETPT_TJ!AQ14=0,"",ETPT_TJ!AQ14))) | AR14: =IF(ISBLANK(ETPT_TJ_DDG!$D$5),"",IF(ISERROR(ETPT_TJ!AR14),"",IF(ETPT_TJ!AR14=0,"",ETPT_TJ!AR14))) | AS14: =IF(ISBLANK(ETPT_TJ_DDG!$D$5),"",IF(ISERROR(ETPT_TJ!AS14),"",IF(ETPT_TJ!AS14=0,"",ETPT_TJ!AS14))) | AT14: =IF(ISBLANK(ETPT_TJ_DDG!$D$5),"",IF(ISERROR(ETPT_TJ!AT14),"",IF(ETPT_TJ!AT14=0,"",ETPT_TJ!AT14))) | ... AY14: =IF(ISBLANK(ETPT_TJ_DDG!$D$5),"",IF(ISERROR(ETPT_TJ!AY14),"",IF(ETPT_TJ!AY14=0,"",ETPT_TJ!AY14))) | AZ14: =SUM(AM14:AY14) -> 0 | BJ14: =SUM(BA14:BI14) -> 0
A15: ETPT_TJ | D15: =IF(ISBLANK($D$5),"",$D$5) | E15: 166-PS-NC | F15: Etpt placés de substitution | G15: =IF(ISBLANK(ETPT_TJ_DDG!$D$5),"",IF(ISERROR(ETPT_TJ!G15),"",IF(ETPT_TJ!G15=0,"",ETPT_TJ!G15))) | H15: =SUM(G15) -> 0 | I15: =IF(ISBLANK(ETPT_TJ_DDG!$D$5),"",IF(ISERROR(ETPT_TJ!I15),"",IF(ETPT_TJ!I15=0,"",ETPT_TJ!I15))) | J15: =IF(ISBLANK(ETPT_TJ_DDG!$D$5),"",IF(ISERROR(ETPT_TJ!J15),"",IF(ETPT_TJ!J15=0,"",ETPT_TJ!J15))) | K15: =IF(ISBLANK(ETPT_TJ_DDG!$D$5),"",IF(ISERROR(ETPT_TJ!K15),"",IF(ETPT_TJ!K15=0,"",ETPT_TJ!K15))) | L15: =IF(ISBLANK(ETPT_TJ_DDG!$D$5),"",IF(ISERROR(ETPT_TJ!L15),"",IF(ETPT_TJ!L15=0,"",ETPT_TJ!L15))) | M15: =IF(ISBLANK(ETPT_TJ_DDG!$D$5),"",IF(ISERROR(ETPT_TJ!M15),"",IF(ETPT_TJ!M15=0,"",ETPT_TJ!M15))) | N15: =IF(ISBLANK(ETPT_TJ_DDG!$D$5),"",IF(ISERROR(ETPT_TJ!N15),"",IF(ETPT_TJ!N15=0,"",ETPT_TJ!N15))) | O15: =IF(ISBLANK(ETPT_TJ_DDG!$D$5),"",IF(ISERROR(ETPT_TJ!O15),"",IF(ETPT_TJ!O15=0,"",ETPT_TJ!O15))) | P15: =IF(ISBLANK(ETPT_TJ_DDG!$D$5),"",IF(ISERROR(ETPT_TJ!P15),"",IF(ETPT_TJ!P15=0,"",ETPT_TJ!P15))) | ... V15: =IF(ISBLANK(ETPT_TJ_DDG!$D$5),"",IF(ISERROR(ETPT_TJ!V15),"",IF(ETPT_TJ!V15=0,"",ETPT_TJ!V15))) | W15: =SUM(I15:V15) -> 0 | X15: =IF(ISBLANK(ETPT_TJ_DDG!$D$5),"",IF(ISERROR(ETPT_TJ!X15),"",IF(ETPT_TJ!X15=0,"",ETPT_TJ!X15))) | Y15: =IF(ISBLANK(ETPT_TJ_DDG!$D$5),"",IF(ISERROR(ETPT_TJ!Y15),"",IF(ETPT_TJ!Y15=0,"",ETPT_TJ!Y15))) | Z15: =IF(ISBLANK(ETPT_TJ_DDG!$D$5),"",IF(ISERROR(ETPT_TJ!Z15),"",IF(ETPT_TJ!Z15=0,"",ETPT_TJ!Z15))) | AA15: =IF(ISBLANK(ETPT_TJ_DDG!$D$5),"",IF(ISERROR(ETPT_TJ!AA15),"",IF(ETPT_TJ!AA15=0,"",ETPT_TJ!AA15))) | AB15: =SUM(X15:AA15) -> 0 | AC15: =IF(ISBLANK(ETPT_TJ_DDG!$D$5),"",IF(ISERROR(ETPT_TJ!AC15),"",IF(ETPT_TJ!AC15=0,"",ETPT_TJ!AC15))) | AD15: =IF(ISBLANK(ETPT_TJ_DDG!$D$5),"",IF(ISERROR(ETPT_TJ!AD15),"",IF(ETPT_TJ!AD15=0,"",ETPT_TJ!AD15))) | AE15: =IF(ISBLANK(ETPT_TJ_DDG!$D$5),"",IF(ISERROR(ETPT_TJ!AE15),"",IF(ETPT_TJ!AE15=0,"",ETPT_TJ!AE15))) | AF15: =IF(ISBLANK(ETPT_TJ_DDG!$D$5),"",IF(ISERROR(ETPT_TJ!AF15),"",IF(ETPT_TJ!AF15=0,"",ETPT_TJ!AF15))) | AG15: =IF(ISBLANK(ETPT_TJ_DDG!$D$5),"",IF(ISERROR(ETPT_TJ!AG15),"",IF(ETPT_TJ!AG15=0,"",ETPT_TJ!AG15))) | AH15: =IF(ISBLANK(ETPT_TJ_DDG!$D$5),"",IF(ISERROR(ETPT_TJ!AH15),"",IF(ETPT_TJ!AH15=0,"",ETPT_TJ!AH15))) | AI15: =IF(ISBLANK(ETPT_TJ_DDG!$D$5),"",IF(ISERROR(ETPT_TJ!AI15),"",IF(ETPT_TJ!AI15=0,"",ETPT_TJ!AI15))) | AJ15: =IF(ISBLANK(ETPT_TJ_DDG!$D$5),"",IF(ISERROR(ETPT_TJ!AJ15),"",IF(ETPT_TJ!AJ15=0,"",ETPT_TJ!AJ15))) | AK15: =IF(ISBLANK(ETPT_TJ_DDG!$D$5),"",IF(ISERROR(ETPT_TJ!AK15),"",IF(ETPT_TJ!AK15=0,"",ETPT_TJ!AK15))) | AL15: =SUM(AC15:AK15) -> 0 | AM15: =IF(ISBLANK(ETPT_TJ_DDG!$D$5),"",IF(ISERROR(ETPT_TJ!AM15),"",IF(ETPT_TJ!AM15=0,"",ETPT_TJ!AM15))) | AN15: =IF(ISBLANK(ETPT_TJ_DDG!$D$5),"",IF(ISERROR(ETPT_TJ!AN15),"",IF(ETPT_TJ!AN15=0,"",ETPT_TJ!AN15))) | AO15: =IF(ISBLANK(ETPT_TJ_DDG!$D$5),"",IF(ISERROR(ETPT_TJ!AO15),"",IF(ETPT_TJ!AO15=0,"",ETPT_TJ!AO15))) | AP15: =IF(ISBLANK(ETPT_TJ_DDG!$D$5),"",IF(ISERROR(ETPT_TJ!AP15),"",IF(ETPT_TJ!AP15=0,"",ETPT_TJ!AP15))) | AQ15: =IF(ISBLANK(ETPT_TJ_DDG!$D$5),"",IF(ISERROR(ETPT_TJ!AQ15),"",IF(ETPT_TJ!AQ15=0,"",ETPT_TJ!AQ15))) | AR15: =IF(ISBLANK(ETPT_TJ_DDG!$D$5),"",IF(ISERROR(ETPT_TJ!AR15),"",IF(ETPT_TJ!AR15=0,"",ETPT_TJ!AR15))) | AS15: =IF(ISBLANK(ETPT_TJ_DDG!$D$5),"",IF(ISERROR(ETPT_TJ!AS15),"",IF(ETPT_TJ!AS15=0,"",ETPT_TJ!AS15))) | AT15: =IF(ISBLANK(ETPT_TJ_DDG!$D$5),"",IF(ISERROR(ETPT_TJ!AT15),"",IF(ETPT_TJ!AT15=0,"",ETPT_TJ!AT15))) | ... AY15: =IF(ISBLANK(ETPT_TJ_DDG!$D$5),"",IF(ISERROR(ETPT_TJ!AY15),"",IF(ETPT_TJ!AY15=0,"",ETPT_TJ!AY15))) | AZ15: =SUM(AM15:AY15) -> 0 | BJ15: =SUM(BA15:BI15) -> 0
F16: TOTAL ETPT | G16: =SUM(G5:G15) -> 0 | H16: =SUM(H5:H15) -> 0 | I16: =SUM(I5:I15) -> 0 | J16: =SUM(J5:J15) -> 0 | K16: =SUM(K5:K15) -> 0 | L16: =SUM(L5:L15) -> 0 | M16: =SUM(M5:M15) -> 0 | N16: =SUM(N5:N15) -> 0 | ... BJ16: =SUM(BJ5:BJ15) -> 0
D18: Attention : par défaut, l'activité pénale recensée au niveau des TPR est comptabilisée sur le TJ | W18: =H16+W16-W14-H14-H15-W15+ETPT_CPH!G5-H12-H13-W12-W13 -> #N/A | AZ18: =AZ16+AL16-AZ14-AL14-AZ13-AZ12-AL13-AL12 -> 0

Sheet ETPT_TPRX_DDG
A1: Agrégats DDG | D1: Déclaration des ETPT TPROX
G2: CTECH | H2: Total fonctionnaires techniques | I2: A-B-CBUR | J2: A-B-CBUR | K2: A-B-CBUR | L2: A-B-CBUR | M2: A-B-CBUR | N2: A-B-CBUR | O2: A-B-CBUR | P2: A-B-CBUR | Q2: A-B-CBUR | R2: A-B-CBUR | S2: Total fonctionnaires administratifs | T2: JURISTE AS | U2: Total juristes assistants | V2: SIEGE S | W2: SIEGE S | X2: SIEGE S | Y2: SIEGE S | Z2: SIEGE S | AA2: SIEGE S | AB2: SIEGE S | AC2: SIEGE S | AD2: SIEGE S | AE2: Total magistrats du siège activités spécifiques | AF2: SIEGE S | AG2: SIEGE S | AH2: SIEGE S | AI2: Total magistrats du siège autres activités
G3: FONCTIONNAIRES_C_TECHNIQUES_SPEC | I3: FONCTIONNAIRES_TI_DRT_LOCAL_RCS | J3: FONCTIONNAIRES_TI_AG_PACS_NAT | K3: FONCTIONNAIRES_TI_SURENDET | L3: FONCTIONNAIRES_TI_TUTELLES | M3: FONC_TPRX_JAF | N3: FONC_TPRX_TUT_MIN | O3: FONC_TPRX_CORREC | P3: FONC_TPRX_POLICE | Q3: FONC_TPRX_AUT_CTX_TJ | R3: FONCTIONNAIRES_HORS_FONCT_SPEC | T3: JUR_ASS_SIEGE | V3: JUGE_LIVRE_FONCIER_JNS | W3: MAGISTRATS_TI_SR_IP | X3: MAGISTRATS_TI_SURENDET | Y3: MAGISTRATS_TI_TUTELLES | Z3: MAGISTRAT_TPRX_JAF | AA3: MAGISTRAT_TPRX_TUT_MIN | AB3: MAGISTRAT_TPRX_CORREC | AC3: MAGISTRAT_TPRX_POLICE | AD3: MAGISTRAT_TPRX_AUT_CTX_TJ | AF3: MAGISTRATS_TGI_TI | AG3: TI_ACT_J_DEPARTITEUR | AH3: AUTRES_JNS
B4: UO | C4: Code de la juridiction | D4: Juridiction | E4: Code sous action | F4: Action | G4: Fonctionnaires Catégorie C Technique spécialisés | I4: Fonctionnaires TPRX, Droit Local, Livre foncier, RCS,etc. | J4: Fonctionnaires TPRX IP, Saisies rém, Nationalité, actes de greffe, etc. | K4: Fonctionnaires TPRX affectés au surendettement et au Hors surendettement | L4: Fonctionnaires TPRX tutelles majeurs et vérification des comptes | M4: Fonctionnaires TPRX sur activité déléguée du TJ en matière : JAF | N4: Fonctionnaires TPRX sur activité déléguée du TJ en matière : Tutelles mineurs | O4: Fonctionnaires TPRX sur activité déléguée du TJ en matière correctionnelle | P4: Fonctionnaires TPRX sur activité déléguée du TJ en matière de police | Q4: Fonctionnaires TPRX sur activité déléguèe du TJ : Autres contentieux | R4: Fonctionnaires hors fonctions spécifiques | T4: Juristes assistants siège Autres | V4: Juges du Livre Foncier + Juge d'Instance RCS et Droit Local | W4: Magistrats TPRX affectés aux saisies sur rémunération et IP | X4: Magistrats TPRX affectés au surendettement et au Hors surendettement | Y4: Magistrats suivi tutelles majeurs et comptes | Z4: Magistrat TPRX sur activité déléguée du TJ en matière : JAF | AA4: Magistrat TPRX sur activité déléguée du TJ en matière : Tutelles mineurs | AB4: Magistrat TPRX sur activité déléguée du TJ en matière correctionnelle | AC4: Magistrat TPRX sur activité déléguée du TJ en matière de police | AD4: Magistrat TPRX sur activité déléguée du TJ : Autres contentieux | AF4: Magistrats du TJ affectés au TPRX | AG4: Magistrats activité juge départiteur | AH4: Autres Magistrats du Siège non spécialisés
A5: ETPT_TPRX | E5: 166-01-NC | F5: Action 1 - Traitement et jugement des contentieux civils | G5: =IF(ISBLANK(ETPT_TPRX_DDG!$D$5),"",IF(ISERROR(ETPT_TPRX!G5),"",IF(ETPT_TPRX!G5=0,"",ETPT_TPRX!G5))) | H5: =SUM(G5) -> 0 | I5: =IF(ISBLANK(ETPT_TPRX_DDG!$D$5),"",IF(ISERROR(ETPT_TPRX!I5),"",IF(ETPT_TPRX!I5=0,"",ETPT_TPRX!I5))) | J5: =IF(ISBLANK(ETPT_TPRX_DDG!$D$5),"",IF(ISERROR(ETPT_TPRX!J5),"",IF(ETPT_TPRX!J5=0,"",ETPT_TPRX!J5))) | K5: =IF(ISBLANK(ETPT_TPRX_DDG!$D$5),"",IF(ISERROR(ETPT_TPRX!K5),"",IF(ETPT_TPRX!K5=0,"",ETPT_TPRX!K5))) | L5: =IF(ISBLANK(ETPT_TPRX_DDG!$D$5),"",IF(ISERROR(ETPT_TPRX!L5),"",IF(ETPT_TPRX!L5=0,"",ETPT_TPRX!L5))) | M5: =IF(ISBLANK(ETPT_TPRX_DDG!$D$5),"",IF(ISERROR(ETPT_TPRX!M5),"",IF(ETPT_TPRX!M5=0,"",ETPT_TPRX!M5))) | N5: =IF(ISBLANK(ETPT_TPRX_DDG!$D$5),"",IF(ISERROR(ETPT_TPRX!N5),"",IF(ETPT_TPRX!N5=0,"",ETPT_TPRX!N5))) | O5: =IF(ISBLANK(ETPT_TPRX_DDG!$D$5),"",IF(ISERROR(ETPT_TPRX!O5),"",IF(ETPT_TPRX!O5=0,"",ETPT_TPRX!O5))) | P5: =IF(ISBLANK(ETPT_TPRX_DDG!$D$5),"",IF(ISERROR(ETPT_TPRX!P5),"",IF(ETPT_TPRX!P5=0,"",ETPT_TPRX!P5))) | ... R5: =IF(ISBLANK(ETPT_TPRX_DDG!$D$5),"",IF(ISERROR(ETPT_TPRX!R5),"",IF(ETPT_TPRX!R5=0,"",ETPT_TPRX!R5))) | S5: =SUM(I5:R5) -> 0 | T5: =IF(ISBLANK(ETPT_TPRX_DDG!$D$5),"",IF(ISERROR(ETPT_TPRX!T5),"",IF(ETPT_TPRX!T5=0,"",ETPT_TPRX!T5))) | U5: =SUM(T5) -> 0 | V5: =IF(ISBLANK(ETPT_TPRX_DDG!$D$5),"",IF(ISERROR(ETPT_TPRX!V5),"",IF(ETPT_TPRX!V5=0,"",ETPT_TPRX!V5))) | W5: =IF(ISBLANK(ETPT_TPRX_DDG!$D$5),"",IF(ISERROR(ETPT_TPRX!W5),"",IF(ETPT_TPRX!W5=0,"",ETPT_TPRX!W5))) | X5: =IF(ISBLANK(ETPT_TPRX_DDG!$D$5),"",IF(ISERROR(ETPT_TPRX!X5),"",IF(ETPT_TPRX!X5=0,"",ETPT_TPRX!X5))) | Y5: =IF(ISBLANK(ETPT_TPRX_DDG!$D$5),"",IF(ISERROR(ETPT_TPRX!Y5),"",IF(ETPT_TPRX!Y5=0,"",ETPT_TPRX!Y5))) | Z5: =IF(ISBLANK(ETPT_TPRX_DDG!$D$5),"",IF(ISERROR(ETPT_TPRX!Z5),"",IF(ETPT_TPRX!Z5=0,"",ETPT_TPRX!Z5))) | AA5: =IF(ISBLANK(ETPT_TPRX_DDG!$D$5),"",IF(ISERROR(ETPT_TPRX!AA5),"",IF(ETPT_TPRX!AA5=0,"",ETPT_TPRX!AA5))) | AB5: =IF(ISBLANK(ETPT_TPRX_DDG!$D$5),"",IF(ISERROR(ETPT_TPRX!AB5),"",IF(ETPT_TPRX!AB5=0,"",ETPT_TPRX!AB5))) | AC5: =IF(ISBLANK(ETPT_TPRX_DDG!$D$5),"",IF(ISERROR(ETPT_TPRX!AC5),"",IF(ETPT_TPRX!AC5=0,"",ETPT_TPRX!AC5))) | AD5: =IF(ISBLANK(ETPT_TPRX_DDG!$D$5),"",IF(ISERROR(ETPT_TPRX!AD5),"",IF(ETPT_TPRX!AD5=0,"",ETPT_TPRX!AD5))) | AE5: =SUM(V5:AD5) -> 0 | AF5: =IF(ISBLANK(ETPT_TPRX_DDG!$D$5),"",IF(ISERROR(ETPT_TPRX!AF5),"",IF(ETPT_TPRX!AF5=0,"",ETPT_TPRX!AF5))) | AG5: =IF(ISBLANK(ETPT_TPRX_DDG!$D$5),"",IF(ISERROR(ETPT_TPRX!AG5),"",IF(ETPT_TPRX!AG5=0,"",ETPT_TPRX!AG5))) | AH5: =IF(ISBLANK(ETPT_TPRX_DDG!$D$5),"",IF(ISERROR(ETPT_TPRX!AH5),"",IF(ETPT_TPRX!AH5=0,"",ETPT_TPRX!AH5))) | AI5: =SUM(AF5:AH5) -> 0
A6: ETPT_TPRX | D6: =IF(ISBLANK($D$5),"",$D$5) | E6: 166-02-NC | F6: Action 2 - Traitement et jugement des affaires pénales | G6: =IF(ISBLANK(ETPT_TPRX_DDG!$D$5),"",IF(ISERROR(ETPT_TPRX!G6),"",IF(ETPT_TPRX!G6=0,"",ETPT_TPRX!G6))) | H6: =SUM(G6) -> 0 | I6: =IF(ISBLANK(ETPT_TPRX_DDG!$D$5),"",IF(ISERROR(ETPT_TPRX!I6),"",IF(ETPT_TPRX!I6=0,"",ETPT_TPRX!I6))) | J6: =IF(ISBLANK(ETPT_TPRX_DDG!$D$5),"",IF(ISERROR(ETPT_TPRX!J6),"",IF(ETPT_TPRX!J6=0,"",ETPT_TPRX!J6))) | K6: =IF(ISBLANK(ETPT_TPRX_DDG!$D$5),"",IF(ISERROR(ETPT_TPRX!K6),"",IF(ETPT_TPRX!K6=0,"",ETPT_TPRX!K6))) | L6: =IF(ISBLANK(ETPT_TPRX_DDG!$D$5),"",IF(ISERROR(ETPT_TPRX!L6),"",IF(ETPT_TPRX!L6=0,"",ETPT_TPRX!L6))) | M6: =IF(ISBLANK(ETPT_TPRX_DDG!$D$5),"",IF(ISERROR(ETPT_TPRX!M6),"",IF(ETPT_TPRX!M6=0,"",ETPT_TPRX!M6))) | N6: =IF(ISBLANK(ETPT_TPRX_DDG!$D$5),"",IF(ISERROR(ETPT_TPRX!N6),"",IF(ETPT_TPRX!N6=0,"",ETPT_TPRX!N6))) | O6: =IF(ISBLANK(ETPT_TPRX_DDG!$D$5),"",IF(ISERROR(ETPT_TPRX!O6),"",IF(ETPT_TPRX!O6=0,"",ETPT_TPRX!O6))) | P6: =IF(ISBLANK(ETPT_TPRX_DDG!$D$5),"",IF(ISERROR(ETPT_TPRX!P6),"",IF(ETPT_TPRX!P6=0,"",ETPT_TPRX!P6))) | ... R6: =IF(ISBLANK(ETPT_TPRX_DDG!$D$5),"",IF(ISERROR(ETPT_TPRX!R6),"",IF(ETPT_TPRX!R6=0,"",ETPT_TPRX!R6))) | S6: =SUM(I6:R6) -> 0 | T6: =IF(ISBLANK(ETPT_TPRX_DDG!$D$5),"",IF(ISERROR(ETPT_TPRX!T6),"",IF(ETPT_TPRX!T6=0,"",ETPT_TPRX!T6))) | U6: =SUM(T6) -> 0 | V6: =IF(ISBLANK(ETPT_TPRX_DDG!$D$5),"",IF(ISERROR(ETPT_TPRX!V6),"",IF(ETPT_TPRX!V6=0,"",ETPT_TPRX!V6))) | W6: =IF(ISBLANK(ETPT_TPRX_DDG!$D$5),"",IF(ISERROR(ETPT_TPRX!W6),"",IF(ETPT_TPRX!W6=0,"",ETPT_TPRX!W6))) | X6: =IF(ISBLANK(ETPT_TPRX_DDG!$D$5),"",IF(ISERROR(ETPT_TPRX!X6),"",IF(ETPT_TPRX!X6=0,"",ETPT_TPRX!X6))) | Y6: =IF(ISBLANK(ETPT_TPRX_DDG!$D$5),"",IF(ISERROR(ETPT_TPRX!Y6),"",IF(ETPT_TPRX!Y6=0,"",ETPT_TPRX!Y6))) | Z6: =IF(ISBLANK(ETPT_TPRX_DDG!$D$5),"",IF(ISERROR(ETPT_TPRX!Z6),"",IF(ETPT_TPRX!Z6=0,"",ETPT_TPRX!Z6))) | AA6: =IF(ISBLANK(ETPT_TPRX_DDG!$D$5),"",IF(ISERROR(ETPT_TPRX!AA6),"",IF(ETPT_TPRX!AA6=0,"",ETPT_TPRX!AA6))) | AB6: =IF(ISBLANK(ETPT_TPRX_DDG!$D$5),"",IF(ISERROR(ETPT_TPRX!AB6),"",IF(ETPT_TPRX!AB6=0,"",ETPT_TPRX!AB6))) | AC6: =IF(ISBLANK(ETPT_TPRX_DDG!$D$5),"",IF(ISERROR(ETPT_TPRX!AC6),"",IF(ETPT_TPRX!AC6=0,"",ETPT_TPRX!AC6))) | AD6: =IF(ISBLANK(ETPT_TPRX_DDG!$D$5),"",IF(ISERROR(ETPT_TPRX!AD6),"",IF(ETPT_TPRX!AD6=0,"",ETPT_TPRX!AD6))) | AE6: =SUM(V6:AD6) -> 0 | AF6: =IF(ISBLANK(ETPT_TPRX_DDG!$D$5),"",IF(ISERROR(ETPT_TPRX!AF6),"",IF(ETPT_TPRX!AF6=0,"",ETPT_TPRX!AF6))) | AG6: =IF(ISBLANK(ETPT_TPRX_DDG!$D$5),"",IF(ISERROR(ETPT_TPRX!AG6),"",IF(ETPT_TPRX!AG6=0,"",ETPT_TPRX!AG6))) | AH6: =IF(ISBLANK(ETPT_TPRX_DDG!$D$5),"",IF(ISERROR(ETPT_TPRX!AH6),"",IF(ETPT_TPRX!AH6=0,"",ETPT_TPRX!AH6))) | AI6: =SUM(AF6:AH6) -> 0
A7: ETPT_TPRX | D7: =IF(ISBLANK($D$5),"",$D$5) | E7: 166-04-NC | F7: Action 4 - Conseil supérieur de la magistrature | G7: =IF(ISBLANK(ETPT_TPRX_DDG!$D$5),"",IF(ISERROR(ETPT_TPRX!G7),"",IF(ETPT_TPRX!G7=0,"",ETPT_TPRX!G7))) | H7: =SUM(G7) -> 0 | I7: =IF(ISBLANK(ETPT_TPRX_DDG!$D$5),"",IF(ISERROR(ETPT_TPRX!I7),"",IF(ETPT_TPRX!I7=0,"",ETPT_TPRX!I7))) | J7: =IF(ISBLANK(ETPT_TPRX_DDG!$D$5),"",IF(ISERROR(ETPT_TPRX!J7),"",IF(ETPT_TPRX!J7=0,"",ETPT_TPRX!J7))) | K7: =IF(ISBLANK(ETPT_TPRX_DDG!$D$5),"",IF(ISERROR(ETPT_TPRX!K7),"",IF(ETPT_TPRX!K7=0,"",ETPT_TPRX!K7))) | L7: =IF(ISBLANK(ETPT_TPRX_DDG!$D$5),"",IF(ISERROR(ETPT_TPRX!L7),"",IF(ETPT_TPRX!L7=0,"",ETPT_TPRX!L7))) | M7: =IF(ISBLANK(ETPT_TPRX_DDG!$D$5),"",IF(ISERROR(ETPT_TPRX!M7),"",IF(ETPT_TPRX!M7=0,"",ETPT_TPRX!M7))) | N7: =IF(ISBLANK(ETPT_TPRX_DDG!$D$5),"",IF(ISERROR(ETPT_TPRX!N7),"",IF(ETPT_TPRX!N7=0,"",ETPT_TPRX!N7))) | O7: =IF(ISBLANK(ETPT_TPRX_DDG!$D$5),"",IF(ISERROR(ETPT_TPRX!O7),"",IF(ETPT_TPRX!O7=0,"",ETPT_TPRX!O7))) | P7: =IF(ISBLANK(ETPT_TPRX_DDG!$D$5),"",IF(ISERROR(ETPT_TPRX!P7),"",IF(ETPT_TPRX!P7=0,"",ETPT_TPRX!P7))) | ... R7: =IF(ISBLANK(ETPT_TPRX_DDG!$D$5),"",IF(ISERROR(ETPT_TPRX!R7),"",IF(ETPT_TPRX!R7=0,"",ETPT_TPRX!R7))) | S7: =SUM(I7:R7) -> 0 | T7: =IF(ISBLANK(ETPT_TPRX_DDG!$D$5),"",IF(ISERROR(ETPT_TPRX!T7),"",IF(ETPT_TPRX!T7=0,"",ETPT_TPRX!T7))) | U7: =SUM(T7) -> 0 | V7: =IF(ISBLANK(ETPT_TPRX_DDG!$D$5),"",IF(ISERROR(ETPT_TPRX!V7),"",IF(ETPT_TPRX!V7=0,"",ETPT_TPRX!V7))) | W7: =IF(ISBLANK(ETPT_TPRX_DDG!$D$5),"",IF(ISERROR(ETPT_TPRX!W7),"",IF(ETPT_TPRX!W7=0,"",ETPT_TPRX!W7))) | X7: =IF(ISBLANK(ETPT_TPRX_DDG!$D$5),"",IF(ISERROR(ETPT_TPRX!X7),"",IF(ETPT_TPRX!X7=0,"",ETPT_TPRX!X7))) | Y7: =IF(ISBLANK(ETPT_TPRX_DDG!$D$5),"",IF(ISERROR(ETPT_TPRX!Y7),"",IF(ETPT_TPRX!Y7=0,"",ETPT_TPRX!Y7))) | Z7: =IF(ISBLANK(ETPT_TPRX_DDG!$D$5),"",IF(ISERROR(ETPT_TPRX!Z7),"",IF(ETPT_TPRX!Z7=0,"",ETPT_TPRX!Z7))) | AA7: =IF(ISBLANK(ETPT_TPRX_DDG!$D$5),"",IF(ISERROR(ETPT_TPRX!AA7),"",IF(ETPT_TPRX!AA7=0,"",ETPT_TPRX!AA7))) | AB7: =IF(ISBLANK(ETPT_TPRX_DDG!$D$5),"",IF(ISERROR(ETPT_TPRX!AB7),"",IF(ETPT_TPRX!AB7=0,"",ETPT_TPRX!AB7))) | AC7: =IF(ISBLANK(ETPT_TPRX_DDG!$D$5),"",IF(ISERROR(ETPT_TPRX!AC7),"",IF(ETPT_TPRX!AC7=0,"",ETPT_TPRX!AC7))) | AD7: =IF(ISBLANK(ETPT_TPRX_DDG!$D$5),"",IF(ISERROR(ETPT_TPRX!AD7),"",IF(ETPT_TPRX!AD7=0,"",ETPT_TPRX!AD7))) | AE7: =SUM(V7:AD7) -> 0 | AF7: =IF(ISBLANK(ETPT_TPRX_DDG!$D$5),"",IF(ISERROR(ETPT_TPRX!AF7),"",IF(ETPT_TPRX!AF7=0,"",ETPT_TPRX!AF7))) | AG7: =IF(ISBLANK(ETPT_TPRX_DDG!$D$5),"",IF(ISERROR(ETPT_TPRX!AG7),"",IF(ETPT_TPRX!AG7=0,"",ETPT_TPRX!AG7))) | AH7: =IF(ISBLANK(ETPT_TPRX_DDG!$D$5),"",IF(ISERROR(ETPT_TPRX!AH7),"",IF(ETPT_TPRX!AH7=0,"",ETPT_TPRX!AH7))) | AI7: =SUM(AF7:AH7) -> 0
A8: ETPT_TPRX | D8: =IF(ISBLANK($D$5),"",$D$5) | E8: 166-06-99 | F8: Action 6 - Accueil du justiciable (inclus SAUJ) | G8: =IF(ISBLANK(ETPT_TPRX_DDG!$D$5),"",IF(ISERROR(ETPT_TPRX!G8),"",IF(ETPT_TPRX!G8=0,"",ETPT_TPRX!G8))) | H8: =SUM(G8) -> 0 | I8: =IF(ISBLANK(ETPT_TPRX_DDG!$D$5),"",IF(ISERROR(ETPT_TPRX!I8),"",IF(ETPT_TPRX!I8=0,"",ETPT_TPRX!I8))) | J8: =IF(ISBLANK(ETPT_TPRX_DDG!$D$5),"",IF(ISERROR(ETPT_TPRX!J8),"",IF(ETPT_TPRX!J8=0,"",ETPT_TPRX!J8))) | K8: =IF(ISBLANK(ETPT_TPRX_DDG!$D$5),"",IF(ISERROR(ETPT_TPRX!K8),"",IF(ETPT_TPRX!K8=0,"",ETPT_TPRX!K8))) | L8: =IF(ISBLANK(ETPT_TPRX_DDG!$D$5),"",IF(ISERROR(ETPT_TPRX!L8),"",IF(ETPT_TPRX!L8=0,"",ETPT_TPRX!L8))) | M8: =IF(ISBLANK(ETPT_TPRX_DDG!$D$5),"",IF(ISERROR(ETPT_TPRX!M8),"",IF(ETPT_TPRX!M8=0,"",ETPT_TPRX!M8))) | N8: =IF(ISBLANK(ETPT_TPRX_DDG!$D$5),"",IF(ISERROR(ETPT_TPRX!N8),"",IF(ETPT_TPRX!N8=0,"",ETPT_TPRX!N8))) | O8: =IF(ISBLANK(ETPT_TPRX_DDG!$D$5),"",IF(ISERROR(ETPT_TPRX!O8),"",IF(ETPT_TPRX!O8=0,"",ETPT_TPRX!O8))) | P8: =IF(ISBLANK(ETPT_TPRX_DDG!$D$5),"",IF(ISERROR(ETPT_TPRX!P8),"",IF(ETPT_TPRX!P8=0,"",ETPT_TPRX!P8))) | ... R8: =IF(ISBLANK(ETPT_TPRX_DDG!$D$5),"",IF(ISERROR(ETPT_TPRX!R8),"",IF(ETPT_TPRX!R8=0,"",ETPT_TPRX!R8))) | S8: =SUM(I8:R8) -> 0 | T8: =IF(ISBLANK(ETPT_TPRX_DDG!$D$5),"",IF(ISERROR(ETPT_TPRX!T8),"",IF(ETPT_TPRX!T8=0,"",ETPT_TPRX!T8))) | U8: =SUM(T8) -> 0 | V8: =IF(ISBLANK(ETPT_TPRX_DDG!$D$5),"",IF(ISERROR(ETPT_TPRX!V8),"",IF(ETPT_TPRX!V8=0,"",ETPT_TPRX!V8))) | W8: =IF(ISBLANK(ETPT_TPRX_DDG!$D$5),"",IF(ISERROR(ETPT_TPRX!W8),"",IF(ETPT_TPRX!W8=0,"",ETPT_TPRX!W8))) | X8: =IF(ISBLANK(ETPT_TPRX_DDG!$D$5),"",IF(ISERROR(ETPT_TPRX!X8),"",IF(ETPT_TPRX!X8=0,"",ETPT_TPRX!X8))) | Y8: =IF(ISBLANK(ETPT_TPRX_DDG!$D$5),"",IF(ISERROR(ETPT_TPRX!Y8),"",IF(ETPT_TPRX!Y8=0,"",ETPT_TPRX!Y8))) | Z8: =IF(ISBLANK(ETPT_TPRX_DDG!$D$5),"",IF(ISERROR(ETPT_TPRX!Z8),"",IF(ETPT_TPRX!Z8=0,"",ETPT_TPRX!Z8))) | AA8: =IF(ISBLANK(ETPT_TPRX_DDG!$D$5),"",IF(ISERROR(ETPT_TPRX!AA8),"",IF(ETPT_TPRX!AA8=0,"",ETPT_TPRX!AA8))) | AB8: =IF(ISBLANK(ETPT_TPRX_DDG!$D$5),"",IF(ISERROR(ETPT_TPRX!AB8),"",IF(ETPT_TPRX!AB8=0,"",ETPT_TPRX!AB8))) | AC8: =IF(ISBLANK(ETPT_TPRX_DDG!$D$5),"",IF(ISERROR(ETPT_TPRX!AC8),"",IF(ETPT_TPRX!AC8=0,"",ETPT_TPRX!AC8))) | AD8: =IF(ISBLANK(ETPT_TPRX_DDG!$D$5),"",IF(ISERROR(ETPT_TPRX!AD8),"",IF(ETPT_TPRX!AD8=0,"",ETPT_TPRX!AD8))) | AE8: =SUM(V8:AD8) -> 0 | AF8: =IF(ISBLANK(ETPT_TPRX_DDG!$D$5),"",IF(ISERROR(ETPT_TPRX!AF8),"",IF(ETPT_TPRX!AF8=0,"",ETPT_TPRX!AF8))) | AG8: =IF(ISBLANK(ETPT_TPRX_DDG!$D$5),"",IF(ISERROR(ETPT_TPRX!AG8),"",IF(ETPT_TPRX!AG8=0,"",ETPT_TPRX!AG8))) | AH8: =IF(ISBLANK(ETPT_TPRX_DDG!$D$5),"",IF(ISERROR(ETPT_TPRX!AH8),"",IF(ETPT_TPRX!AH8=0,"",ETPT_TPRX!AH8))) | AI8: =SUM(AF8:AH8) -> 0
A9: ETPT_TPRX | D9: =IF(ISBLANK($D$5),"",$D$5) | E9: 166-06-NC | F9: Action 6 - Soutien (Hors accueil du justiciable) | G9: =IF(ISBLANK(ETPT_TPRX_DDG!$D$5),"",IF(ISERROR(ETPT_TPRX!G9),"",IF(ETPT_TPRX!G9=0,"",ETPT_TPRX!G9))) | H9: =SUM(G9) -> 0 | I9: =IF(ISBLANK(ETPT_TPRX_DDG!$D$5),"",IF(ISERROR(ETPT_TPRX!I9),"",IF(ETPT_TPRX!I9=0,"",ETPT_TPRX!I9))) | J9: =IF(ISBLANK(ETPT_TPRX_DDG!$D$5),"",IF(ISERROR(ETPT_TPRX!J9),"",IF(ETPT_TPRX!J9=0,"",ETPT_TPRX!J9))) | K9: =IF(ISBLANK(ETPT_TPRX_DDG!$D$5),"",IF(ISERROR(ETPT_TPRX!K9),"",IF(ETPT_TPRX!K9=0,"",ETPT_TPRX!K9))) | L9: =IF(ISBLANK(ETPT_TPRX_DDG!$D$5),"",IF(ISERROR(ETPT_TPRX!L9),"",IF(ETPT_TPRX!L9=0,"",ETPT_TPRX!L9))) | M9: =IF(ISBLANK(ETPT_TPRX_DDG!$D$5),"",IF(ISERROR(ETPT_TPRX!M9),"",IF(ETPT_TPRX!M9=0,"",ETPT_TPRX!M9))) | N9: =IF(ISBLANK(ETPT_TPRX_DDG!$D$5),"",IF(ISERROR(ETPT_TPRX!N9),"",IF(ETPT_TPRX!N9=0,"",ETPT_TPRX!N9))) | O9: =IF(ISBLANK(ETPT_TPRX_DDG!$D$5),"",IF(ISERROR(ETPT_TPRX!O9),"",IF(ETPT_TPRX!O9=0,"",ETPT_TPRX!O9))) | P9: =IF(ISBLANK(ETPT_TPRX_DDG!$D$5),"",IF(ISERROR(ETPT_TPRX!P9),"",IF(ETPT_TPRX!P9=0,"",ETPT_TPRX!P9))) | ... R9: =IF(ISBLANK(ETPT_TPRX_DDG!$D$5),"",IF(ISERROR(ETPT_TPRX!R9),"",IF(ETPT_TPRX!R9=0,"",ETPT_TPRX!R9))) | S9: =SUM(I9:R9) -> 0 | T9: =IF(ISBLANK(ETPT_TPRX_DDG!$D$5),"",IF(ISERROR(ETPT_TPRX!T9),"",IF(ETPT_TPRX!T9=0,"",ETPT_TPRX!T9))) | U9: =SUM(T9) -> 0 | V9: =IF(ISBLANK(ETPT_TPRX_DDG!$D$5),"",IF(ISERROR(ETPT_TPRX!V9),"",IF(ETPT_TPRX!V9=0,"",ETPT_TPRX!V9))) | W9: =IF(ISBLANK(ETPT_TPRX_DDG!$D$5),"",IF(ISERROR(ETPT_TPRX!W9),"",IF(ETPT_TPRX!W9=0,"",ETPT_TPRX!W9))) | X9: =IF(ISBLANK(ETPT_TPRX_DDG!$D$5),"",IF(ISERROR(ETPT_TPRX!X9),"",IF(ETPT_TPRX!X9=0,"",ETPT_TPRX!X9))) | Y9: =IF(ISBLANK(ETPT_TPRX_DDG!$D$5),"",IF(ISERROR(ETPT_TPRX!Y9),"",IF(ETPT_TPRX!Y9=0,"",ETPT_TPRX!Y9))) | Z9: =IF(ISBLANK(ETPT_TPRX_DDG!$D$5),"",IF(ISERROR(ETPT_TPRX!Z9),"",IF(ETPT_TPRX!Z9=0,"",ETPT_TPRX!Z9))) | AA9: =IF(ISBLANK(ETPT_TPRX_DDG!$D$5),"",IF(ISERROR(ETPT_TPRX!AA9),"",IF(ETPT_TPRX!AA9=0,"",ETPT_TPRX!AA9))) | AB9: =IF(ISBLANK(ETPT_TPRX_DDG!$D$5),"",IF(ISERROR(ETPT_TPRX!AB9),"",IF(ETPT_TPRX!AB9=0,"",ETPT_TPRX!AB9))) | AC9: =IF(ISBLANK(ETPT_TPRX_DDG!$D$5),"",IF(ISERROR(ETPT_TPRX!AC9),"",IF(ETPT_TPRX!AC9=0,"",ETPT_TPRX!AC9))) | AD9: =IF(ISBLANK(ETPT_TPRX_DDG!$D$5),"",IF(ISERROR(ETPT_TPRX!AD9),"",IF(ETPT_TPRX!AD9=0,"",ETPT_TPRX!AD9))) | AE9: =SUM(V9:AD9) -> 0 | AF9: =IF(ISBLANK(ETPT_TPRX_DDG!$D$5),"",IF(ISERROR(ETPT_TPRX!AF9),"",IF(ETPT_TPRX!AF9=0,"",ETPT_TPRX!AF9))) | AG9: =IF(ISBLANK(ETPT_TPRX_DDG!$D$5),"",IF(ISERROR(ETPT_TPRX!AG9),"",IF(ETPT_TPRX!AG9=0,"",ETPT_TPRX!AG9))) | AH9: =IF(ISBLANK(ETPT_TPRX_DDG!$D$5),"",IF(ISERROR(ETPT_TPRX!AH9),"",IF(ETPT_TPRX!AH9=0,"",ETPT_TPRX!AH9))) | AI9: =SUM(AF9:AH9) -> 0
A10: ETPT_TPRX | D10: =IF(ISBLANK($D$5),"",$D$5) | E10: 166-07-NC | F10: Action 7 - Formation dispensée | G10: =IF(ISBLANK(ETPT_TPRX_DDG!$D$5),"",IF(ISERROR(ETPT_TPRX!G10),"",IF(ETPT_TPRX!G10=0,"",ETPT_TPRX!G10))) | H10: =SUM(G10) -> 0 | I10: =IF(ISBLANK(ETPT_TPRX_DDG!$D$5),"",IF(ISERROR(ETPT_TPRX!I10),"",IF(ETPT_TPRX!I10=0,"",ETPT_TPRX!I10))) | J10: =IF(ISBLANK(ETPT_TPRX_DDG!$D$5),"",IF(ISERROR(ETPT_TPRX!J10),"",IF(ETPT_TPRX!J10=0,"",ETPT_TPRX!J10))) | K10: =IF(ISBLANK(ETPT_TPRX_DDG!$D$5),"",IF(ISERROR(ETPT_TPRX!K10),"",IF(ETPT_TPRX!K10=0,"",ETPT_TPRX!K10))) | L10: =IF(ISBLANK(ETPT_TPRX_DDG!$D$5),"",IF(ISERROR(ETPT_TPRX!L10),"",IF(ETPT_TPRX!L10=0,"",ETPT_TPRX!L10))) | M10: =IF(ISBLANK(ETPT_TPRX_DDG!$D$5),"",IF(ISERROR(ETPT_TPRX!M10),"",IF(ETPT_TPRX!M10=0,"",ETPT_TPRX!M10))) | N10: =IF(ISBLANK(ETPT_TPRX_DDG!$D$5),"",IF(ISERROR(ETPT_TPRX!N10),"",IF(ETPT_TPRX!N10=0,"",ETPT_TPRX!N10))) | O10: =IF(ISBLANK(ETPT_TPRX_DDG!$D$5),"",IF(ISERROR(ETPT_TPRX!O10),"",IF(ETPT_TPRX!O10=0,"",ETPT_TPRX!O10))) | P10: =IF(ISBLANK(ETPT_TPRX_DDG!$D$5),"",IF(ISERROR(ETPT_TPRX!P10),"",IF(ETPT_TPRX!P10=0,"",ETPT_TPRX!P10))) | ... R10: =IF(ISBLANK(ETPT_TPRX_DDG!$D$5),"",IF(ISERROR(ETPT_TPRX!R10),"",IF(ETPT_TPRX!R10=0,"",ETPT_TPRX!R10))) | S10: =SUM(I10:R10) -> 0 | T10: =IF(ISBLANK(ETPT_TPRX_DDG!$D$5),"",IF(ISERROR(ETPT_TPRX!T10),"",IF(ETPT_TPRX!T10=0,"",ETPT_TPRX!T10))) | U10: =SUM(T10) -> 0 | V10: =IF(ISBLANK(ETPT_TPRX_DDG!$D$5),"",IF(ISERROR(ETPT_TPRX!V10),"",IF(ETPT_TPRX!V10=0,"",ETPT_TPRX!V10))) | W10: =IF(ISBLANK(ETPT_TPRX_DDG!$D$5),"",IF(ISERROR(ETPT_TPRX!W10),"",IF(ETPT_TPRX!W10=0,"",ETPT_TPRX!W10))) | X10: =IF(ISBLANK(ETPT_TPRX_DDG!$D$5),"",IF(ISERROR(ETPT_TPRX!X10),"",IF(ETPT_TPRX!X10=0,"",ETPT_TPRX!X10))) | Y10: =IF(ISBLANK(ETPT_TPRX_DDG!$D$5),"",IF(ISERROR(ETPT_TPRX!Y10),"",IF(ETPT_TPRX!Y10=0,"",ETPT_TPRX!Y10))) | Z10: =IF(ISBLANK(ETPT_TPRX_DDG!$D$5),"",IF(ISERROR(ETPT_TPRX!Z10),"",IF(ETPT_TPRX!Z10=0,"",ETPT_TPRX!Z10))) | AA10: =IF(ISBLANK(ETPT_TPRX_DDG!$D$5),"",IF(ISERROR(ETPT_TPRX!AA10),"",IF(ETPT_TPRX!AA10=0,"",ETPT_TPRX!AA10))) | AB10: =IF(ISBLANK(ETPT_TPRX_DDG!$D$5),"",IF(ISERROR(ETPT_TPRX!AB10),"",IF(ETPT_TPRX!AB10=0,"",ETPT_TPRX!AB10))) | AC10: =IF(ISBLANK(ETPT_TPRX_DDG!$D$5),"",IF(ISERROR(ETPT_TPRX!AC10),"",IF(ETPT_TPRX!AC10=0,"",ETPT_TPRX!AC10))) | AD10: =IF(ISBLANK(ETPT_TPRX_DDG!$D$5),"",IF(ISERROR(ETPT_TPRX!AD10),"",IF(ETPT_TPRX!AD10=0,"",ETPT_TPRX!AD10))) | AE10: =SUM(V10:AD10) -> 0 | AF10: =IF(ISBLANK(ETPT_TPRX_DDG!$D$5),"",IF(ISERROR(ETPT_TPRX!AF10),"",IF(ETPT_TPRX!AF10=0,"",ETPT_TPRX!AF10))) | AG10: =IF(ISBLANK(ETPT_TPRX_DDG!$D$5),"",IF(ISERROR(ETPT_TPRX!AG10),"",IF(ETPT_TPRX!AG10=0,"",ETPT_TPRX!AG10))) | AH10: =IF(ISBLANK(ETPT_TPRX_DDG!$D$5),"",IF(ISERROR(ETPT_TPRX!AH10),"",IF(ETPT_TPRX!AH10=0,"",ETPT_TPRX!AH10))) | AI10: =SUM(AF10:AH10) -> 0
A11: ETPT_TPRX | D11: =IF(ISBLANK($D$5),"",$D$5) | E11: 166-08-NC | F11: Action 8 - Support à l'accès au droit et à la justice | G11: =IF(ISBLANK(ETPT_TPRX_DDG!$D$5),"",IF(ISERROR(ETPT_TPRX!G11),"",IF(ETPT_TPRX!G11=0,"",ETPT_TPRX!G11))) | H11: =SUM(G11) -> 0 | I11: =IF(ISBLANK(ETPT_TPRX_DDG!$D$5),"",IF(ISERROR(ETPT_TPRX!I11),"",IF(ETPT_TPRX!I11=0,"",ETPT_TPRX!I11))) | J11: =IF(ISBLANK(ETPT_TPRX_DDG!$D$5),"",IF(ISERROR(ETPT_TPRX!J11),"",IF(ETPT_TPRX!J11=0,"",ETPT_TPRX!J11))) | K11: =IF(ISBLANK(ETPT_TPRX_DDG!$D$5),"",IF(ISERROR(ETPT_TPRX!K11),"",IF(ETPT_TPRX!K11=0,"",ETPT_TPRX!K11))) | L11: =IF(ISBLANK(ETPT_TPRX_DDG!$D$5),"",IF(ISERROR(ETPT_TPRX!L11),"",IF(ETPT_TPRX!L11=0,"",ETPT_TPRX!L11))) | M11: =IF(ISBLANK(ETPT_TPRX_DDG!$D$5),"",IF(ISERROR(ETPT_TPRX!M11),"",IF(ETPT_TPRX!M11=0,"",ETPT_TPRX!M11))) | N11: =IF(ISBLANK(ETPT_TPRX_DDG!$D$5),"",IF(ISERROR(ETPT_TPRX!N11),"",IF(ETPT_TPRX!N11=0,"",ETPT_TPRX!N11))) | O11: =IF(ISBLANK(ETPT_TPRX_DDG!$D$5),"",IF(ISERROR(ETPT_TPRX!O11),"",IF(ETPT_TPRX!O11=0,"",ETPT_TPRX!O11))) | P11: =IF(ISBLANK(ETPT_TPRX_DDG!$D$5),"",IF(ISERROR(ETPT_TPRX!P11),"",IF(ETPT_TPRX!P11=0,"",ETPT_TPRX!P11))) | ... R11: =IF(ISBLANK(ETPT_TPRX_DDG!$D$5),"",IF(ISERROR(ETPT_TPRX!R11),"",IF(ETPT_TPRX!R11=0,"",ETPT_TPRX!R11))) | S11: =SUM(I11:R11) -> 0 | T11: =IF(ISBLANK(ETPT_TPRX_DDG!$D$5),"",IF(ISERROR(ETPT_TPRX!T11),"",IF(ETPT_TPRX!T11=0,"",ETPT_TPRX!T11))) | U11: =SUM(T11) -> 0 | V11: =IF(ISBLANK(ETPT_TPRX_DDG!$D$5),"",IF(ISERROR(ETPT_TPRX!V11),"",IF(ETPT_TPRX!V11=0,"",ETPT_TPRX!V11))) | W11: =IF(ISBLANK(ETPT_TPRX_DDG!$D$5),"",IF(ISERROR(ETPT_TPRX!W11),"",IF(ETPT_TPRX!W11=0,"",ETPT_TPRX!W11))) | X11: =IF(ISBLANK(ETPT_TPRX_DDG!$D$5),"",IF(ISERROR(ETPT_TPRX!X11),"",IF(ETPT_TPRX!X11=0,"",ETPT_TPRX!X11))) | Y11: =IF(ISBLANK(ETPT_TPRX_DDG!$D$5),"",IF(ISERROR(ETPT_TPRX!Y11),"",IF(ETPT_TPRX!Y11=0,"",ETPT_TPRX!Y11))) | Z11: =IF(ISBLANK(ETPT_TPRX_DDG!$D$5),"",IF(ISERROR(ETPT_TPRX!Z11),"",IF(ETPT_TPRX!Z11=0,"",ETPT_TPRX!Z11))) | AA11: =IF(ISBLANK(ETPT_TPRX_DDG!$D$5),"",IF(ISERROR(ETPT_TPRX!AA11),"",IF(ETPT_TPRX!AA11=0,"",ETPT_TPRX!AA11))) | AB11: =IF(ISBLANK(ETPT_TPRX_DDG!$D$5),"",IF(ISERROR(ETPT_TPRX!AB11),"",IF(ETPT_TPRX!AB11=0,"",ETPT_TPRX!AB11))) | AC11: =IF(ISBLANK(ETPT_TPRX_DDG!$D$5),"",IF(ISERROR(ETPT_TPRX!AC11),"",IF(ETPT_TPRX!AC11=0,"",ETPT_TPRX!AC11))) | AD11: =IF(ISBLANK(ETPT_TPRX_DDG!$D$5),"",IF(ISERROR(ETPT_TPRX!AD11),"",IF(ETPT_TPRX!AD11=0,"",ETPT_TPRX!AD11))) | AE11: =SUM(V11:AD11) -> 0 | AF11: =IF(ISBLANK(ETPT_TPRX_DDG!$D$5),"",IF(ISERROR(ETPT_TPRX!AF11),"",IF(ETPT_TPRX!AF11=0,"",ETPT_TPRX!AF11))) | AG11: =IF(ISBLANK(ETPT_TPRX_DDG!$D$5),"",IF(ISERROR(ETPT_TPRX!AG11),"",IF(ETPT_TPRX!AG11=0,"",ETPT_TPRX!AG11))) | AH11: =IF(ISBLANK(ETPT_TPRX_DDG!$D$5),"",IF(ISERROR(ETPT_TPRX!AH11),"",IF(ETPT_TPRX!AH11=0,"",ETPT_TPRX!AH11))) | AI11: =SUM(AF11:AH11) -> 0
A12: ETPT_TPRX | D12: =IF(ISBLANK($D$5),"",$D$5) | E12: 166-99-NC | F12: Action 99 - Personnel concourant au programme - à reventiler | G12: =IF(ISBLANK(ETPT_TPRX_DDG!$D$5),"",IF(ISERROR(ETPT_TPRX!G12),"",IF(ETPT_TPRX!G12=0,"",ETPT_TPRX!G12))) | H12: =SUM(G12) -> 0 | I12: =IF(ISBLANK(ETPT_TPRX_DDG!$D$5),"",IF(ISERROR(ETPT_TPRX!I12),"",IF(ETPT_TPRX!I12=0,"",ETPT_TPRX!I12))) | J12: =IF(ISBLANK(ETPT_TPRX_DDG!$D$5),"",IF(ISERROR(ETPT_TPRX!J12),"",IF(ETPT_TPRX!J12=0,"",ETPT_TPRX!J12))) | K12: =IF(ISBLANK(ETPT_TPRX_DDG!$D$5),"",IF(ISERROR(ETPT_TPRX!K12),"",IF(ETPT_TPRX!K12=0,"",ETPT_TPRX!K12))) | L12: =IF(ISBLANK(ETPT_TPRX_DDG!$D$5),"",IF(ISERROR(ETPT_TPRX!L12),"",IF(ETPT_TPRX!L12=0,"",ETPT_TPRX!L12))) | M12: =IF(ISBLANK(ETPT_TPRX_DDG!$D$5),"",IF(ISERROR(ETPT_TPRX!M12),"",IF(ETPT_TPRX!M12=0,"",ETPT_TPRX!M12))) | N12: =IF(ISBLANK(ETPT_TPRX_DDG!$D$5),"",IF(ISERROR(ETPT_TPRX!N12),"",IF(ETPT_TPRX!N12=0,"",ETPT_TPRX!N12))) | O12: =IF(ISBLANK(ETPT_TPRX_DDG!$D$5),"",IF(ISERROR(ETPT_TPRX!O12),"",IF(ETPT_TPRX!O12=0,"",ETPT_TPRX!O12))) | P12: =IF(ISBLANK(ETPT_TPRX_DDG!$D$5),"",IF(ISERROR(ETPT_TPRX!P12),"",IF(ETPT_TPRX!P12=0,"",ETPT_TPRX!P12))) | ... R12: =IF(ISBLANK(ETPT_TPRX_DDG!$D$5),"",IF(ISERROR(ETPT_TPRX!R12),"",IF(ETPT_TPRX!R12=0,"",ETPT_TPRX!R12))) | S12: =SUM(I12:R12) -> 0 | T12: =IF(ISBLANK(ETPT_TPRX_DDG!$D$5),"",IF(ISERROR(ETPT_TPRX!T12),"",IF(ETPT_TPRX!T12=0,"",ETPT_TPRX!T12))) | U12: =SUM(T12) -> 0 | V12: =IF(ISBLANK(ETPT_TPRX_DDG!$D$5),"",IF(ISERROR(ETPT_TPRX!V12),"",IF(ETPT_TPRX!V12=0,"",ETPT_TPRX!V12))) | W12: =IF(ISBLANK(ETPT_TPRX_DDG!$D$5),"",IF(ISERROR(ETPT_TPRX!W12),"",IF(ETPT_TPRX!W12=0,"",ETPT_TPRX!W12))) | X12: =IF(ISBLANK(ETPT_TPRX_DDG!$D$5),"",IF(ISERROR(ETPT_TPRX!X12),"",IF(ETPT_TPRX!X12=0,"",ETPT_TPRX!X12))) | Y12: =IF(ISBLANK(ETPT_TPRX_DDG!$D$5),"",IF(ISERROR(ETPT_TPRX!Y12),"",IF(ETPT_TPRX!Y12=0,"",ETPT_TPRX!Y12))) | Z12: =IF(ISBLANK(ETPT_TPRX_DDG!$D$5),"",IF(ISERROR(ETPT_TPRX!Z12),"",IF(ETPT_TPRX!Z12=0,"",ETPT_TPRX!Z12))) | AA12: =IF(ISBLANK(ETPT_TPRX_DDG!$D$5),"",IF(ISERROR(ETPT_TPRX!AA12),"",IF(ETPT_TPRX!AA12=0,"",ETPT_TPRX!AA12))) | AB12: =IF(ISBLANK(ETPT_TPRX_DDG!$D$5),"",IF(ISERROR(ETPT_TPRX!AB12),"",IF(ETPT_TPRX!AB12=0,"",ETPT_TPRX!AB12))) | AC12: =IF(ISBLANK(ETPT_TPRX_DDG!$D$5),"",IF(ISERROR(ETPT_TPRX!AC12),"",IF(ETPT_TPRX!AC12=0,"",ETPT_TPRX!AC12))) | AD12: =IF(ISBLANK(ETPT_TPRX_DDG!$D$5),"",IF(ISERROR(ETPT_TPRX!AD12),"",IF(ETPT_TPRX!AD12=0,"",ETPT_TPRX!AD12))) | AE12: =SUM(V12:AD12) -> 0 | AF12: =IF(ISBLANK(ETPT_TPRX_DDG!$D$5),"",IF(ISERROR(ETPT_TPRX!AF12),"",IF(ETPT_TPRX!AF12=0,"",ETPT_TPRX!AF12))) | AG12: =IF(ISBLANK(ETPT_TPRX_DDG!$D$5),"",IF(ISERROR(ETPT_TPRX!AG12),"",IF(ETPT_TPRX!AG12=0,"",ETPT_TPRX!AG12))) | AH12: =IF(ISBLANK(ETPT_TPRX_DDG!$D$5),"",IF(ISERROR(ETPT_TPRX!AH12),"",IF(ETPT_TPRX!AH12=0,"",ETPT_TPRX!AH12))) | AI12: =SUM(AF12:AH12) -> 0
A13: ETPT_TPRX | D13: =IF(ISBLANK($D$5),"",$D$5) | E13: 166-NC-NC | F13: Etpt autres personnels à reventiler (dont droit local,commercial- rcs, mise à disposition) | G13: =IF(ISBLANK(ETPT_TPRX_DDG!$D$5),"",IF(ISERROR(ETPT_TPRX!G13),"",IF(ETPT_TPRX!G13=0,"",ETPT_TPRX!G13))) | H13: =SUM(G13) -> 0 | I13: =IF(ISBLANK(ETPT_TPRX_DDG!$D$5),"",IF(ISERROR(ETPT_TPRX!I13),"",IF(ETPT_TPRX!I13=0,"",ETPT_TPRX!I13))) | J13: =IF(ISBLANK(ETPT_TPRX_DDG!$D$5),"",IF(ISERROR(ETPT_TPRX!J13),"",IF(ETPT_TPRX!J13=0,"",ETPT_TPRX!J13))) | K13: =IF(ISBLANK(ETPT_TPRX_DDG!$D$5),"",IF(ISERROR(ETPT_TPRX!K13),"",IF(ETPT_TPRX!K13=0,"",ETPT_TPRX!K13))) | L13: =IF(ISBLANK(ETPT_TPRX_DDG!$D$5),"",IF(ISERROR(ETPT_TPRX!L13),"",IF(ETPT_TPRX!L13=0,"",ETPT_TPRX!L13))) | M13: =IF(ISBLANK(ETPT_TPRX_DDG!$D$5),"",IF(ISERROR(ETPT_TPRX!M13),"",IF(ETPT_TPRX!M13=0,"",ETPT_TPRX!M13))) | N13: =IF(ISBLANK(ETPT_TPRX_DDG!$D$5),"",IF(ISERROR(ETPT_TPRX!N13),"",IF(ETPT_TPRX!N13=0,"",ETPT_TPRX!N13))) | O13: =IF(ISBLANK(ETPT_TPRX_DDG!$D$5),"",IF(ISERROR(ETPT_TPRX!O13),"",IF(ETPT_TPRX!O13=0,"",ETPT_TPRX!O13))) | P13: =IF(ISBLANK(ETPT_TPRX_DDG!$D$5),"",IF(ISERROR(ETPT_TPRX!P13),"",IF(ETPT_TPRX!P13=0,"",ETPT_TPRX!P13))) | ... R13: =IF(ISBLANK(ETPT_TPRX_DDG!$D$5),"",IF(ISERROR(ETPT_TPRX!R13),"",IF(ETPT_TPRX!R13=0,"",ETPT_TPRX!R13))) | S13: =SUM(I13:R13) -> 0 | T13: =IF(ISBLANK(ETPT_TPRX_DDG!$D$5),"",IF(ISERROR(ETPT_TPRX!T13),"",IF(ETPT_TPRX!T13=0,"",ETPT_TPRX!T13))) | U13: =SUM(T13) -> 0 | V13: =IF(ISBLANK(ETPT_TPRX_DDG!$D$5),"",IF(ISERROR(ETPT_TPRX!V13),"",IF(ETPT_TPRX!V13=0,"",ETPT_TPRX!V13))) | W13: =IF(ISBLANK(ETPT_TPRX_DDG!$D$5),"",IF(ISERROR(ETPT_TPRX!W13),"",IF(ETPT_TPRX!W13=0,"",ETPT_TPRX!W13))) | X13: =IF(ISBLANK(ETPT_TPRX_DDG!$D$5),"",IF(ISERROR(ETPT_TPRX!X13),"",IF(ETPT_TPRX!X13=0,"",ETPT_TPRX!X13))) | Y13: =IF(ISBLANK(ETPT_TPRX_DDG!$D$5),"",IF(ISERROR(ETPT_TPRX!Y13),"",IF(ETPT_TPRX!Y13=0,"",ETPT_TPRX!Y13))) | Z13: =IF(ISBLANK(ETPT_TPRX_DDG!$D$5),"",IF(ISERROR(ETPT_TPRX!Z13),"",IF(ETPT_TPRX!Z13=0,"",ETPT_TPRX!Z13))) | AA13: =IF(ISBLANK(ETPT_TPRX_DDG!$D$5),"",IF(ISERROR(ETPT_TPRX!AA13),"",IF(ETPT_TPRX!AA13=0,"",ETPT_TPRX!AA13))) | AB13: =IF(ISBLANK(ETPT_TPRX_DDG!$D$5),"",IF(ISERROR(ETPT_TPRX!AB13),"",IF(ETPT_TPRX!AB13=0,"",ETPT_TPRX!AB13))) | AC13: =IF(ISBLANK(ETPT_TPRX_DDG!$D$5),"",IF(ISERROR(ETPT_TPRX!AC13),"",IF(ETPT_TPRX!AC13=0,"",ETPT_TPRX!AC13))) | AD13: =IF(ISBLANK(ETPT_TPRX_DDG!$D$5),"",IF(ISERROR(ETPT_TPRX!AD13),"",IF(ETPT_TPRX!AD13=0,"",ETPT_TPRX!AD13))) | AE13: =SUM(V13:AD13) -> 0 | AF13: =IF(ISBLANK(ETPT_TPRX_DDG!$D$5),"",IF(ISERROR(ETPT_TPRX!AF13),"",IF(ETPT_TPRX!AF13=0,"",ETPT_TPRX!AF13))) | AG13: =IF(ISBLANK(ETPT_TPRX_DDG!$D$5),"",IF(ISERROR(ETPT_TPRX!AG13),"",IF(ETPT_TPRX!AG13=0,"",ETPT_TPRX!AG13))) | AH13: =IF(ISBLANK(ETPT_TPRX_DDG!$D$5),"",IF(ISERROR(ETPT_TPRX!AH13),"",IF(ETPT_TPRX!AH13=0,"",ETPT_TPRX!AH13))) | AI13: =SUM(AF13:AH13) -> 0
A14: ETPT_TPRX | D14: =IF(ISBLANK($D$5),"",$D$5) | E14: 166-PA-NC | F14: Etpt placés additionnels | G14: =IF(ISBLANK(ETPT_TPRX_DDG!$D$5),"",IF(ISERROR(ETPT_TPRX!G14),"",IF(ETPT_TPRX!G14=0,"",ETPT_TPRX!G14))) | H14: =SUM(G14) -> 0 | I14: =IF(ISBLANK(ETPT_TPRX_DDG!$D$5),"",IF(ISERROR(ETPT_TPRX!I14),"",IF(ETPT_TPRX!I14=0,"",ETPT_TPRX!I14))) | J14: =IF(ISBLANK(ETPT_TPRX_DDG!$D$5),"",IF(ISERROR(ETPT_TPRX!J14),"",IF(ETPT_TPRX!J14=0,"",ETPT_TPRX!J14))) | K14: =IF(ISBLANK(ETPT_TPRX_DDG!$D$5),"",IF(ISERROR(ETPT_TPRX!K14),"",IF(ETPT_TPRX!K14=0,"",ETPT_TPRX!K14))) | L14: =IF(ISBLANK(ETPT_TPRX_DDG!$D$5),"",IF(ISERROR(ETPT_TPRX!L14),"",IF(ETPT_TPRX!L14=0,"",ETPT_TPRX!L14))) | M14: =IF(ISBLANK(ETPT_TPRX_DDG!$D$5),"",IF(ISERROR(ETPT_TPRX!M14),"",IF(ETPT_TPRX!M14=0,"",ETPT_TPRX!M14))) | N14: =IF(ISBLANK(ETPT_TPRX_DDG!$D$5),"",IF(ISERROR(ETPT_TPRX!N14),"",IF(ETPT_TPRX!N14=0,"",ETPT_TPRX!N14))) | O14: =IF(ISBLANK(ETPT_TPRX_DDG!$D$5),"",IF(ISERROR(ETPT_TPRX!O14),"",IF(ETPT_TPRX!O14=0,"",ETPT_TPRX!O14))) | P14: =IF(ISBLANK(ETPT_TPRX_DDG!$D$5),"",IF(ISERROR(ETPT_TPRX!P14),"",IF(ETPT_TPRX!P14=0,"",ETPT_TPRX!P14))) | ... R14: =IF(ISBLANK(ETPT_TPRX_DDG!$D$5),"",IF(ISERROR(ETPT_TPRX!R14),"",IF(ETPT_TPRX!R14=0,"",ETPT_TPRX!R14))) | S14: =SUM(I14:R14) -> 0 | T14: =IF(ISBLANK(ETPT_TPRX_DDG!$D$5),"",IF(ISERROR(ETPT_TPRX!T14),"",IF(ETPT_TPRX!T14=0,"",ETPT_TPRX!T14))) | U14: =SUM(T14) -> 0 | V14: =IF(ISBLANK(ETPT_TPRX_DDG!$D$5),"",IF(ISERROR(ETPT_TPRX!V14),"",IF(ETPT_TPRX!V14=0,"",ETPT_TPRX!V14))) | W14: =IF(ISBLANK(ETPT_TPRX_DDG!$D$5),"",IF(ISERROR(ETPT_TPRX!W14),"",IF(ETPT_TPRX!W14=0,"",ETPT_TPRX!W14))) | X14: =IF(ISBLANK(ETPT_TPRX_DDG!$D$5),"",IF(ISERROR(ETPT_TPRX!X14),"",IF(ETPT_TPRX!X14=0,"",ETPT_TPRX!X14))) | Y14: =IF(ISBLANK(ETPT_TPRX_DDG!$D$5),"",IF(ISERROR(ETPT_TPRX!Y14),"",IF(ETPT_TPRX!Y14=0,"",ETPT_TPRX!Y14))) | Z14: =IF(ISBLANK(ETPT_TPRX_DDG!$D$5),"",IF(ISERROR(ETPT_TPRX!Z14),"",IF(ETPT_TPRX!Z14=0,"",ETPT_TPRX!Z14))) | AA14: =IF(ISBLANK(ETPT_TPRX_DDG!$D$5),"",IF(ISERROR(ETPT_TPRX!AA14),"",IF(ETPT_TPRX!AA14=0,"",ETPT_TPRX!AA14))) | AB14: =IF(ISBLANK(ETPT_TPRX_DDG!$D$5),"",IF(ISERROR(ETPT_TPRX!AB14),"",IF(ETPT_TPRX!AB14=0,"",ETPT_TPRX!AB14))) | AC14: =IF(ISBLANK(ETPT_TPRX_DDG!$D$5),"",IF(ISERROR(ETPT_TPRX!AC14),"",IF(ETPT_TPRX!AC14=0,"",ETPT_TPRX!AC14))) | AD14: =IF(ISBLANK(ETPT_TPRX_DDG!$D$5),"",IF(ISERROR(ETPT_TPRX!AD14),"",IF(ETPT_TPRX!AD14=0,"",ETPT_TPRX!AD14))) | AE14: =SUM(V14:AD14) -> 0 | AF14: =IF(ISBLANK(ETPT_TPRX_DDG!$D$5),"",IF(ISERROR(ETPT_TPRX!AF14),"",IF(ETPT_TPRX!AF14=0,"",ETPT_TPRX!AF14))) | AG14: =IF(ISBLANK(ETPT_TPRX_DDG!$D$5),"",IF(ISERROR(ETPT_TPRX!AG14),"",IF(ETPT_TPRX!AG14=0,"",ETPT_TPRX!AG14))) | AH14: =IF(ISBLANK(ETPT_TPRX_DDG!$D$5),"",IF(ISERROR(ETPT_TPRX!AH14),"",IF(ETPT_TPRX!AH14=0,"",ETPT_TPRX!AH14))) | AI14: =SUM(AF14:AH14) -> 0
