Workbook
Name TJCPH: Juridictions!$J$1:$J$10

Sheet ACCUEIL
C1: Bienvenue dans l'extraction de vos données d'effectifs ! | H1: #! END_ROW
C2: Ce fichier Excel a été extrait automatiquement de votre application A-JUST. Retrouvez ci-dessous quelques indications pour y naviguer en toute fluidité. | H2: #! END_ROW
H3: #! END_ROW
B4: Nom de l'onglet | C4: Description rapide | D4: Usage | E4: Pour une présentation complète | H4: #! END_ROW
B5: ETPT A-JUST | C5: Retrouvez le détail des ventilations individuelles de chaque agent, agrégées sur la période pour laquelle vous avez extrait les données, à l'identique de ce que vous avez renseigné dans A-JUST. | D5: Tout au long de l'année, consultez le détail des affectations de chaque agent, calculées en ETPT, pour la période choisie. | E5: #! HYPERLINK firstLink.label firstLink.url | H5: #! END_ROW
B6: ETPT Format DDG | C6: Vous y trouverez les données individuelles, retraitées conformément aux règles de calcul de la Chancellerie, en procédant à la réintégration de certaines indisponibilités considérées comme de l'absentéisme, ne déduisant pas d'ETPT. | D6: Afin de préparer la collecte de vos ETPT dans les matrices de la DSJ certaines précisions doivent être apportées dans cet onglet. | E6: #! HYPERLINK secondLink.label secondLink.url | H6: #! END_ROW
B7: Synthèse ETPT | C7: Pour chaque juridiction de l'arrondissement judiciaire, cette synthèse présente les ETPT affectés, par catégorie d'agent, à chaque contentieux ou sous-contentieux, l'absentéisme étant réintégré comme dans l'onglet "ETPT Format DDG". | D7: N'hésitez pas à la consulter toute l'année, pour les périodes de votre choix. | E7: #! HYPERLINK firstLink.label firstLink.url | H7: #! END_ROW
B8: ETPT_TJ_DDG | C8: Les tableaux de la Chancellerie, préremplis grâce aux informations saisies dans A-JUST et aux précisions apportées dans l'onglet ETPT Format DDG. Pour les Tribunaux de proximité et CPH, sélectionnez la juridiction dans la cellule D5 et vos tableaux seront prêts ! | D8: Ces données sont prérenseignées dans les tableaux de collecte des ETPT de la Chancellerie mais restent soumises à votre contrôle et éventuels ajustements avant transmission. | E8: #! HYPERLINK thirdLink.label thirdLink.url | H8: #! END_ROW
B9: ETPT_TPRX-DDG | H9: #! END_ROW
B10: ETPT_CPH_DDG | H10: #! END_ROW
B11: ETPT_ATTACHES_JUSTICE_DDG | H11: #! END_ROW
H12: #! END_ROW
C13: Ce fichier, permettant de remplir automatiquement les tableaux de collecte d'ETPT de la Chancellerie à partir des données A-JUST, résulte de la collaboration de l'équipe de la start-up d'Etat A-JUST avec Mme Nathalie DE JONG, statisticienne du SAIR de la Cour d'Appel de LYON. Qu'elle soit ici vivement remerciée, ainsi que sa hiérarchie qui l'a autorisée à consacrer un temps aussi précieux qu'irremplaçable à écrire les formules de calcul permettant d'automatiser l'alimentation des tableaux DDG et faire ainsi gagner à nos utilisateurs un temps considérable chaque année. | H13: #! END_ROW
H14: #! END_ROW
A15: Pour toute question, n'hésitez pas à contacter l'équipe A-JUST : support-utilisateurs@a-just.fr | H15: #! END_ROW
H16: #! FINISH

Sheet ETPT A-JUST
A1: Extracteur de données d'effectifs | G1: #! DUMP_COLS subtitles | H1: #! END_ROW
A2: #! DUMP_COLS days | B2: #! FOR_EACH w stats
A3: #! DUMP_COLS w.actions | B3: #! CONTINUE w
A4: #! DUMP_COLS w.actions | B4: #! END_LOOP w
B5: #! FINISH

Sheet ETPT Format DDG
D1: Extracteur de données d'effectifs - Format DDG (avec réintégration de l'absentéisme) Les lignes en rouge invitent à des vérifications dans les colonnes R, S et T. Veillez à ne pas supprimer de ligne dans le tableau. | R1: #! DUMP_COLS subtitles1 | S1: #! END_ROW
A2: #! DUMP_COLS days1 | B2: #! FOR_EACH x stats1
A3: #! DUMP_COLS x.actions | B3: #! END_LOOP x
B4: #! FINISH

Sheet Synthèse ETPT
A1: Synthèse ETPT | C1: Agrégats DDG | W1: #! END_ROW
A2: Selectionner une juridiction | B2: Code | C2: #! END_ROW
A3: #` ${arrondissement} | B3: =VLOOKUP(A3,#REF!,2,FALSE) -> #REF! | C3: #! END_ROW | D3: Les lignes à fond rouge invitent à des vérifications lors de l'établissement des tableaux de collecte pour les DDG. Pour plus d'informations sur les agents concernés, se référer à l'onglet ETPT Format DDG.
G4: SIEGE | N4: GREFFE | U4: EQUIPE AUTOUR DU MAGISTRAT | X4: #! END_ROW
G5: Magistrats hors placés | H5: %age de l'ETPT | I5: Magistrats placés additionnels | J5: Magistrats placés de substitution | K5: Contractuels et vacataires | L5: TOTAL SIEGE | M5: %age de l'ETPT | N5: Fonctionnaires hors placés | O5: %age de l'ETPT | P5: Fonctionnaires placés additionnels | Q5: Fonctionnaires placés de substitution | R5: Contractuels et vacataires | S5: TOTAL GREFFE | T5: %age de l'ETPT | U5: Contractuels et vacataires | V5: %age de l'ETPT | W5: #! FOR_EACH y agregat
C6: ## y.global | D6: ## y.global1 | E6: ## y.sub | F6: ## y.sub1 | G6: =SUMIFS( INDEX('ETPT Format DDG'!$A:$ZZ,,IFERROR(MATCH(E6,'ETPT Format DDG'!$2:$2,0),MATCH(C6,'ETPT Format DDG'!$2:$2,0))), INDEX( 'ETPT Format DDG'!$A:$ZZ,,MATCH("Fonction agrégat",'ETPT Format DDG'!2:2,0)),"M-TIT", INDEX( 'ETPT Format DDG'!$A:$ZZ,,MATCH("Juridiction",'ETPT Format DDG'!2:2,0)),$A$3) -> #N/A | H6: =IF(AND(OR(LEFT(C6,3)="12.",LEFT(E6,3)="12.",LEFT(E6,5)="CET >",IFERROR(G6/$G$6,"")=0),NOT(AND(LEFT(E6,4)="12.8",IFERROR(G6/$G$6,"")<>0)),NOT(AND(LEFT(E6,5)="12.31",IFERROR(G6/$G$6,"")<>0)),NOT(AND(LEFT(E6,5)="12.32",IFERROR(G6/$G$6,"")<>0))),"", IFERROR(G6/$G$6,"")) | I6: =SUMIFS( INDEX('ETPT Format DDG'!$A:$ZZ,,IFERROR(MATCH(E6,'ETPT Format DDG'!$2:$2,0),MATCH(C6,'ETPT Format DDG'!$2:$2,0))), INDEX( 'ETPT Format DDG'!$A:$ZZ,,MATCH("Fonction agrégat",'ETPT Format DDG'!2:2,0)),"M-PLAC-ADD", INDEX( 'ETPT Format DDG'!$A:$ZZ,,MATCH("Juridiction",'ETPT Format DDG'!2:2,0)),$A$3) -> #N/A | J6: =SUMIFS( INDEX('ETPT Format DDG'!$A:$ZZ,,IFERROR(MATCH(E6,'ETPT Format DDG'!$2:$2,0),MATCH(C6,'ETPT Format DDG'!$2:$2,0))), INDEX( 'ETPT Format DDG'!$A:$ZZ,,MATCH("Fonction agrégat",'ETPT Format DDG'!2:2,0)),"M-PLAC-SUB", INDEX( 'ETPT Format DDG'!$A:$ZZ,,MATCH("Juridiction",'ETPT Format DDG'!2:2,0)),$A$3) -> #N/A | K6: =SUMIFS( INDEX('ETPT Format DDG'!$A:$ZZ,,IFERROR(MATCH(E6,'ETPT Format DDG'!$2:$2,0),MATCH(C6,'ETPT Format DDG'!$2:$2,0))), INDEX( 'ETPT Format DDG'!$A:$ZZ,,MATCH("Fonction agrégat",'ETPT Format DDG'!2:2,0)),"M-CONT", INDEX( 'ETPT Format DDG'!$A:$ZZ,,MATCH("Juridiction",'ETPT Format DDG'!2:2,0)),$A$3, INDEX( 'ETPT Format DDG'!$A:$ZZ,,MATCH("Catégorie",'ETPT Format DDG'!2:2,0)),"Magistrat") -> #N/A | L6: =SUMIFS( INDEX('ETPT Format DDG'!$A:$ZZ,,IFERROR(MATCH(E6,'ETPT Format DDG'!$2:$2,0),MATCH(C6,'ETPT Format DDG'!$2:$2,0))), INDEX( 'ETPT Format DDG'!$A:$ZZ,,MATCH("Juridiction",'ETPT Format DDG'!2:2,0)),$A$3, INDEX( 'ETPT Format DDG'!$A:$ZZ,,MATCH("Catégorie",'ETPT Format DDG'!2:2,0)),"Magistrat") -> #N/A | M6: =IF(AND(OR(LEFT(C6,3)="12.",LEFT(E6,3)="12.",LEFT(E6,5)="CET >", IFERROR(L6/$L$6,"")=0),NOT(AND(LEFT(E6,4)="12.8",IFERROR(G6/$G$6,"")<>0)),NOT(AND(LEFT(E6,5)="12.31",IFERROR(L6/$G$6,"")<>0)),NOT(AND(LEFT(E6,5)="12.32",IFERROR(L6/$G$6,"")<>0))),"", IFERROR(L6/$L$6,"")) | N6: =SUMIFS( INDEX('ETPT Format DDG'!$A:$ZZ,,IFERROR(MATCH(E6,'ETPT Format DDG'!$2:$2,0),MATCH(C6,'ETPT Format DDG'!$2:$2,0))), INDEX( 'ETPT Format DDG'!$A:$ZZ,,MATCH("Fonction agrégat",'ETPT Format DDG'!2:2,0)),"F-TIT", INDEX( 'ETPT Format DDG'!$A:$ZZ,,MATCH("Juridiction",'ETPT Format DDG'!2:2,0)),$A$3) -> #N/A | O6: =IF(AND(OR(LEFT(C6,3)="12.",LEFT(E6,3)="12.",LEFT(E6,5)="CET >",IFERROR(N6/$N$6,"")=0),NOT(AND(LEFT(E6,4)="12.8",IFERROR(G6/$G$6,"")<>0)),NOT(AND(LEFT(E6,5)="12.31",IFERROR(N6/$G$6,"")<>0)),NOT(AND(LEFT(E6,5)="12.32",IFERROR(N6/$G$6,"")<>0))),"",IFERROR(N6/$N$6,"")) | P6: =SUMIFS( INDEX('ETPT Format DDG'!$A:$FB,,IFERROR(MATCH(E6,'ETPT Format DDG'!$2:$2,0),MATCH(C6,'ETPT Format DDG'!$2:$2,0))), INDEX( 'ETPT Format DDG'!$A:$ZZ,,MATCH("Fonction agrégat",'ETPT Format DDG'!2:2,0)),"F-PLAC-ADD", INDEX( 'ETPT Format DDG'!$A:$ZZ,,MATCH("Juridiction",'ETPT Format DDG'!2:2,0)),$A$3) -> #N/A | Q6: =SUMIFS( INDEX('ETPT Format DDG'!$A:$FB,,IFERROR(MATCH(E6,'ETPT Format DDG'!$2:$2,0),MATCH(C6,'ETPT Format DDG'!$2:$2,0))), INDEX( 'ETPT Format DDG'!$A:$ZZ,,MATCH("Fonction agrégat",'ETPT Format DDG'!2:2,0)),"F-PLAC-SUB", INDEX( 'ETPT Format DDG'!$A:$ZZ,,MATCH("Juridiction",'ETPT Format DDG'!2:2,0)),$A$3) -> #N/A | R6: =SUMIFS( INDEX('ETPT Format DDG'!$A:$FB,,IFERROR(MATCH(E6,'ETPT Format DDG'!$2:$2,0),MATCH(C6,'ETPT Format DDG'!$2:$2,0))), INDEX( 'ETPT Format DDG'!$A:$ZZ,,MATCH("Fonction agrégat",'ETPT Format DDG'!2:2,0)),"C", 'ETPT Format DDG'!$H:$H,"Greffe", INDEX( 'ETPT Format DDG'!$A:$ZZ,,MATCH("Juridiction",'ETPT Format DDG'!2:2,0)),$A$3) -> #N/A | S6: =SUMIFS( INDEX('ETPT Format DDG'!$A:$FB,,IFERROR(MATCH(E6,'ETPT Format DDG'!$2:$2,0),MATCH(C6,'ETPT Format DDG'!$2:$2,0))), INDEX( 'ETPT Format DDG'!$A:$ZZ,,MATCH("Catégorie",'ETPT Format DDG'!2:2,0)),"Greffe", INDEX( 'ETPT Format DDG'!$A:$ZZ,,MATCH("Juridiction",'ETPT Format DDG'!2:2,0)),$A$3) -> #N/A | T6: =IF(AND(OR(LEFT(C6,3)="12.",LEFT(E6,3)="12.",LEFT(E6,5)="CET >",IFERROR(S6/$S$6,"")=0),NOT(AND(LEFT(E6,4)="12.8",IFERROR(G6/$G$6,"")<>0)),NOT(AND(LEFT(E6,5)="12.31",IFERROR(S6/$G$6,"")<>0)),NOT(AND(LEFT(E6,5)="12.32",IFERROR(S6/$G$6,"")<>0))),"", IFERROR(S6/$S$6,"")) | U6: =SUMIFS( INDEX('ETPT Format DDG'!$A:$FB,,IFERROR(MATCH(E6,'ETPT Format DDG'!$2:$2,0),MATCH(C6,'ETPT Format DDG'!$2:$2,0))), INDEX( 'ETPT Format DDG'!$A:$ZZ,,MATCH("Fonction agrégat",'ETPT Format DDG'!2:2,0)),"C", INDEX( 'ETPT Format DDG'!$A:$ZZ,,MATCH("Juridiction",'ETPT Format DDG'!2:2,0)),$A$3, INDEX( 'ETPT Format DDG'!$A:$ZZ,,MATCH("Catégorie",'ETPT Format DDG'!2:2,0)),"Autour du magistrat") -> #N/A | V6: =IF(AND(OR(LEFT(C6,3)="12.",LEFT(E6,3)="12.",LEFT(E6,5)="CET >",IFERROR(U6/$U$6,"")=0),NOT(AND(LEFT(E6,4)="12.8",IFERROR(G6/$G$6,"")<>0)),NOT(AND(LEFT(E6,5)="12.31",IFERROR(U6/$G$6,"")<>0)),NOT(AND(LEFT(E6,5)="12.32",IFERROR(U6/$G$6,"")<>0))),"", IFERROR(U6/$U$6,"")) | W6: #! END_LOOP y
W7: #! FINISH

Sheet Table_Fonctions
A1: CONCAT | B1: Catégorie | C1: Label | D1: Position | E1: Code | F1: Fonction recodée DDG | G1: Fonction onglet agrégat | H1: #! FOR_EACH f fonctions
A2: ## f.CONCAT | B2: ## f.category_label | C2: ## f.label | D2: ## f.position | E2: ## f.code | F2: ## f.recodedFunction | G2: ## f.category_detail | H2: #! END_LOOP f
H3: #! FINISH

Sheet ETPT Format DDG DETAIL
A1: Réf. | B1: Nom/Prénom/Matricule | C1: Catégorie | D1: Date d'arrivée | E1: Date de départ | G1: Date de début du segment | H1: Date de fin du segment | I1: Nombre jour ouvré sur période total extaction | J1: Nombre jour ouvré segment | K1: Ratio Jour : Nb jour ouvré segment / Nb jour ouvré total | L1: Temps de travail en ETPT saisie | M1: Valeur de l'ETPT sur période total d'extraction (ETPT saisi x Ratio Jour) | N1: Indisponibilité saisie | O1: Valeur de l'indisponibilité sur la période total d'extraction (Indisponibilité saisie en%/100 x Ratio Jour) | P1: Nb jour ouvré CET sur toute la période d'extraction | Q1: Valeur de l'absentéisme | R1: Valeur de l'action 99 | S1: ETPT effectif sur la période total (ETPT- action 99 + absentéisme) x Ratio Jour | T1: ETPT global sur la période (incluant absentéisme et action 99) | U1: ETPT ventilé | V1: Détails de la ventilation (arrondi au millième) : | W1: #! FOR_EACH log ongletLogs
A2: ## log.id | B2: ## log.name | C2: ## log.category | D2: ## log.humanStart | E2: ## log.humanEnd | F2: ## log.main | G2: ## log.periodStart | H2: ## log.periodEnd | I2: ## log.nbOfWorkingDaysQuery | J2: ## log.workingDays | K2: ## log.dayRate | L2: ## log.filledEtp | M2: ## log.queryEtpValue | N2: ## log.totalIndispo | O2: ## log.queryIndispoValue | P2: ## log.cetDays | Q2: ## log.abs | R2: ## log.action99 | S2: ## log.effectifEtp | T2: ## log.etptGlobal | U2: ## log.logAccVentilation | V2: ## log.ctx | W2: #! END_LOOP log
W3: #! FINISH

Sheet ETPT_TJ
B1: DÉCLARATION ETPT TJ
G2: CTECH | H2: Total fonctionnaires techniques | I2: A-B-CBUR | J2: A-B-CBUR | K2: A-B-CBUR | L2: A-B-CBUR | M2: A-B-CBUR | N2: A-B-CBUR | O2: A-B-CBUR | P2: A-B-CBUR | Q2: A-B-CBUR | R2: A-B-CBUR | S2: A-B-CBUR | T2: A-B-CBUR | U2: A-B-CBUR | V2: A-B-CBUR | W2: Total fonctionnaires administratifs | X2: SIEGE S | Y2: SIEGE S | Z2: SIEGE S | AA2: SIEGE S | AB2: SIEGE S | AC2: SIEGE S | AD2: SIEGE S | AE2: SIEGE S | AF2: SIEGE S | AG2: Total magistrats du siège spécialisés | AH2: SIEGE NS | AI2: SIEGE NS | AJ2: SIEGE NS | AK2: SIEGE NS | AL2: SIEGE NS | AM2: SIEGE NS | AN2: SIEGE NS | AO2: SIEGE NS | AP2: SIEGE NS | AQ2: SIEGE NS | AR2: SIEGE NS | AS2: SIEGE NS | AT2: SIEGE NS | AU2: SIEGE NS | AV2: Total magistrats du siège non spécialisés | AW2: PRQT | AX2: PRQT | AY2: PRQT | AZ2: PRQT | BA2: PRQT | BB2: PRQT | BC2: PRQT | BD2: PRQT | BE2: PRQT | BF2: Total magistrats du parquet
G3: FONCTIONNAIRES_C_TECHNIQUES_SPEC | I3: FONCTIONNAIRES_ACTIVITE_CIV_PRQT | J3: FONCTIONNAIRES_BEX_APP | K3: FONCTIONNAIRES_ASSISES | L3: FONC_COUR_CRIM | M3: FONCTIONNAIRES_JIRS_ECOFI | N3: FONCTIONNAIRES_JIRS_CRIMO | O3: FONCTIONNAIRES_JIRS_SS | P3: FONC_TJ_TUT_MAJ | Q3: FONC_TJ_SURENDETTEMENT | S3: FONC_TJ_IP_SR | T3: FONC_CTX_GEN_INF_DIX_MIL | U3: FONC_P_SOC | V3: FONCTIONNAIRES_HORS_FONCT_SPEC | X3: JCP_TJ_TUT_MAJ | Y3: JCP_TJ_SURENDETTEMENT | Z3: J_INSTRUCTION | AA3: J_INSTRUCTION_JIRS_ECOFI | AB3: J_INSTRUCTION_JIRS_CRIMO | AC3: J_INSTRUCTION_JIRS_SS | AD3: JAP | AE3: JE | AF3: JLD_JNS | AH3: MAG_SIEGE_ASSISES | AI3: JNS_COUR_CRIM | AJ3: MAG_SIEGE_JIRS_ECOFI | AK3: MAG_SIEGE_JIRS_CRIMO | AL3: MAG_SIEGE_JIRS_SS | AM3: MAG_SIEGE_CONTRAV | AN3: TI_ACT_J_DEPARTITEUR | AO3: JUGE_CTX_GEN_INF_DIX_MIL | AP3: JUGE_TJ_IP_SR | AQ3: JUGE_TASS_JNS | AR3: JAF_JNS | AS3: J_SPEC_ACT_NON_SPEC | AU3: AUTRES_JNS | AW3: PARQUET_ACTIVITE_CIV_COM | AX3: PARQUET_EXE_APP_PEINES | AY3: PARQUET_JIRS_ECOFI | AZ3: PARQUET_JIRS_CRIMO | BA3: PARQUET_JIRS_SS | BB3: PARQUET_ASSISES | BC3: PQT_COUR_CRIM | BD3: PARQUET_TI | BE3: AUTRES_PARQUET
B4: UO | C4: Code de la juridiction | D4: Juridiction | E4: Code sous action | F4: Action | G4: Fonctionnaires Catégorie C Technique spécialisés | I4: Fonctionnaires activité civile et commerciale du parquet | J4: Fonctionnaires exécution des peines | K4: Fonctionnaires Assises | L4: Fonctionnaires Cour criminelle | M4: Fonctionnaires JIRS éco-fi | N4: Fonctionnaires JIRS crim-org | O4: Fonctionnaires sections spécialisées | P4: Fonctionnaires TJ Tutelles majeurs | Q4: Fonctionnaires TJ au surendettement et au hors surendettement | R4: Fonctionnaires affectés aux fonctions JI, JE, JAP, JLD (pénal uniquement) | S4: Fonctionnaires TJ IP_Saisies Rém | T4: Fonctionnaires TJ Contentieux général < 10 000 EUR | U4: Fonctionnaires affectés aux pôles sociaux | V4: Fonctionnaires hors fonctions spécifiques | X4: JCP TJ Tutelles majeurs | Y4: JCP TJ surendettement et hors surendettement | Z4: Juges Instruction - service général | AA4: Juges Instruction JIRS éco-fi | AB4: Juges Instruction JIRS crim-org | AC4: Juges Instruction sections spécialisées | AD4: JAP | AE4: Juges des Enfants | AF4: JLD (pénal uniquement) | AH4: Magistrats du Siège assises | AI4: Magistrats du siège Cour criminelle | AJ4: Magistrat du siège JIRS éco-fi | AK4: Magistrat du siège JIRS crim-org | AL4: Magistrat du siège sections spécialisées | AM4: Magistrats du Siège activité contraventionnelle | AN4: Magistrats activité juge départiteur | AO4: Juges TJ Contentieux général < 10 000 EUR | AP4: Juges TJ IP et Saisies Rém | AQ4: Juges du Pôle social | AR4: JAF | AS4: Activités non spécialisés des juges spécialisés | AT4: JNS - HO - CRA - Contention (ex JLD civil) | AU4: Autres Magistrats du Siège non spécialisés | AW4: Magistrats du Parquet - activité civile et commerciale | AX4: Magistrats du Parquet - exécution et appl. des peines | AY4: Magistrats du Parquet JIRS éco-fi | AZ4: Magistrats du Parquet JIRS crim-org | BA4: Magistrats du Parquet JIRS sections spécialisées | BB4: Magistrats du Parquet assises | BC4: Magistrats du Parquet Cour criminelle | BD4: Magistrats du Parquet - activité contraventionnelle | BE4: Autres Magistrats du Parquet
A5: ETPT_TJ | D5: =IF(ETPT_TJ_DDG!$D$5="","",ETPT_TJ_DDG!$D$5) | E5: 166-01-NC | F5: Action 1 - Traitement et jugement des contentieux civils | G5: =SUM(SUMIFS( INDEX( 'ETPT Format DDG'!$A:$ZZ,,MATCH("1. TOTAL CONTENTIEUX SOCIAL",'ETPT Format DDG'!2:2,0)), INDEX( 'ETPT Format DDG'!$A:$ZZ,,MATCH("Fonction recodée",'ETPT Format DDG'!2:2,0)),"Fonctionnaire CTECH", INDEX( 'ETPT Format DDG'!$A:$ZZ,,MATCH("TJCPH",'ETPT Format DDG'!2:2,0)),"OUI"))+ SUM(SUMIFS( INDEX( 'ETPT Format DDG'!$A:$ZZ,,MATCH("2. TOTAL CONTENTIEUX JAF",'ETPT Format DDG'!2:2,0)), INDEX( 'ETPT Format DDG'!$A:$ZZ,,MATCH("Fonction recodée",'ETPT Format DDG'!2:2,0)),"Fonctionnaire CTECH", INDEX( 'ETPT Format DDG'!$A:$ZZ,,MATCH("TJCPH",'ETPT Format DDG'!2:2,0)),"OUI"))+ SUM(SUMIFS( INDEX( 'ETPT Format DDG'!$A:$ZZ,,MATCH("3. TOTAL CONTENTIEUX DE LA PROTECTION",'ETPT Format DDG'!2:2,0)), INDEX( 'ETPT Format DDG'!$A:$ZZ,,MATCH("Fonction recodée",'ETPT Format DDG'!2:2,0)),"Fonctionnaire CTECH", INDEX( 'ETPT Format DDG'!$A:$ZZ,,MATCH("TJCPH",'ETPT Format DDG'!2:2,0)),"OUI"))+ SUM(SUMIFS( INDEX( 'ETPT Format DDG'!$A:$ZZ,,MATCH("4. TOTAL CIVIL NON SPÉCIALISÉ",'ETPT Format DDG'!2:2,0)), INDEX( 'ETPT Format DDG'!$A:$ZZ,,MATCH("Fonction recodée",'ETPT Format DDG'!2:2,0)),"Fonctionnaire CTECH", INDEX( 'ETPT Format DDG'!$A:$ZZ,,MATCH("TJCPH",'ETPT Format DDG'!2:2,0)),"OUI"))+ SUM(SUMIFS( INDEX( 'ETPT Format DDG'!$A:$ZZ,,MATCH("5. TOTAL JLD CIVIL",'ETPT Format DDG'!2:2,0)), INDEX( 'ETPT Format DDG'!$A:$ZZ,,MATCH("Fonction recodée",'ETPT Format DDG'!2:2,0)),"Fonctionnaire CTECH", INDEX( 'ETPT Format DDG'!$A:$ZZ,,MATCH("TJCPH",'ETPT Format DDG'!2:2,0)),"OUI"))+ SUM(SUMIFS( INDEX( 'ETPT Format DDG'!$A:$ZZ,,MATCH("6.1. ACTIVITÉ CIVILE",'ETPT Format DDG'!2:2,0)), INDEX( 'ETPT Format DDG'!$A:$ZZ,,MATCH("Fonction recodée",'ETPT Format DDG'!2:2,0)),"Fonctionnaire CTECH", INDEX( 'ETPT Format DDG'!$A:$ZZ,,MATCH("TJCPH",'ETPT Format DDG'!2:2,0)),"OUI"))+ SUM(SUMIFS( INDEX( 'ETPT Format DDG'!$A:$ZZ,,MATCH("11.7. FONCTIONNAIRES AFFECTÉS AU CPH",'ETPT Format DDG'!2:2,0)), INDEX( 'ETPT Format DDG'!$A:$ZZ,,MATCH("Fonction recodée",'ETPT Format DDG'!2:2,0)),"Fonctionnaire CTECH", INDEX( 'ETPT Format DDG'!$A:$ZZ,,MATCH("TJCPH",'ETPT Format DDG'!2:2,0)),"OUI"))+ SUM(SUMIFS( INDEX( 'ETPT Format DDG'!$A:$ZZ,,MATCH("11.8. FONCTIONNAIRES AFFECTÉS AUX ACTIVITÉS CIVILES ET COMMERCIALES DU PARQUET",'ETPT Format DDG'!2:2,0)), INDEX( 'ETPT Format DDG'!$A:$ZZ,,MATCH("Fonction recodée",'ETPT Format DDG'!2:2,0)),"Fonctionnaire CTECH", INDEX( 'ETPT Format DDG'!$A:$ZZ,,MATCH("TJCPH",'ETPT Format DDG'!2:2,0)),"OUI")) -> #N/A | H5: =_xlfn.AGGREGATE(9,6,G5) -> 0 | I5: =SUM(SUMIFS( INDEX( 'ETPT Format DDG'!$A:$ZZ,,MATCH("11.8. FONCTIONNAIRES AFFECTÉS AUX ACTIVITÉS CIVILES ET COMMERCIALES DU PARQUET",'ETPT Format DDG'!2:2,0)), INDEX( 'ETPT Format DDG'!$A:$ZZ,,MATCH("Fonction recodée",'ETPT Format DDG'!2:2,0)),"Fonctionnaire A-B-CBUR", INDEX( 'ETPT Format DDG'!$A:$ZZ,,MATCH("TJCPH",'ETPT Format DDG'!2:2,0)),"OUI")) -> #N/A | P5: =SUM(SUMIFS( INDEX( 'ETPT Format DDG'!$A:$ZZ,,MATCH("3.2. PROTECTION DES MAJEURS",'ETPT Format DDG'!2:2,0)), INDEX( 'ETPT Format DDG'!$A:$ZZ,,MATCH("Fonction recodée",'ETPT Format DDG'!2:2,0)),"Fonctionnaire A-B-CBUR", INDEX( 'ETPT Format DDG'!$A:$ZZ,,MATCH("TJCPH",'ETPT Format DDG'!2:2,0)),"OUI")) -> #N/A | Q5: =SUM(SUMIFS( INDEX( 'ETPT Format DDG'!$A:$ZZ,,MATCH("3. TOTAL CONTENTIEUX DE LA PROTECTION",'ETPT Format DDG'!2:2,0)), INDEX( 'ETPT Format DDG'!$A:$ZZ,,MATCH("Fonction recodée",'ETPT Format DDG'!2:2,0)),"Fonctionnaire A-B-CBUR", INDEX( 'ETPT Format DDG'!$A:$ZZ,,MATCH("TJCPH",'ETPT Format DDG'!2:2,0)),"OUI"))- SUM(SUMIFS( INDEX( 'ETPT Format DDG'!$A:$ZZ,,MATCH("3.2. PROTECTION DES MAJEURS",'ETPT Format DDG'!2:2,0)), INDEX( 'ETPT Format DDG'!$A:$ZZ,,MATCH("Fonction recodée",'ETPT Format DDG'!2:2,0)),"Fonctionnaire A-B-CBUR", INDEX( 'ETPT Format DDG'!$A:$ZZ,,MATCH("TJCPH",'ETPT Format DDG'!2:2,0)),"OUI"))- SUM(SUMIFS( INDEX( 'ETPT Format DDG'!$A:$ZZ,,MATCH("3.43. INJONCTIONS DE PAYER",'ETPT Format DDG'!2:2,0)), INDEX( 'ETPT Format DDG'!$A:$ZZ,,MATCH("Fonction recodée",'ETPT Format DDG'!2:2,0)),"Fonctionnaire A-B-CBUR", INDEX( 'ETPT Format DDG'!$A:$ZZ,,MATCH("TJCPH",'ETPT Format DDG'!2:2,0)),"OUI"))- SUM(SUMIFS( INDEX( 'ETPT Format DDG'!$A:$ZZ,,MATCH("3.44. SAISIE DES RÉMUNÉRATIONS",'ETPT Format DDG'!2:2,0)), INDEX( 'ETPT Format DDG'!$A:$ZZ,,MATCH("Fonction recodée",'ETPT Format DDG'!2:2,0)),"Fonctionnaire A-B-CBUR", INDEX( 'ETPT Format DDG'!$A:$ZZ,,MATCH("TJCPH",'ETPT Format DDG'!2:2,0)),"OUI")) -> #N/A | R5: =SUM(SUMIFS( INDEX( 'ETPT Format DDG'!$A:$ZZ,,MATCH("6.1. ACTIVITÉ CIVILE",'ETPT Format DDG'!2:2,0)), INDEX( 'ETPT Format DDG'!$A:$ZZ,,MATCH("Fonction recodée",'ETPT Format DDG'!2:2,0)),"Fonctionnaire A-B-CBUR", INDEX( 'ETPT Format DDG'!$A:$ZZ,,MATCH("TJCPH",'ETPT Format DDG'!2:2,0)),"OUI")) -> #N/A | S5: =SUM(SUMIFS( INDEX( 'ETPT Format DDG'!$A:$ZZ,,MATCH("3.43. INJONCTIONS DE PAYER",'ETPT Format DDG'!2:2,0)), INDEX( 'ETPT Format DDG'!$A:$ZZ,,MATCH("Fonction recodée",'ETPT Format DDG'!2:2,0)),"Fonctionnaire A-B-CBUR", INDEX( 'ETPT Format DDG'!$A:$ZZ,,MATCH("TJCPH",'ETPT Format DDG'!2:2,0)),"OUI"))+ SUM(SUMIFS( INDEX( 'ETPT Format DDG'!$A:$ZZ,,MATCH("3.44. SAISIE DES RÉMUNÉRATIONS",'ETPT Format DDG'!2:2,0)), INDEX( 'ETPT Format DDG'!$A:$ZZ,,MATCH("Fonction recodée",'ETPT Format DDG'!2:2,0)),"Fonctionnaire A-B-CBUR", INDEX( 'ETPT Format DDG'!$A:$ZZ,,MATCH("TJCPH",'ETPT Format DDG'!2:2,0)),"OUI")) -> #N/A | T5: =SUM(SUMIFS( INDEX( 'ETPT Format DDG'!$A:$ZZ,,MATCH("4.0. CONTENTIEUX GÉNÉRAL <10.000€",'ETPT Format DDG'!2:2,0)), INDEX( 'ETPT Format DDG'!$A:$ZZ,,MATCH("Fonction recodée",'ETPT Format DDG'!2:2,0)),"Fonctionnaire A-B-CBUR", INDEX( 'ETPT Format DDG'!$A:$ZZ,,MATCH("TJCPH",'ETPT Format DDG'!2:2,0)),"OUI")) -> #N/A | U5: =SUM(SUMIFS( INDEX( 'ETPT Format DDG'!$A:$ZZ,,MATCH("1. TOTAL CONTENTIEUX SOCIAL",'ETPT Format DDG'!2:2,0)), INDEX( 'ETPT Format DDG'!$A:$ZZ,,MATCH("Fonction recodée",'ETPT Format DDG'!2:2,0)),"Fonctionnaire A-B-CBUR", INDEX( 'ETPT Format DDG'!$A:$ZZ,,MATCH("TJCPH",'ETPT Format DDG'!2:2,0)),"OUI")) -> #N/A | V5: =SUM(SUMIFS( INDEX( 'ETPT Format DDG'!$A:$ZZ,,MATCH("5. TOTAL JLD CIVIL",'ETPT Format DDG'!2:2,0)), INDEX( 'ETPT Format DDG'!$A:$ZZ,,MATCH("Fonction recodée",'ETPT Format DDG'!2:2,0)),"Fonctionnaire A-B-CBUR", INDEX( 'ETPT Format DDG'!$A:$ZZ,,MATCH("TJCPH",'ETPT Format DDG'!2:2,0)),"OUI"))+ SUM(SUMIFS( INDEX( 'ETPT Format DDG'!$A:$ZZ,,MATCH("2. TOTAL CONTENTIEUX JAF",'ETPT Format DDG'!2:2,0)), INDEX( 'ETPT Format DDG'!$A:$ZZ,,MATCH("Fonction recodée",'ETPT Format DDG'!2:2,0)),"Fonctionnaire A-B-CBUR", INDEX( 'ETPT Format DDG'!$A:$ZZ,,MATCH("TJCPH",'ETPT Format DDG'!2:2,0)),"OUI"))+ SUM(SUMIFS( INDEX( 'ETPT Format DDG'!$A:$ZZ,,MATCH("4. TOTAL CIVIL NON SPÉCIALISÉ",'ETPT Format DDG'!2:2,0)), INDEX( 'ETPT Format DDG'!$A:$ZZ,,MATCH("Fonction recodée",'ETPT Format DDG'!2:2,0)),"Fonctionnaire A-B-CBUR", INDEX( 'ETPT Format DDG'!$A:$ZZ,,MATCH("TJCPH",'ETPT Format DDG'!2:2,0)),"OUI"))- SUM(SUMIFS( INDEX( 'ETPT Format DDG'!$A:$ZZ,,MATCH("4.0. CONTENTIEUX GÉNÉRAL <10.000€",'ETPT Format DDG'!2:2,0)), INDEX( 'ETPT Format DDG'!$A:$ZZ,,MATCH("Fonction recodée",'ETPT Format DDG'!2:2,0)),"Fonctionnaire A-B-CBUR", INDEX( 'ETPT Format DDG'!$A:$ZZ,,MATCH("TJCPH",'ETPT Format DDG'!2:2,0)),"OUI")) -> #N/A | W5: =_xlfn.AGGREGATE(9,6,I5:V5) -> 0 | X5: {=SUM(SUMIFS( INDEX( 'ETPT Format DDG'!$A:$ZZ,,MATCH("3.2. PROTECTION DES MAJEURS",'ETPT Format DDG'!2:2,0)), INDEX( 'ETPT Format DDG'!$A:$ZZ,,MATCH("Fonction recodée",'ETPT Format DDG'!2:2,0)),{"Magistrat SIEGE S";"Magistrat SIEGE NS"}, INDEX( 'ETPT Format DDG'!$A:$ZZ,,MATCH("TJCPH",'ETPT Format DDG'!2:2,0)),"OUI"))} -> #N/A | Y5: {=SUM(SUMIFS( INDEX( 'ETPT Format DDG'!$A:$ZZ,,MATCH("3. TOTAL CONTENTIEUX DE LA PROTECTION",'ETPT Format DDG'!2:2,0)), INDEX( 'ETPT Format DDG'!$A:$ZZ,,MATCH("Fonction recodée",'ETPT Format DDG'!2:2,0)),{"Magistrat SIEGE S";"Magistrat SIEGE NS"}, INDEX( 'ETPT Format DDG'!$A:$ZZ,,MATCH("TJCPH",'ETPT Format DDG'!2:2,0)),"OUI"))- SUM(SUMIFS( INDEX( 'ETPT Format DDG'!$A:$ZZ,,MATCH("3.2. PROTECTION DES MAJEURS",'ETPT Format DDG'!2:2,0)), INDEX( 'ETPT Format DDG'!$A:$ZZ,,MATCH("Fonction recodée",'ETPT Format DDG'!2:2,0)),{"Magistrat SIEGE S";"Magistrat SIEGE NS"}, INDEX( 'ETPT Format DDG'!$A:$ZZ,,MATCH("TJCPH",'ETPT Format DDG'!2:2,0)),"OUI"))- SUM(SUMIFS( INDEX( 'ETPT Format DDG'!$A:$ZZ,,MATCH("3.43. INJONCTIONS DE PAYER",'ETPT Format DDG'!2:2,0)), INDEX( 'ETPT Format DDG'!$A:$ZZ,,MATCH("Fonction recodée",'ETPT Format DDG'!2:2,0)),{"Magistrat SIEGE S";"Magistrat SIEGE NS"}, INDEX( 'ETPT Format DDG'!$A:$ZZ,,MATCH("TJCPH",'ETPT Format DDG'!2:2,0)),"OUI"))- SUM(SUMIFS( INDEX( 'ETPT Format DDG'!$A:$ZZ,,MATCH("3.44. SAISIE DES RÉMUNÉRATIONS",'ETPT Format DDG'!2:2,0)), INDEX( 'ETPT Format DDG'!$A:$ZZ,,MATCH("Fonction recodée",'ETPT Format DDG'!2:2,0)),{"Magistrat SIEGE S";"Magistrat SIEGE NS"}, INDEX( 'ETPT Format DDG'!$A:$ZZ,,MATCH("TJCPH",'ETPT Format DDG'!2:2,0)),"OUI"))} -> #N/A | AE5: {=SUM(SUMIFS( INDEX( 'ETPT Format DDG'!$A:$ZZ,,MATCH("6.1. ACTIVITÉ CIVILE",'ETPT Format DDG'!2:2,0)), INDEX( 'ETPT Format DDG'!$A:$ZZ,,MATCH("Fonction recodée",'ETPT Format DDG'!2:2,0)),{"Magistrat SIEGE S";"Magistrat SIEGE NS"}))} -> #N/A | AG5: =_xlfn.AGGREGATE(9,6,X5:AF5) -> 0 | AN5: {=SUM(SUMIFS( INDEX( 'ETPT Format DDG'!$A:$ZZ,,MATCH("1.1. DÉPARTAGE PRUD'HOMAL",'ETPT Format DDG'!2:2,0)), INDEX( 'ETPT Format DDG'!$A:$ZZ,,MATCH("Fonction recodée",'ETPT Format DDG'!2:2,0)),{"Magistrat SIEGE S";"Magistrat SIEGE NS"}, INDEX( 'ETPT Format DDG'!$A:$ZZ,,MATCH("TJCPH",'ETPT Format DDG'!2:2,0)),"OUI"))} -> #N/A | AO5: {=SUM(SUMIFS( INDEX( 'ETPT Format DDG'!$A:$ZZ,,MATCH("4.0. CONTENTIEUX GÉNÉRAL <10.000€",'ETPT Format DDG'!2:2,0)), INDEX( 'ETPT Format DDG'!$A:$ZZ,,MATCH("Fonction recodée",'ETPT Format DDG'!2:2,0)),{"Magistrat SIEGE S";"Magistrat SIEGE NS"}, INDEX( 'ETPT Format DDG'!$A:$ZZ,,MATCH("TJCPH",'ETPT Format DDG'!2:2,0)),"OUI"))} -> #N/A | AP5: {=SUM(SUMIFS( INDEX( 'ETPT Format DDG'!$A:$ZZ,,MATCH("3.43. INJONCTIONS DE PAYER",'ETPT Format DDG'!2:2,0)), INDEX( 'ETPT Format DDG'!$A:$ZZ,,MATCH("Fonction recodée",'ETPT Format DDG'!2:2,0)),{"Magistrat SIEGE S";"Magistrat SIEGE NS"}, INDEX( 'ETPT Format DDG'!$A:$ZZ,,MATCH("TJCPH",'ETPT Format DDG'!2:2,0)),"OUI"))+ SUM(SUMIFS( INDEX( 'ETPT Format DDG'!$A:$ZZ,,MATCH("3.44. SAISIE DES RÉMUNÉRATIONS",'ETPT Format DDG'!2:2,0)), INDEX( 'ETPT Format DDG'!$A:$ZZ,,MATCH("Fonction recodée",'ETPT Format DDG'!2:2,0)),{"Magistrat SIEGE S";"Magistrat SIEGE NS"}, INDEX( 'ETPT Format DDG'!$A:$ZZ,,MATCH("TJCPH",'ETPT Format DDG'!2:2,0)),"OUI"))} -> #N/A | AQ5: {=SUM(SUMIFS( INDEX( 'ETPT Format DDG'!$A:$ZZ,,MATCH("1. TOTAL CONTENTIEUX SOCIAL",'ETPT Format DDG'!2:2,0)), INDEX( 'ETPT Format DDG'!$A:$ZZ,,MATCH("Fonction recodée",'ETPT Format DDG'!2:2,0)),{"Magistrat SIEGE S";"Magistrat SIEGE NS"}, INDEX( 'ETPT Format DDG'!$A:$ZZ,,MATCH("TJCPH",'ETPT Format DDG'!2:2,0)),"OUI"))- SUM(SUMIFS( INDEX( 'ETPT Format DDG'!$A:$ZZ,,MATCH("1.1. DÉPARTAGE PRUD'HOMAL",'ETPT Format DDG'!2:2,0)), INDEX( 'ETPT Format DDG'!$A:$ZZ,,MATCH("Fonction recodée",'ETPT Format DDG'!2:2,0)),{"Magistrat SIEGE S";"Magistrat SIEGE NS"}, INDEX( 'ETPT Format DDG'!$A:$ZZ,,MATCH("TJCPH",'ETPT Format DDG'!2:2,0)),"OUI"))} -> #N/A | AR5: {=SUM(SUMIFS( INDEX( 'ETPT Format DDG'!$A:$ZZ,,MATCH("2. TOTAL CONTENTIEUX JAF",'ETPT Format DDG'!2:2,0)), INDEX( 'ETPT Format DDG'!$A:$ZZ,,MATCH("Fonction recodée",'ETPT Format DDG'!2:2,0)),{"Magistrat SIEGE S";"Magistrat SIEGE NS"}))} -> #N/A | AS5: =MAX(0,SUM(SUMIFS( INDEX( 'ETPT Format DDG'!$A:$ZZ,,MATCH("4. TOTAL CIVIL NON SPÉCIALISÉ",'ETPT Format DDG'!2:2,0)), INDEX( 'ETPT Format DDG'!$A:$ZZ,,MATCH("Fonction recodée",'ETPT Format DDG'!2:2,0)),"Magistrat SIEGE S", INDEX( 'ETPT Format DDG'!$A:$ZZ,,MATCH("TJCPH",'ETPT Format DDG'!2:2,0)),"OUI"))- SUM(SUMIFS( INDEX( 'ETPT Format DDG'!$A:$ZZ,,MATCH("4.0. CONTENTIEUX GÉNÉRAL <10.000€",'ETPT Format DDG'!2:2,0)), INDEX( 'ETPT Format DDG'!$A:$ZZ,,MATCH("Fonction recodée",'ETPT Format DDG'!2:2,0)),"Magistrat SIEGE S", INDEX( 'ETPT Format DDG'!$A:$ZZ,,MATCH("TJCPH",'ETPT Format DDG'!2:2,0)),"OUI"))) -> #N/A | AT5: {=SUM(SUMIFS( INDEX( 'ETPT Format DDG'!$A:$ZZ,,MATCH("5. TOTAL JLD CIVIL",'ETPT Format DDG'!2:2,0)), INDEX( 'ETPT Format DDG'!$A:$ZZ,,MATCH("Fonction recodée",'ETPT Format DDG'!2:2,0)),{"Magistrat SIEGE S";"Magistrat SIEGE NS"}))} -> #N/A | AU5: =MAX(0,SUM(SUMIFS( INDEX( 'ETPT Format DDG'!$A:$ZZ,,MATCH("4. TOTAL CIVIL NON SPÉCIALISÉ",'ETPT Format DDG'!2:2,0)), INDEX( 'ETPT Format DDG'!$A:$ZZ,,MATCH("Fonction recodée",'ETPT Format DDG'!2:2,0)),"Magistrat SIEGE NS", INDEX( 'ETPT Format DDG'!$A:$ZZ,,MATCH("TJCPH",'ETPT Format DDG'!2:2,0)),"OUI"))- SUM(SUMIFS( INDEX( 'ETPT Format DDG'!$A:$ZZ,,MATCH("4.0. CONTENTIEUX GÉNÉRAL <10.000€",'ETPT Format DDG'!2:2,0)), INDEX( 'ETPT Format DDG'!$A:$ZZ,,MATCH("Fonction recodée",'ETPT Format DDG'!2:2,0)),"Magistrat SIEGE NS", INDEX( 'ETPT Format DDG'!$A:$ZZ,,MATCH("TJCPH",'ETPT Format DDG'!2:2,0)),"OUI"))) -> #N/A | AV5: =_xlfn.AGGREGATE(9,6,AH5:AU5) -> 0 | BF5: =SUM(AW5:BE5) -> 0
A6: ETPT_TJ | D6: =$D$5 | E6: 166-02-NC | F6: Action 2 - Traitement et jugement des affaires pénales | G6: =SUM(SUMIFS( INDEX( 'ETPT Format DDG'!$A:$ZZ,,MATCH("6.2. ACTIVITÉ PÉNALE",'ETPT Format DDG'!2:2,0)), INDEX( 'ETPT Format DDG'!$A:$ZZ,,MATCH("Fonction recodée",'ETPT Format DDG'!2:2,0)),"Fonctionnaire CTECH")) + SUM(SUMIFS( INDEX( 'ETPT Format DDG'!$A:$ZZ,,MATCH("7. TOTAL SIÈGE PÉNAL",'ETPT Format DDG'!2:2,0)), INDEX( 'ETPT Format DDG'!$A:$ZZ,,MATCH("Fonction recodée",'ETPT Format DDG'!2:2,0)),"Fonctionnaire CTECH")) + SUM(SUMIFS( INDEX( 'ETPT Format DDG'!$A:$ZZ,,MATCH("8. TOTAL JUGES D'INSTRUCTION",'ETPT Format DDG'!2:2,0)), INDEX( 'ETPT Format DDG'!$A:$ZZ,,MATCH("Fonction recodée",'ETPT Format DDG'!2:2,0)),"Fonctionnaire CTECH")) + SUM(SUMIFS( INDEX( 'ETPT Format DDG'!$A:$ZZ,,MATCH("9. TOTAL JAP",'ETPT Format DDG'!2:2,0)), INDEX( 'ETPT Format DDG'!$A:$ZZ,,MATCH("Fonction recodée",'ETPT Format DDG'!2:2,0)),"Fonctionnaire CTECH")) + SUM(SUMIFS( INDEX( 'ETPT Format DDG'!$A:$ZZ,,MATCH("10. TOTAL JLD PÉNAL",'ETPT Format DDG'!2:2,0)), INDEX( 'ETPT Format DDG'!$A:$ZZ,,MATCH("Fonction recodée",'ETPT Format DDG'!2:2,0)),"Fonctionnaire CTECH")) + SUM(SUMIFS( INDEX( 'ETPT Format DDG'!$A:$ZZ,,MATCH("11.9. FONCTIONNAIRES AFFECTÉS À L'EXÉCUTION DES PEINES",'ETPT Format DDG'!2:2,0)), INDEX( 'ETPT Format DDG'!$A:$ZZ,,MATCH("Fonction recodée",'ETPT Format DDG'!2:2,0)),"Fonctionnaire CTECH")) + SUM(SUMIFS( INDEX( 'ETPT Format DDG'!$A:$ZZ,,MATCH("11.10. AUTRES FONCTIONNAIRES AFFECTÉS AU PARQUET",'ETPT Format DDG'!2:2,0)), INDEX( 'ETPT Format DDG'!$A:$ZZ,,MATCH("Fonction recodée",'ETPT Format DDG'!2:2,0)),"Fonctionnaire CTECH")) -> #N/A | H6: =_xlfn.AGGREGATE(9,6,G6) -> 0 | J6: =SUM(SUMIFS( INDEX( 'ETPT Format DDG'!$A:$ZZ,,MATCH("11.9. FONCTIONNAIRES AFFECTÉS À L'EXÉCUTION DES PEINES",'ETPT Format DDG'!2:2,0)), INDEX( 'ETPT Format DDG'!$A:$ZZ,,MATCH("Fonction recodée",'ETPT Format DDG'!2:2,0)),"Fonctionnaire A-B-CBUR")) -> #N/A | K6: =SUM(SUMIFS( INDEX( 'ETPT Format DDG'!$A:$ZZ,,MATCH("7.5. COUR D'ASSISES HORS JIRS",'ETPT Format DDG'!2:2,0)), INDEX( 'ETPT Format DDG'!$A:$ZZ,,MATCH("Fonction recodée",'ETPT Format DDG'!2:2,0)),"Fonctionnaire A-B-CBUR"))+ SUM(SUMIFS( INDEX( 'ETPT Format DDG'!$A:$ZZ,,MATCH("7.51. COUR D'ASSISES JIRS",'ETPT Format DDG'!2:2,0)), INDEX( 'ETPT Format DDG'!$A:$ZZ,,MATCH("Fonction recodée",'ETPT Format DDG'!2:2,0)),"Fonctionnaire A-B-CBUR")) -> #N/A | L6: =SUM(SUMIFS( INDEX( 'ETPT Format DDG'!$A:$ZZ,,MATCH("7.52. COUR CRIMINELLE",'ETPT Format DDG'!2:2,0)), INDEX( 'ETPT Format DDG'!$A:$ZZ,,MATCH("Fonction recodée",'ETPT Format DDG'!2:2,0)),"Fonctionnaire A-B-CBUR")) -> #N/A | M6: =SUM(SUMIFS( INDEX( 'ETPT Format DDG'!$A:$ZZ,,MATCH("7.121. COLLÉGIALES JIRS ÉCO-FI",'ETPT Format DDG'!2:2,0)), INDEX( 'ETPT Format DDG'!$A:$ZZ,,MATCH("Fonction recodée",'ETPT Format DDG'!2:2,0)),"Fonctionnaire A-B-CBUR", INDEX( 'ETPT Format DDG'!$A:$ZZ,,MATCH("Jirs",'ETPT Format DDG'!2:2,0)),"x")) -> #N/A | N6: =SUM(SUMIFS( INDEX( 'ETPT Format DDG'!$A:$ZZ,,MATCH("7.12. COLLÉGIALES JIRS CRIM-ORG",'ETPT Format DDG'!2:2,0)), INDEX( 'ETPT Format DDG'!$A:$ZZ,,MATCH("Fonction recodée",'ETPT Format DDG'!2:2,0)),"Fonctionnaire A-B-CBUR")) -> #N/A | O6: =SUM(SUMIFS( INDEX( 'ETPT Format DDG'!$A:$ZZ,,MATCH("7.122. COLLÉGIALES AUTRES SECTIONS SPÉCIALISÉES",'ETPT Format DDG'!2:2,0)), INDEX( 'ETPT Format DDG'!$A:$ZZ,,MATCH("Fonction recodée",'ETPT Format DDG'!2:2,0)),"Fonctionnaire A-B-CBUR"))+ SUM(SUMIFS( INDEX( 'ETPT Format DDG'!$A:$ZZ,,MATCH("7.121. COLLÉGIALES JIRS ÉCO-FI",'ETPT Format DDG'!2:2,0)), INDEX( 'ETPT Format DDG'!$A:$ZZ,,MATCH("Fonction recodée",'ETPT Format DDG'!2:2,0)),"Fonctionnaire A-B-CBUR", INDEX( 'ETPT Format DDG'!$A:$ZZ,,MATCH("Jirs",'ETPT Format DDG'!2:2,0)),"")) -> #N/A | R6: =SUM(SUMIFS( INDEX( 'ETPT Format DDG'!$A:$ZZ,,MATCH("6.2. ACTIVITÉ PÉNALE",'ETPT Format DDG'!2:2,0)), INDEX( 'ETPT Format DDG'!$A:$ZZ,,MATCH("Fonction recodée",'ETPT Format DDG'!2:2,0)),"Fonctionnaire A-B-CBUR"))+ SUM(SUMIFS( INDEX( 'ETPT Format DDG'!$A:$ZZ,,MATCH("8. TOTAL JUGES D'INSTRUCTION",'ETPT Format DDG'!2:2,0)), INDEX( 'ETPT Format DDG'!$A:$ZZ,,MATCH("Fonction recodée",'ETPT Format DDG'!2:2,0)),"Fonctionnaire A-B-CBUR"))+ SUM(SUMIFS( INDEX( 'ETPT Format DDG'!$A:$ZZ,,MATCH("9. TOTAL JAP",'ETPT Format DDG'!2:2,0)), INDEX( 'ETPT Format DDG'!$A:$ZZ,,MATCH("Fonction recodée",'ETPT Format DDG'!2:2,0)),"Fonctionnaire A-B-CBUR"))+ SUM(SUMIFS( INDEX( 'ETPT Format DDG'!$A:$ZZ,,MATCH("10. TOTAL JLD PÉNAL",'ETPT Format DDG'!2:2,0)), INDEX( 'ETPT Format DDG'!$A:$ZZ,,MATCH("Fonction recodée",'ETPT Format DDG'!2:2,0)),"Fonctionnaire A-B-CBUR")) -> #N/A | V6: =MAX(0,SUM(SUMIFS( INDEX( 'ETPT Format DDG'!$A:$ZZ,,MATCH("7. TOTAL SIÈGE PÉNAL",'ETPT Format DDG'!2:2,0)), INDEX( 'ETPT Format DDG'!$A:$ZZ,,MATCH("Fonction recodée",'ETPT Format DDG'!2:2,0)),"Fonctionnaire A-B-CBUR"))+ SUM(SUMIFS( INDEX( 'ETPT Format DDG'!$A:$ZZ,,MATCH("11.10. AUTRES FONCTIONNAIRES AFFECTÉS AU PARQUET",'ETPT Format DDG'!2:2,0)), INDEX( 'ETPT Format DDG'!$A:$ZZ,,MATCH("Fonction recodée",'ETPT Format DDG'!2:2,0)),"Fonctionnaire A-B-CBUR"))- SUM(SUMIFS( INDEX( 'ETPT Format DDG'!$A:$ZZ,,MATCH("7.5. COUR D'ASSISES HORS JIRS",'ETPT Format DDG'!2:2,0)), INDEX( 'ETPT Format DDG'!$A:$ZZ,,MATCH("Fonction recodée",'ETPT Format DDG'!2:2,0)),"Fonctionnaire A-B-CBUR"))- SUM(SUMIFS( INDEX( 'ETPT Format DDG'!$A:$ZZ,,MATCH("7.51. COUR D'ASSISES JIRS",'ETPT Format DDG'!2:2,0)), INDEX( 'ETPT Format DDG'!$A:$ZZ,,MATCH("Fonction recodée",'ETPT Format DDG'!2:2,0)),"Fonctionnaire A-B-CBUR"))- SUM(SUMIFS( INDEX( 'ETPT Format DDG'!$A:$ZZ,,MATCH("7.52. COUR CRIMINELLE",'ETPT Format DDG'!2:2,0)), INDEX( 'ETPT Format DDG'!$A:$ZZ,,MATCH("Fonction recodée",'ETPT Format DDG'!2:2,0)),"Fonctionnaire A-B-CBUR"))- SUM(SUMIFS( INDEX( 'ETPT Format DDG'!$A:$ZZ,,MATCH("7.121. COLLÉGIALES JIRS ÉCO-FI",'ETPT Format DDG'!2:2,0)), INDEX( 'ETPT Format DDG'!$A:$ZZ,,MATCH("Fonction recodée",'ETPT Format DDG'!2:2,0)),"Fonctionnaire A-B-CBUR"))- SUM(SUMIFS( INDEX( 'ETPT Format DDG'!$A:$ZZ,,MATCH("7.12. COLLÉGIALES JIRS CRIM-ORG",'ETPT Format DDG'!2:2,0)), INDEX( 'ETPT Format DDG'!$A:$ZZ,,MATCH("Fonction recodée",'ETPT Format DDG'!2:2,0)),"Fonctionnaire A-B-CBUR"))- SUM(SUMIFS( INDEX( 'ETPT Format DDG'!$A:$ZZ,,MATCH("7.122. COLLÉGIALES AUTRES SECTIONS SPÉCIALISÉES",'ETPT Format DDG'!2:2,0)), INDEX( 'ETPT Format DDG'!$A:$ZZ,,MATCH("Fonction recodée",'ETPT Format DDG'!2:2,0)),"Fonctionnaire A-B-CBUR"))) -> #N/A | W6: =_xlfn.AGGREGATE(9,6,I6:V6) -> 0 | Z6: {=SUM(SUMIFS( INDEX( 'ETPT Format DDG'!$A:$ZZ,,MATCH("8.1. SERVICE GÉNÉRAL",'ETPT Format DDG'!2:2,0)), INDEX( 'ETPT Format DDG'!$A:$ZZ,,MATCH("Fonction recodée",'ETPT Format DDG'!2:2,0)),{"Magistrat SIEGE S";"Magistrat SIEGE NS"}))} -> #N/A | AA6: {=SUM(SUMIFS( INDEX( 'ETPT Format DDG'!$A:$ZZ,,MATCH("8.2. JIRS ÉCO-FI",'ETPT Format DDG'!2:2,0)), INDEX( 'ETPT Format DDG'!$A:$ZZ,,MATCH("Fonction recodée",'ETPT Format DDG'!2:2,0)),{"Magistrat SIEGE S";"Magistrat SIEGE NS"}))} -> #N/A | AB6: {=SUM(SUMIFS( INDEX( 'ETPT Format DDG'!$A:$ZZ,,MATCH("8.3. JIRS CRIM-ORG",'ETPT Format DDG'!2:2,0)), INDEX( 'ETPT Format DDG'!$A:$ZZ,,MATCH("Fonction recodée",'ETPT Format DDG'!2:2,0)),{"Magistrat SIEGE S";"Magistrat SIEGE NS"}))} -> #N/A | AC6: {=SUM(SUMIFS( INDEX( 'ETPT Format DDG'!$A:$ZZ,,MATCH("8.4. AUTRES SECTIONS SPÉCIALISÉES",'ETPT Format DDG'!2:2,0)), INDEX( 'ETPT Format DDG'!$A:$ZZ,,MATCH("Fonction recodée",'ETPT Format DDG'!2:2,0)),{"Magistrat SIEGE S";"Magistrat SIEGE NS"}))+ SUM(SUMIFS( INDEX( 'ETPT Format DDG'!$A:$ZZ,,MATCH("8.11. ECO-FI HORS JIRS",'ETPT Format DDG'!2:2,0)), INDEX( 'ETPT Format DDG'!$A:$ZZ,,MATCH("Fonction recodée",'ETPT Format DDG'!2:2,0)),{"Magistrat SIEGE S";"Magistrat SIEGE NS"}))} -> #N/A | AD6: {=SUM(SUMIFS( INDEX( 'ETPT Format DDG'!$A:$ZZ,,MATCH("9. TOTAL JAP",'ETPT Format DDG'!2:2,0)), INDEX( 'ETPT Format DDG'!$A:$ZZ,,MATCH("Fonction recodée",'ETPT Format DDG'!2:2,0)),{"Magistrat SIEGE S";"Magistrat SIEGE NS"}))} -> #N/A | AE6: {=SUM(SUMIFS( INDEX( 'ETPT Format DDG'!$A:$ZZ,,MATCH("6.2. ACTIVITÉ PÉNALE",'ETPT Format DDG'!2:2,0)), INDEX( 'ETPT Format DDG'!$A:$ZZ,,MATCH("Fonction recodée",'ETPT Format DDG'!2:2,0)),{"Magistrat SIEGE S";"Magistrat SIEGE NS"}))} -> #N/A | AF6: {=SUM(SUMIFS( INDEX( 'ETPT Format DDG'!$A:$ZZ,,MATCH("10. TOTAL JLD PÉNAL",'ETPT Format DDG'!2:2,0)), INDEX( 'ETPT Format DDG'!$A:$ZZ,,MATCH("Fonction recodée",'ETPT Format DDG'!2:2,0)),{"Magistrat SIEGE S";"Magistrat SIEGE NS"}))} -> #N/A | AG6: =_xlfn.AGGREGATE(9,6,X6:AF6) -> 0 | AH6: {=SUM(SUMIFS( INDEX( 'ETPT Format DDG'!$A:$ZZ,,MATCH("7.5. COUR D'ASSISES HORS JIRS",'ETPT Format DDG'!2:2,0)), INDEX( 'ETPT Format DDG'!$A:$ZZ,,MATCH("Fonction recodée",'ETPT Format DDG'!2:2,0)),{"Magistrat SIEGE S";"Magistrat SIEGE NS"}))+ SUM(SUMIFS( INDEX( 'ETPT Format DDG'!$A:$ZZ,,MATCH("7.51. COUR D'ASSISES JIRS",'ETPT Format DDG'!2:2,0)), INDEX( 'ETPT Format DDG'!$A:$ZZ,,MATCH("Fonction recodée",'ETPT Format DDG'!2:2,0)),{"Magistrat SIEGE S";"Magistrat SIEGE NS"}))} -> #N/A | AI6: {=SUM(SUMIFS( INDEX( 'ETPT Format DDG'!$A:$ZZ,,MATCH("7.52. COUR CRIMINELLE",'ETPT Format DDG'!2:2,0)), INDEX( 'ETPT Format DDG'!$A:$ZZ,,MATCH("Fonction recodée",'ETPT Format DDG'!2:2,0)),{"Magistrat SIEGE S";"Magistrat SIEGE NS"}))} -> #N/A | AJ6: {=SUM(SUMIFS( INDEX( 'ETPT Format DDG'!$A:$ZZ,,MATCH("7.121. COLLÉGIALES JIRS ÉCO-FI",'ETPT Format DDG'!2:2,0)), INDEX( 'ETPT Format DDG'!$A:$ZZ,,MATCH("Fonction recodée",'ETPT Format DDG'!2:2,0)),{"Magistrat SIEGE S";"Magistrat SIEGE NS"}, INDEX( 'ETPT Format DDG'!$A:$ZZ,,MATCH("Jirs",'ETPT Format DDG'!2:2,0)),"x"))} -> #N/A | AK6: {=SUM(SUMIFS( INDEX( 'ETPT Format DDG'!$A:$ZZ,,MATCH("7.12. COLLÉGIALES JIRS CRIM-ORG",'ETPT Format DDG'!2:2,0)), INDEX( 'ETPT Format DDG'!$A:$ZZ,,MATCH("Fonction recodée",'ETPT Format DDG'!2:2,0)),{"Magistrat SIEGE S";"Magistrat SIEGE NS"}))} -> #N/A | AL6: {=SUM(SUMIFS( INDEX( 'ETPT Format DDG'!$A:$ZZ,,MATCH("7.122. COLLÉGIALES AUTRES SECTIONS SPÉCIALISÉES",'ETPT Format DDG'!2:2,0)), INDEX( 'ETPT Format DDG'!$A:$ZZ,,MATCH("Fonction recodée",'ETPT Format DDG'!2:2,0)),{"Magistrat SIEGE S";"Magistrat SIEGE NS"}))+ SUM(SUMIFS( INDEX( 'ETPT Format DDG'!$A:$ZZ,,MATCH("7.121. COLLÉGIALES JIRS ÉCO-FI",'ETPT Format DDG'!2:2,0)), INDEX( 'ETPT Format DDG'!$A:$ZZ,,MATCH("Fonction recodée",'ETPT Format DDG'!2:2,0)),{"Magistrat SIEGE S";"Magistrat SIEGE NS"}, INDEX( 'ETPT Format DDG'!$A:$ZZ,,MATCH("Jirs",'ETPT Format DDG'!2:2,0)),""))} -> #N/A | AM6: {=SUM(SUMIFS( INDEX( 'ETPT Format DDG'!$A:$ZZ,,MATCH("7.6. TRIBUNAL DE POLICE",'ETPT Format DDG'!2:2,0)), INDEX( 'ETPT Format DDG'!$A:$ZZ,,MATCH("Fonction recodée",'ETPT Format DDG'!2:2,0)),{"Magistrat SIEGE S";"Magistrat SIEGE NS"}))+ SUM(SUMIFS( INDEX( 'ETPT Format DDG'!$A:$ZZ,,MATCH("7.7. OP CONTRAVENTIONNELLES",'ETPT Format DDG'!2:2,0)), INDEX( 'ETPT Format DDG'!$A:$ZZ,,MATCH("Fonction recodée",'ETPT Format DDG'!2:2,0)),{"Magistrat SIEGE S";"Magistrat SIEGE NS"}))} -> #N/A | AS6: =MAX(0,SUMIFS( INDEX( 'ETPT Format DDG'!$A:$ZZ,,MATCH("7. TOTAL SIÈGE PÉNAL",'ETPT Format DDG'!2:2,0)), INDEX( 'ETPT Format DDG'!$A:$ZZ,,MATCH("Fonction recodée",'ETPT Format DDG'!2:2,0)),"Magistrat SIEGE S")- SUMIFS( INDEX( 'ETPT Format DDG'!$A:$ZZ,,MATCH("7.5. COUR D'ASSISES HORS JIRS",'ETPT Format DDG'!2:2,0)), INDEX( 'ETPT Format DDG'!$A:$ZZ,,MATCH("Fonction recodée",'ETPT Format DDG'!2:2,0)),"Magistrat SIEGE S")- SUMIFS( INDEX( 'ETPT Format DDG'!$A:$ZZ,,MATCH("7.51. COUR D'ASSISES JIRS",'ETPT Format DDG'!2:2,0)), INDEX( 'ETPT Format DDG'!$A:$ZZ,,MATCH("Fonction recodée",'ETPT Format DDG'!2:2,0)),"Magistrat SIEGE S")- SUMIFS( INDEX( 'ETPT Format DDG'!$A:$ZZ,,MATCH("7.52. COUR CRIMINELLE",'ETPT Format DDG'!2:2,0)), INDEX( 'ETPT Format DDG'!$A:$ZZ,,MATCH("Fonction recodée",'ETPT Format DDG'!2:2,0)),"Magistrat SIEGE S")- SUMIFS( INDEX( 'ETPT Format DDG'!$A:$ZZ,,MATCH("7.121. COLLÉGIALES JIRS ÉCO-FI",'ETPT Format DDG'!2:2,0)), INDEX( 'ETPT Format DDG'!$A:$ZZ,,MATCH("Fonction recodée",'ETPT Format DDG'!2:2,0)),"Magistrat SIEGE S")- SUMIFS( INDEX( 'ETPT Format DDG'!$A:$ZZ,,MATCH("7.12. COLLÉGIALES JIRS CRIM-ORG",'ETPT Format DDG'!2:2,0)), INDEX( 'ETPT Format DDG'!$A:$ZZ,,MATCH("Fonction recodée",'ETPT Format DDG'!2:2,0)),"Magistrat SIEGE S")- SUMIFS( INDEX( 'ETPT Format DDG'!$A:$ZZ,,MATCH("7.122. COLLÉGIALES AUTRES SECTIONS SPÉCIALISÉES",'ETPT Format DDG'!2:2,0)), INDEX( 'ETPT Format DDG'!$A:$ZZ,,MATCH("Fonction recodée",'ETPT Format DDG'!2:2,0)),"Magistrat SIEGE S")- SUMIFS( INDEX( 'ETPT Format DDG'!$A:$ZZ,,MATCH("7.6. TRIBUNAL DE POLICE",'ETPT Format DDG'!2:2,0)), INDEX( 'ETPT Format DDG'!$A:$ZZ,,MATCH("Fonction recodée",'ETPT Format DDG'!2:2,0)),"Magistrat SIEGE S")- SUMIFS( INDEX( 'ETPT Format DDG'!$A:$ZZ,,MATCH("7.7. OP CONTRAVENTIONNELLES",'ETPT Format DDG'!2:2,0)), INDEX( 'ETPT Format DDG'!$A:$ZZ,,MATCH("Fonction recodée",'ETPT Format DDG'!2:2,0)),"Magistrat SIEGE S")) -> #N/A | AU6: =MAX(0,SUMIFS( INDEX( 'ETPT Format DDG'!$A:$ZZ,,MATCH("7. TOTAL SIÈGE PÉNAL",'ETPT Format DDG'!2:2,0)), INDEX( 'ETPT Format DDG'!$A:$ZZ,,MATCH("Fonction recodée",'ETPT Format DDG'!2:2,0)),"Magistrat SIEGE NS")- SUMIFS( INDEX( 'ETPT Format DDG'!$A:$ZZ,,MATCH("7.5. COUR D'ASSISES HORS JIRS",'ETPT Format DDG'!2:2,0)), INDEX( 'ETPT Format DDG'!$A:$ZZ,,MATCH("Fonction recodée",'ETPT Format DDG'!2:2,0)),"Magistrat SIEGE NS")- SUMIFS( INDEX( 'ETPT Format DDG'!$A:$ZZ,,MATCH("7.51. COUR D'ASSISES JIRS",'ETPT Format DDG'!2:2,0)), INDEX( 'ETPT Format DDG'!$A:$ZZ,,MATCH("Fonction recodée",'ETPT Format DDG'!2:2,0)),"Magistrat SIEGE NS")- SUMIFS( INDEX( 'ETPT Format DDG'!$A:$ZZ,,MATCH("7.52. COUR CRIMINELLE",'ETPT Format DDG'!2:2,0)), INDEX( 'ETPT Format DDG'!$A:$ZZ,,MATCH("Fonction recodée",'ETPT Format DDG'!2:2,0)),"Magistrat SIEGE NS")- SUMIFS( INDEX( 'ETPT Format DDG'!$A:$ZZ,,MATCH("7.121. COLLÉGIALES JIRS ÉCO-FI",'ETPT Format DDG'!2:2,0)), INDEX( 'ETPT Format DDG'!$A:$ZZ,,MATCH("Fonction recodée",'ETPT Format DDG'!2:2,0)),"Magistrat SIEGE NS")- SUMIFS( INDEX( 'ETPT Format DDG'!$A:$ZZ,,MATCH("7.12. COLLÉGIALES JIRS CRIM-ORG",'ETPT Format DDG'!2:2,0)), INDEX( 'ETPT Format DDG'!$A:$ZZ,,MATCH("Fonction recodée",'ETPT Format DDG'!2:2,0)),"Magistrat SIEGE NS")- SUMIFS( INDEX( 'ETPT Format DDG'!$A:$ZZ,,MATCH("7.122. COLLÉGIALES AUTRES SECTIONS SPÉCIALISÉES",'ETPT Format DDG'!2:2,0)), INDEX( 'ETPT Format DDG'!$A:$ZZ,,MATCH("Fonction recodée",'ETPT Format DDG'!2:2,0)),"Magistrat SIEGE NS")- SUMIFS( INDEX( 'ETPT Format DDG'!$A:$ZZ,,MATCH("7.6. TRIBUNAL DE POLICE",'ETPT Format DDG'!2:2,0)), INDEX( 'ETPT Format DDG'!$A:$ZZ,,MATCH("Fonction recodée",'ETPT Format DDG'!2:2,0)),"Magistrat SIEGE NS")- SUMIFS( INDEX( 'ETPT Format DDG'!$A:$ZZ,,MATCH("7.7. OP CONTRAVENTIONNELLES",'ETPT Format DDG'!2:2,0)), INDEX( 'ETPT Format DDG'!$A:$ZZ,,MATCH("Fonction recodée",'ETPT Format DDG'!2:2,0)),"Magistrat SIEGE NS")) -> #N/A | AV6: =_xlfn.AGGREGATE(9,6,AH6:AU6) -> 0 | BF6: =SUM(AW6:BE6) -> 0
A7: ETPT_TJ | D7: =$D$5 | E7: 166-04-NC | F7: Action 4 - Conseil supérieur de la magistrature | H7: =_xlfn.AGGREGATE(9,6,G7) -> 0 | W7: =_xlfn.AGGREGATE(9,6,I7:V7) -> 0 | Y7: {=SUM(SUMIFS( INDEX( 'ETPT Format DDG'!$A:$ZZ,,MATCH("11.5. CSM",'ETPT Format DDG'!2:2,0)), INDEX( 'ETPT Format DDG'!$A:$ZZ,,MATCH("Fonction",'ETPT Format DDG'!2:2,0)),{"JCP";"VPCP";"1VPCP"}, INDEX( 'ETPT Format DDG'!$A:$ZZ,,MATCH("TJCPH",'ETPT Format DDG'!2:2,0)),"OUI"))} -> #N/A | Z7: {=SUM(SUMIFS( INDEX( 'ETPT Format DDG'!$A:$ZZ,,MATCH("11.5. CSM",'ETPT Format DDG'!2:2,0)), INDEX( 'ETPT Format DDG'!$A:$ZZ,,MATCH("Fonction",'ETPT Format DDG'!2:2,0)),{"JI";"VPI";"1VPI"}, INDEX( 'ETPT Format DDG'!$A:$ZZ,,MATCH("TJCPH",'ETPT Format DDG'!2:2,0)),"OUI"))} -> #N/A | AD7: {=SUM(SUMIFS( INDEX( 'ETPT Format DDG'!$A:$ZZ,,MATCH("11.5. CSM",'ETPT Format DDG'!2:2,0)), INDEX( 'ETPT Format DDG'!$A:$ZZ,,MATCH("Fonction",'ETPT Format DDG'!2:2,0)),{"JAP";"VPAP";"1VPAP"}, INDEX( 'ETPT Format DDG'!$A:$ZZ,,MATCH("TJCPH",'ETPT Format DDG'!2:2,0)),"OUI"))} -> #N/A | AE7: {=SUM(SUMIFS( INDEX( 'ETPT Format DDG'!$A:$ZZ,,MATCH("11.5. CSM",'ETPT Format DDG'!2:2,0)), INDEX( 'ETPT Format DDG'!$A:$ZZ,,MATCH("Fonction",'ETPT Format DDG'!2:2,0)),{"JE";"VPE";"1VPE"}, INDEX( 'ETPT Format DDG'!$A:$ZZ,,MATCH("TJCPH",'ETPT Format DDG'!2:2,0)),"OUI"))} -> #N/A | AF7: {=SUM(SUMIFS( INDEX( 'ETPT Format DDG'!$A:$ZZ,,MATCH("11.5. CSM",'ETPT Format DDG'!2:2,0)), INDEX( 'ETPT Format DDG'!$A:$ZZ,,MATCH("Fonction",'ETPT Format DDG'!2:2,0)),{"VPLD";"1VPLD"}, INDEX( 'ETPT Format DDG'!$A:$ZZ,,MATCH("TJCPH",'ETPT Format DDG'!2:2,0)),"OUI"))} -> #N/A | AG7: =_xlfn.AGGREGATE(9,6,X7:AF7) -> 0 | AU7: =SUM(SUMIFS( INDEX( 'ETPT Format DDG'!$A:$ZZ,,MATCH("11.5. CSM",'ETPT Format DDG'!2:2,0)), INDEX( 'ETPT Format DDG'!$A:$ZZ,,MATCH("Fonction recodée",'ETPT Format DDG'!2:2,0)),"Magistrat SIEGE NS", INDEX( 'ETPT Format DDG'!$A:$ZZ,,MATCH("TJCPH",'ETPT Format DDG'!2:2,0)),"OUI")) -> #N/A | AV7: =_xlfn.AGGREGATE(9,6,AH7:AU7) -> 0 | BF7: =SUM(AW7:BE7) -> 0
A8: ETPT_TJ | D8: =$D$5 | E8: 166-06-99 | F8: Action 6 - Accueil du justiciable (inclus SAUJ) | G8: =SUM(SUMIFS( INDEX( 'ETPT Format DDG'!$A:$ZZ,,MATCH("11.51. ACCUEIL DU JUSTICIABLE (DONT SAUJ)",'ETPT Format DDG'!2:2,0)), INDEX( 'ETPT Format DDG'!$A:$ZZ,,MATCH("Fonction recodée",'ETPT Format DDG'!2:2,0)),"Fonctionnaire CTECH", INDEX( 'ETPT Format DDG'!$A:$ZZ,,MATCH("TJCPH",'ETPT Format DDG'!2:2,0)),"OUI")) -> #N/A | H8: =_xlfn.AGGREGATE(9,6,G8) -> 0 | V8: =SUM(SUMIFS( INDEX( 'ETPT Format DDG'!$A:$ZZ,,MATCH("11.51. ACCUEIL DU JUSTICIABLE (DONT SAUJ)",'ETPT Format DDG'!2:2,0)), INDEX( 'ETPT Format DDG'!$A:$ZZ,,MATCH("Fonction recodée",'ETPT Format DDG'!2:2,0)),"Fonctionnaire A-B-CBUR", INDEX( 'ETPT Format DDG'!$A:$ZZ,,MATCH("TJCPH",'ETPT Format DDG'!2:2,0)),"OUI")) -> #N/A | W8: =_xlfn.AGGREGATE(9,6,I8:V8) -> 0 | Y8: {=SUM(SUMIFS( INDEX( 'ETPT Format DDG'!$A:$ZZ,,MATCH("11.51. ACCUEIL DU JUSTICIABLE (DONT SAUJ)",'ETPT Format DDG'!2:2,0)), INDEX( 'ETPT Format DDG'!$A:$ZZ,,MATCH("Fonction",'ETPT Format DDG'!2:2,0)),{"JCP";"VPCP";"1VPCP"}, INDEX( 'ETPT Format DDG'!$A:$ZZ,,MATCH("TJCPH",'ETPT Format DDG'!2:2,0)),"OUI"))} -> #N/A | Z8: {=SUM(SUMIFS( INDEX( 'ETPT Format DDG'!$A:$ZZ,,MATCH("11.51. ACCUEIL DU JUSTICIABLE (DONT SAUJ)",'ETPT Format DDG'!2:2,0)), INDEX( 'ETPT Format DDG'!$A:$ZZ,,MATCH("Fonction",'ETPT Format DDG'!2:2,0)),{"JI";"VPI";"1VPI"}, INDEX( 'ETPT Format DDG'!$A:$ZZ,,MATCH("TJCPH",'ETPT Format DDG'!2:2,0)),"OUI"))} -> #N/A | AD8: {=SUM(SUMIFS( INDEX( 'ETPT Format DDG'!$A:$ZZ,,MATCH("11.51. ACCUEIL DU JUSTICIABLE (DONT SAUJ)",'ETPT Format DDG'!2:2,0)), INDEX( 'ETPT Format DDG'!$A:$ZZ,,MATCH("Fonction",'ETPT Format DDG'!2:2,0)),{"JAP";"VPAP";"1VPAP"}, INDEX( 'ETPT Format DDG'!$A:$ZZ,,MATCH("TJCPH",'ETPT Format DDG'!2:2,0)),"OUI"))} -> #N/A | AE8: {=SUM(SUMIFS( INDEX( 'ETPT Format DDG'!$A:$ZZ,,MATCH("11.51. ACCUEIL DU JUSTICIABLE (DONT SAUJ)",'ETPT Format DDG'!2:2,0)), INDEX( 'ETPT Format DDG'!$A:$ZZ,,MATCH("Fonction",'ETPT Format DDG'!2:2,0)),{"JE";"VPE";"1VPE"}, INDEX( 'ETPT Format DDG'!$A:$ZZ,,MATCH("TJCPH",'ETPT Format DDG'!2:2,0)),"OUI"))} -> #N/A | AF8: {=SUM(SUMIFS( INDEX( 'ETPT Format DDG'!$A:$ZZ,,MATCH("11.51. ACCUEIL DU JUSTICIABLE (DONT SAUJ)",'ETPT Format DDG'!2:2,0)), INDEX( 'ETPT Format DDG'!$A:$ZZ,,MATCH("Fonction",'ETPT Format DDG'!2:2,0)),{"VPLD";"1VPLD"}, INDEX( 'ETPT Format DDG'!$A:$ZZ,,MATCH("TJCPH",'ETPT Format DDG'!2:2,0)),"OUI"))} -> #N/A | AG8: =_xlfn.AGGREGATE(9,6,X8:AF8) -> 0 | AU8: =SUM(SUMIFS( INDEX( 'ETPT Format DDG'!$A:$ZZ,,MATCH("11.51. ACCUEIL DU JUSTICIABLE (DONT SAUJ)",'ETPT Format DDG'!2:2,0)), INDEX( 'ETPT Format DDG'!$A:$ZZ,,MATCH("Fonction recodée",'ETPT Format DDG'!2:2,0)),"Magistrat SIEGE NS", INDEX( 'ETPT Format DDG'!$A:$ZZ,,MATCH("TJCPH",'ETPT Format DDG'!2:2,0)),"OUI")) -> #N/A | AV8: =_xlfn.AGGREGATE(9,6,AH8:AU8) -> 0 | BF8: =SUM(AW8:BE8) -> 0
A9: ETPT_TJ | D9: =$D$5 | E9: 166-06-NC | F9: Action 6 - Soutien (Hors accueil du justiciable) | G9: =SUM(SUMIFS( INDEX( 'ETPT Format DDG'!$A:$ZZ,,MATCH("11.1. SOUTIEN (HORS FORMATIONS SUIVIES)",'ETPT Format DDG'!2:2,0)), INDEX( 'ETPT Format DDG'!$A:$ZZ,,MATCH("Fonction recodée",'ETPT Format DDG'!2:2,0)),"Fonctionnaire CTECH", INDEX( 'ETPT Format DDG'!$A:$ZZ,,MATCH("TJCPH",'ETPT Format DDG'!2:2,0)),"OUI"))+ SUM(SUMIFS( INDEX( 'ETPT Format DDG'!$A:$ZZ,,MATCH("11.2. FORMATIONS SUIVIES",'ETPT Format DDG'!2:2,0)), INDEX( 'ETPT Format DDG'!$A:$ZZ,,MATCH("Fonction recodée",'ETPT Format DDG'!2:2,0)),"Fonctionnaire CTECH", INDEX( 'ETPT Format DDG'!$A:$ZZ,,MATCH("TJCPH",'ETPT Format DDG'!2:2,0)),"OUI"))+ SUM(SUMIFS( INDEX( 'ETPT Format DDG'!$A:$ZZ,,MATCH("11.6. AUTRES ACTIVITÉS NON JURIDICTIONNELLES",'ETPT Format DDG'!2:2,0)), INDEX( 'ETPT Format DDG'!$A:$ZZ,,MATCH("Fonction recodée",'ETPT Format DDG'!2:2,0)),"Fonctionnaire CTECH", INDEX( 'ETPT Format DDG'!$A:$ZZ,,MATCH("TJCPH",'ETPT Format DDG'!2:2,0)),"OUI")) -> #N/A | H9: =_xlfn.AGGREGATE(9,6,G9) -> 0 | V9: =SUM(SUMIFS( INDEX( 'ETPT Format DDG'!$A:$ZZ,,MATCH("11.1. SOUTIEN (HORS FORMATIONS SUIVIES)",'ETPT Format DDG'!2:2,0)), INDEX( 'ETPT Format DDG'!$A:$ZZ,,MATCH("Fonction recodée",'ETPT Format DDG'!2:2,0)),"Fonctionnaire A-B-CBUR", INDEX( 'ETPT Format DDG'!$A:$ZZ,,MATCH("TJCPH",'ETPT Format DDG'!2:2,0)),"OUI"))+ SUM(SUMIFS( INDEX( 'ETPT Format DDG'!$A:$ZZ,,MATCH("11.2. FORMATIONS SUIVIES",'ETPT Format DDG'!2:2,0)), INDEX( 'ETPT Format DDG'!$A:$ZZ,,MATCH("Fonction recodée",'ETPT Format DDG'!2:2,0)),"Fonctionnaire A-B-CBUR", INDEX( 'ETPT Format DDG'!$A:$ZZ,,MATCH("TJCPH",'ETPT Format DDG'!2:2,0)),"OUI"))+ SUM(SUMIFS( INDEX( 'ETPT Format DDG'!$A:$ZZ,,MATCH("11.6. AUTRES ACTIVITÉS NON JURIDICTIONNELLES",'ETPT Format DDG'!2:2,0)), INDEX( 'ETPT Format DDG'!$A:$ZZ,,MATCH("Fonction recodée",'ETPT Format DDG'!2:2,0)),"Fonctionnaire A-B-CBUR", INDEX( 'ETPT Format DDG'!$A:$ZZ,,MATCH("TJCPH",'ETPT Format DDG'!2:2,0)),"OUI")) -> #N/A | W9: =_xlfn.AGGREGATE(9,6,I9:V9) -> 0 | Y9: {=SUM(SUMIFS( INDEX( 'ETPT Format DDG'!$A:$ZZ,,MATCH("11.1. SOUTIEN (HORS FORMATIONS SUIVIES)",'ETPT Format DDG'!2:2,0)), INDEX( 'ETPT Format DDG'!$A:$ZZ,,MATCH("Fonction",'ETPT Format DDG'!2:2,0)),{"JCP";"VPCP";"1VPCP"}, INDEX( 'ETPT Format DDG'!$A:$ZZ,,MATCH("TJCPH",'ETPT Format DDG'!2:2,0)),"OUI"))+ SUM(SUMIFS( INDEX( 'ETPT Format DDG'!$A:$ZZ,,MATCH("11.2. FORMATIONS SUIVIES",'ETPT Format DDG'!2:2,0)), INDEX( 'ETPT Format DDG'!$A:$ZZ,,MATCH("Fonction",'ETPT Format DDG'!2:2,0)),{"JCP";"VPCP";"1VPCP"}, INDEX( 'ETPT Format DDG'!$A:$ZZ,,MATCH("TJCPH",'ETPT Format DDG'!2:2,0)),"OUI"))+ SUM(SUMIFS( INDEX( 'ETPT Format DDG'!$A:$ZZ,,MATCH("11.6. AUTRES ACTIVITÉS NON JURIDICTIONNELLES",'ETPT Format DDG'!2:2,0)), INDEX( 'ETPT Format DDG'!$A:$ZZ,,MATCH("Fonction",'ETPT Format DDG'!2:2,0)),{"JCP";"VPCP";"1VPCP"}, INDEX( 'ETPT Format DDG'!$A:$ZZ,,MATCH("TJCPH",'ETPT Format DDG'!2:2,0)),"OUI"))} -> #N/A | Z9: {=SUM(SUMIFS( INDEX( 'ETPT Format DDG'!$A:$ZZ,,MATCH("11.1. SOUTIEN (HORS FORMATIONS SUIVIES)",'ETPT Format DDG'!2:2,0)), INDEX( 'ETPT Format DDG'!$A:$ZZ,,MATCH("Fonction",'ETPT Format DDG'!2:2,0)),{"JI";"VPI";"1VPI"}, INDEX( 'ETPT Format DDG'!$A:$ZZ,,MATCH("TJCPH",'ETPT Format DDG'!2:2,0)),"OUI"))+ SUM(SUMIFS( INDEX( 'ETPT Format DDG'!$A:$ZZ,,MATCH("11.2. FORMATIONS SUIVIES",'ETPT Format DDG'!2:2,0)), INDEX( 'ETPT Format DDG'!$A:$ZZ,,MATCH("Fonction",'ETPT Format DDG'!2:2,0)),{"JI";"VPI";"1VPI"}, INDEX( 'ETPT Format DDG'!$A:$ZZ,,MATCH("TJCPH",'ETPT Format DDG'!2:2,0)),"OUI"))+ SUM(SUMIFS( INDEX( 'ETPT Format DDG'!$A:$ZZ,,MATCH("11.6. AUTRES ACTIVITÉS NON JURIDICTIONNELLES",'ETPT Format DDG'!2:2,0)), INDEX( 'ETPT Format DDG'!$A:$ZZ,,MATCH("Fonction",'ETPT Format DDG'!2:2,0)),{"JI";"VPI";"1VPI"}, INDEX( 'ETPT Format DDG'!$A:$ZZ,,MATCH("TJCPH",'ETPT Format DDG'!2:2,0)),"OUI"))} -> #N/A | AD9: {=SUM(SUMIFS( INDEX( 'ETPT Format DDG'!$A:$ZZ,,MATCH("11.1. SOUTIEN (HORS FORMATIONS SUIVIES)",'ETPT Format DDG'!2:2,0)), INDEX( 'ETPT Format DDG'!$A:$ZZ,,MATCH("Fonction",'ETPT Format DDG'!2:2,0)),{"JAP";"VPAP";"1VPAP"}, INDEX( 'ETPT Format DDG'!$A:$ZZ,,MATCH("TJCPH",'ETPT Format DDG'!2:2,0)),"OUI"))+ SUM(SUMIFS( INDEX( 'ETPT Format DDG'!$A:$ZZ,,MATCH("11.2. FORMATIONS SUIVIES",'ETPT Format DDG'!2:2,0)), INDEX( 'ETPT Format DDG'!$A:$ZZ,,MATCH("Fonction",'ETPT Format DDG'!2:2,0)),{"JAP";"VPAP";"1VPAP"}, INDEX( 'ETPT Format DDG'!$A:$ZZ,,MATCH("TJCPH",'ETPT Format DDG'!2:2,0)),"OUI"))+ SUM(SUMIFS( INDEX( 'ETPT Format DDG'!$A:$ZZ,,MATCH("11.6. AUTRES ACTIVITÉS NON JURIDICTIONNELLES",'ETPT Format DDG'!2:2,0)), INDEX( 'ETPT Format DDG'!$A:$ZZ,,MATCH("Fonction",'ETPT Format DDG'!2:2,0)),{"JAP";"VPAP";"1VPAP"}, INDEX( 'ETPT Format DDG'!$A:$ZZ,,MATCH("TJCPH",'ETPT Format DDG'!2:2,0)),"OUI"))} -> #N/A | AE9: {=SUM(SUMIFS( INDEX( 'ETPT Format DDG'!$A:$ZZ,,MATCH("11.1. SOUTIEN (HORS FORMATIONS SUIVIES)",'ETPT Format DDG'!2:2,0)), INDEX( 'ETPT Format DDG'!$A:$ZZ,,MATCH("Fonction",'ETPT Format DDG'!2:2,0)),{"JE";"VPE";"1VPE"}, INDEX( 'ETPT Format DDG'!$A:$ZZ,,MATCH("TJCPH",'ETPT Format DDG'!2:2,0)),"OUI"))+ SUM(SUMIFS( INDEX( 'ETPT Format DDG'!$A:$ZZ,,MATCH("11.2. FORMATIONS SUIVIES",'ETPT Format DDG'!2:2,0)), INDEX( 'ETPT Format DDG'!$A:$ZZ,,MATCH("Fonction",'ETPT Format DDG'!2:2,0)),{"JE";"VPE";"1VPE"}, INDEX( 'ETPT Format DDG'!$A:$ZZ,,MATCH("TJCPH",'ETPT Format DDG'!2:2,0)),"OUI"))+ SUM(SUMIFS( INDEX( 'ETPT Format DDG'!$A:$ZZ,,MATCH("11.6. AUTRES ACTIVITÉS NON JURIDICTIONNELLES",'ETPT Format DDG'!2:2,0)), INDEX( 'ETPT Format DDG'!$A:$ZZ,,MATCH("Fonction",'ETPT Format DDG'!2:2,0)),{"JE";"VPE";"1VPE"}, INDEX( 'ETPT Format DDG'!$A:$ZZ,,MATCH("TJCPH",'ETPT Format DDG'!2:2,0)),"OUI"))} -> #N/A | AF9: {=SUM(SUMIFS( INDEX( 'ETPT Format DDG'!$A:$ZZ,,MATCH("11.1. SOUTIEN (HORS FORMATIONS SUIVIES)",'ETPT Format DDG'!2:2,0)), INDEX( 'ETPT Format DDG'!$A:$ZZ,,MATCH("Fonction",'ETPT Format DDG'!2:2,0)),{"VPLD";"1VPLD"}, INDEX( 'ETPT Format DDG'!$A:$ZZ,,MATCH("TJCPH",'ETPT Format DDG'!2:2,0)),"OUI"))+ SUM(SUMIFS( INDEX( 'ETPT Format DDG'!$A:$ZZ,,MATCH("11.2. FORMATIONS SUIVIES",'ETPT Format DDG'!2:2,0)), INDEX( 'ETPT Format DDG'!$A:$ZZ,,MATCH("Fonction",'ETPT Format DDG'!2:2,0)),{"VPLD";"1VPLD"}, INDEX( 'ETPT Format DDG'!$A:$ZZ,,MATCH("TJCPH",'ETPT Format DDG'!2:2,0)),"OUI"))+ SUM(SUMIFS( INDEX( 'ETPT Format DDG'!$A:$ZZ,,MATCH("11.6. AUTRES ACTIVITÉS NON JURIDICTIONNELLES",'ETPT Format DDG'!2:2,0)), INDEX( 'ETPT Format DDG'!$A:$ZZ,,MATCH("Fonction",'ETPT Format DDG'!2:2,0)),{"VPLD";"1VPLD"}, INDEX( 'ETPT Format DDG'!$A:$ZZ,,MATCH("TJCPH",'ETPT Format DDG'!2:2,0)),"OUI"))} -> #N/A | AG9: =_xlfn.AGGREGATE(9,6,X9:AF9) -> 0 | AU9: =SUM(SUMIFS( INDEX( 'ETPT Format DDG'!$A:$ZZ,,MATCH("11.1. SOUTIEN (HORS FORMATIONS SUIVIES)",'ETPT Format DDG'!2:2,0)), INDEX( 'ETPT Format DDG'!$A:$ZZ,,MATCH("Fonction recodée",'ETPT Format DDG'!2:2,0)),"Magistrat SIEGE NS", INDEX( 'ETPT Format DDG'!$A:$ZZ,,MATCH("TJCPH",'ETPT Format DDG'!2:2,0)),"OUI"))+ SUM(SUMIFS( INDEX( 'ETPT Format DDG'!$A:$ZZ,,MATCH("11.2. FORMATIONS SUIVIES",'ETPT Format DDG'!2:2,0)), INDEX( 'ETPT Format DDG'!$A:$ZZ,,MATCH("Fonction recodée",'ETPT Format DDG'!2:2,0)),"Magistrat SIEGE NS", INDEX( 'ETPT Format DDG'!$A:$ZZ,,MATCH("TJCPH",'ETPT Format DDG'!2:2,0)),"OUI"))+ SUM(SUMIFS( INDEX( 'ETPT Format DDG'!$A:$ZZ,,MATCH("11.6. AUTRES ACTIVITÉS NON JURIDICTIONNELLES",'ETPT Format DDG'!2:2,0)), INDEX( 'ETPT Format DDG'!$A:$ZZ,,MATCH("Fonction recodée",'ETPT Format DDG'!2:2,0)),"Magistrat SIEGE NS", INDEX( 'ETPT Format DDG'!$A:$ZZ,,MATCH("TJCPH",'ETPT Format DDG'!2:2,0)),"OUI")) -> #N/A | AV9: =_xlfn.AGGREGATE(9,6,AH9:AU9) -> 0 | BF9: =SUM(AW9:BE9) -> 0
A10: ETPT_TJ | D10: =$D$5 | E10: 166-07-NC | F10: Action 7 - Formation dispensée | G10: =SUM(SUMIFS( INDEX( 'ETPT Format DDG'!$A:$ZZ,,MATCH("11.3. FORMATIONS DISPENSÉES",'ETPT Format DDG'!2:2,0)), INDEX( 'ETPT Format DDG'!$A:$ZZ,,MATCH("Fonction recodée",'ETPT Format DDG'!2:2,0)),"Fonctionnaire CTECH", INDEX( 'ETPT Format DDG'!$A:$ZZ,,MATCH("TJCPH",'ETPT Format DDG'!2:2,0)),"OUI")) -> #N/A | H10: =_xlfn.AGGREGATE(9,6,G10) -> 0 | V10: =SUM(SUMIFS( INDEX( 'ETPT Format DDG'!$A:$ZZ,,MATCH("11.3. FORMATIONS DISPENSÉES",'ETPT Format DDG'!2:2,0)), INDEX( 'ETPT Format DDG'!$A:$ZZ,,MATCH("Fonction recodée",'ETPT Format DDG'!2:2,0)),"Fonctionnaire A-B-CBUR", INDEX( 'ETPT Format DDG'!$A:$ZZ,,MATCH("TJCPH",'ETPT Format DDG'!2:2,0)),"OUI")) -> #N/A | W10: =_xlfn.AGGREGATE(9,6,I10:V10) -> 0 | Y10: {=SUM(SUMIFS( INDEX( 'ETPT Format DDG'!$A:$ZZ,,MATCH("11.3. FORMATIONS DISPENSÉES",'ETPT Format DDG'!2:2,0)), INDEX( 'ETPT Format DDG'!$A:$ZZ,,MATCH("Fonction",'ETPT Format DDG'!2:2,0)),{"JCP";"VPCP";"1VPCP"}, INDEX( 'ETPT Format DDG'!$A:$ZZ,,MATCH("TJCPH",'ETPT Format DDG'!2:2,0)),"OUI"))} -> #N/A | Z10: {=SUM(SUMIFS( INDEX( 'ETPT Format DDG'!$A:$ZZ,,MATCH("11.3. FORMATIONS DISPENSÉES",'ETPT Format DDG'!2:2,0)), INDEX( 'ETPT Format DDG'!$A:$ZZ,,MATCH("Fonction",'ETPT Format DDG'!2:2,0)),{"JI";"VPI";"1VPI"}, INDEX( 'ETPT Format DDG'!$A:$ZZ,,MATCH("TJCPH",'ETPT Format DDG'!2:2,0)),"OUI"))} -> #N/A | AD10: {=SUM(SUMIFS( INDEX( 'ETPT Format DDG'!$A:$ZZ,,MATCH("11.3. FORMATIONS DISPENSÉES",'ETPT Format DDG'!2:2,0)), INDEX( 'ETPT Format DDG'!$A:$ZZ,,MATCH("Fonction",'ETPT Format DDG'!2:2,0)),{"JAP";"VPAP";"1VPAP"}, INDEX( 'ETPT Format DDG'!$A:$ZZ,,MATCH("TJCPH",'ETPT Format DDG'!2:2,0)),"OUI"))} -> #N/A | AE10: {=SUM(SUMIFS( INDEX( 'ETPT Format DDG'!$A:$ZZ,,MATCH("11.3. FORMATIONS DISPENSÉES",'ETPT Format DDG'!2:2,0)), INDEX( 'ETPT Format DDG'!$A:$ZZ,,MATCH("Fonction",'ETPT Format DDG'!2:2,0)),{"JE";"VPE";"1VPE"}, INDEX( 'ETPT Format DDG'!$A:$ZZ,,MATCH("TJCPH",'ETPT Format DDG'!2:2,0)),"OUI"))} -> #N/A | AF10: {=SUM(SUMIFS( INDEX( 'ETPT Format DDG'!$A:$ZZ,,MATCH("11.3. FORMATIONS DISPENSÉES",'ETPT Format DDG'!2:2,0)), INDEX( 'ETPT Format DDG'!$A:$ZZ,,MATCH("Fonction",'ETPT Format DDG'!2:2,0)),{"VPLD";"1VPLD"}, INDEX( 'ETPT Format DDG'!$A:$ZZ,,MATCH("TJCPH",'ETPT Format DDG'!2:2,0)),"OUI"))} -> #N/A | AG10: =_xlfn.AGGREGATE(9,6,X10:AF10) -> 0 | AU10: =SUM(SUMIFS( INDEX( 'ETPT Format DDG'!$A:$ZZ,,MATCH("11.3. FORMATIONS DISPENSÉES",'ETPT Format DDG'!2:2,0)), INDEX( 'ETPT Format DDG'!$A:$ZZ,,MATCH("Fonction recodée",'ETPT Format DDG'!2:2,0)),"Magistrat SIEGE NS", INDEX( 'ETPT Format DDG'!$A:$ZZ,,MATCH("TJCPH",'ETPT Format DDG'!2:2,0)),"OUI")) -> #N/A | AV10: =_xlfn.AGGREGATE(9,6,AH10:AU10) -> 0 | BF10: =SUM(AW10:BE10) -> 0
A11: ETPT_TJ | D11: =$D$5 | E11: 166-08-NC | F11: Action 8 - Support à l'accès au droit et à la justice | G11: =SUM(SUMIFS( INDEX( 'ETPT Format DDG'!$A:$ZZ,,MATCH("11.4. ACCÈS AU DROIT ET À LA JUSTICE",'ETPT Format DDG'!2:2,0)), INDEX( 'ETPT Format DDG'!$A:$ZZ,,MATCH("Fonction recodée",'ETPT Format DDG'!2:2,0)),"Fonctionnaire CTECH", INDEX( 'ETPT Format DDG'!$A:$ZZ,,MATCH("TJCPH",'ETPT Format DDG'!2:2,0)),"OUI")) -> #N/A | H11: =_xlfn.AGGREGATE(9,6,G11) -> 0 | V11: =SUM(SUMIFS( INDEX( 'ETPT Format DDG'!$A:$ZZ,,MATCH("11.4. ACCÈS AU DROIT ET À LA JUSTICE",'ETPT Format DDG'!2:2,0)), INDEX( 'ETPT Format DDG'!$A:$ZZ,,MATCH("Fonction recodée",'ETPT Format DDG'!2:2,0)),"Fonctionnaire A-B-CBUR", INDEX( 'ETPT Format DDG'!$A:$ZZ,,MATCH("TJCPH",'ETPT Format DDG'!2:2,0)),"OUI")) -> #N/A | W11: =_xlfn.AGGREGATE(9,6,I11:V11) -> 0 | Y11: {=SUM(SUMIFS( INDEX( 'ETPT Format DDG'!$A:$ZZ,,MATCH("11.4. ACCÈS AU DROIT ET À LA JUSTICE",'ETPT Format DDG'!2:2,0)), INDEX( 'ETPT Format DDG'!$A:$ZZ,,MATCH("Fonction",'ETPT Format DDG'!2:2,0)),{"JCP";"VPCP";"1VPCP"}, INDEX( 'ETPT Format DDG'!$A:$ZZ,,MATCH("TJCPH",'ETPT Format DDG'!2:2,0)),"OUI"))} -> #N/A | Z11: {=SUM(SUMIFS( INDEX( 'ETPT Format DDG'!$A:$ZZ,,MATCH("11.4. ACCÈS AU DROIT ET À LA JUSTICE",'ETPT Format DDG'!2:2,0)), INDEX( 'ETPT Format DDG'!$A:$ZZ,,MATCH("Fonction",'ETPT Format DDG'!2:2,0)),{"JI";"VPI";"1VPI"}, INDEX( 'ETPT Format DDG'!$A:$ZZ,,MATCH("TJCPH",'ETPT Format DDG'!2:2,0)),"OUI"))} -> #N/A | AD11: {=SUM(SUMIFS( INDEX( 'ETPT Format DDG'!$A:$ZZ,,MATCH("11.4. ACCÈS AU DROIT ET À LA JUSTICE",'ETPT Format DDG'!2:2,0)), INDEX( 'ETPT Format DDG'!$A:$ZZ,,MATCH("Fonction",'ETPT Format DDG'!2:2,0)),{"JAP";"VPAP";"1VPAP"}, INDEX( 'ETPT Format DDG'!$A:$ZZ,,MATCH("TJCPH",'ETPT Format DDG'!2:2,0)),"OUI"))} -> #N/A | AE11: {=SUM(SUMIFS( INDEX( 'ETPT Format DDG'!$A:$ZZ,,MATCH("11.4. ACCÈS AU DROIT ET À LA JUSTICE",'ETPT Format DDG'!2:2,0)), INDEX( 'ETPT Format DDG'!$A:$ZZ,,MATCH("Fonction",'ETPT Format DDG'!2:2,0)),{"JE";"VPE";"1VPE"}, INDEX( 'ETPT Format DDG'!$A:$ZZ,,MATCH("TJCPH",'ETPT Format DDG'!2:2,0)),"OUI"))} -> #N/A | AF11: {=SUM(SUMIFS( INDEX( 'ETPT Format DDG'!$A:$ZZ,,MATCH("11.4. ACCÈS AU DROIT ET À LA JUSTICE",'ETPT Format DDG'!2:2,0)), INDEX( 'ETPT Format DDG'!$A:$ZZ,,MATCH("Fonction",'ETPT Format DDG'!2:2,0)),{"VPLD";"1VPLD"}, INDEX( 'ETPT Format DDG'!$A:$ZZ,,MATCH("TJCPH",'ETPT Format DDG'!2:2,0)),"OUI"))} -> #N/A | AG11: =_xlfn.AGGREGATE(9,6,X11:AF11) -> 0 | AU11: =SUM(SUMIFS( INDEX( 'ETPT Format DDG'!$A:$ZZ,,MATCH("11.4. ACCÈS AU DROIT ET À LA JUSTICE",'ETPT Format DDG'!2:2,0)), INDEX( 'ETPT Format DDG'!$A:$ZZ,,MATCH("Fonction recodée",'ETPT Format DDG'!2:2,0)),"Magistrat SIEGE NS", INDEX( 'ETPT Format DDG'!$A:$ZZ,,MATCH("TJCPH",'ETPT Format DDG'!2:2,0)),"OUI")) -> #N/A | AV11: =_xlfn.AGGREGATE(9,6,AH11:AU11) -> 0 | BF11: =SUM(AW11:BE11) -> 0
A12: ETPT_TJ | D12: =$D$5 | E12: 166-99-NC | F12: Action 99 - Personnel concourant au programme - à reventiler | G12: =MAX(0,SUM(SUMIFS( INDEX( 'ETPT Format DDG'!$A:$ZZ,,MATCH("12. TOTAL des INDISPONIBILITÉS relevant de l'action 99",'ETPT Format DDG'!2:2,0)), INDEX( 'ETPT Format DDG'!$A:$ZZ,,MATCH("Fonction recodée",'ETPT Format DDG'!2:2,0)),"Fonctionnaire CTECH", INDEX( 'ETPT Format DDG'!$A:$ZZ,,MATCH("TJCPH",'ETPT Format DDG'!2:2,0)),"OUI"))- SUM(SUMIFS( INDEX( 'ETPT Format DDG'!$A:$ZZ,,MATCH("12.5. MISE À DISPOSITION",'ETPT Format DDG'!2:2,0)), INDEX( 'ETPT Format DDG'!$A:$ZZ,,MATCH("Fonction recodée",'ETPT Format DDG'!2:2,0)),"Fonctionnaire CTECH", INDEX( 'ETPT Format DDG'!$A:$ZZ,,MATCH("TJCPH",'ETPT Format DDG'!2:2,0)),"OUI"))) -> #N/A | H12: =_xlfn.AGGREGATE(9,6,G12) -> 0 | V12: =MAX(0,SUM(SUMIFS( INDEX( 'ETPT Format DDG'!$A:$ZZ,,MATCH("12. TOTAL des INDISPONIBILITÉS relevant de l'action 99",'ETPT Format DDG'!2:2,0)), INDEX( 'ETPT Format DDG'!$A:$ZZ,,MATCH("Fonction recodée",'ETPT Format DDG'!2:2,0)),"Fonctionnaire A-B-CBUR", INDEX( 'ETPT Format DDG'!$A:$ZZ,,MATCH("TJCPH",'ETPT Format DDG'!2:2,0)),"OUI"))- SUM(SUMIFS( INDEX( 'ETPT Format DDG'!$A:$ZZ,,MATCH("12.5. MISE À DISPOSITION",'ETPT Format DDG'!2:2,0)), INDEX( 'ETPT Format DDG'!$A:$ZZ,,MATCH("Fonction recodée",'ETPT Format DDG'!2:2,0)),"Fonctionnaire A-B-CBUR", INDEX( 'ETPT Format DDG'!$A:$ZZ,,MATCH("TJCPH",'ETPT Format DDG'!2:2,0)),"OUI"))) -> #N/A | W12: =_xlfn.AGGREGATE(9,6,I12:V12) -> 0 | Y12: {=SUM(SUMIFS( INDEX( 'ETPT Format DDG'!$A:$ZZ,,MATCH("12. TOTAL des INDISPONIBILITÉS relevant de l'action 99",'ETPT Format DDG'!2:2,0)), INDEX( 'ETPT Format DDG'!$A:$ZZ,,MATCH("Fonction",'ETPT Format DDG'!2:2,0)),{"JCP";"VPCP";"1VPCP"}, INDEX( 'ETPT Format DDG'!$A:$ZZ,,MATCH("TJCPH",'ETPT Format DDG'!2:2,0)),"OUI"))- SUM(SUMIFS( INDEX( 'ETPT Format DDG'!$A:$ZZ,,MATCH("12.5. MISE À DISPOSITION",'ETPT Format DDG'!2:2,0)), INDEX( 'ETPT Format DDG'!$A:$ZZ,,MATCH("Fonction",'ETPT Format DDG'!2:2,0)),{"JCP";"VPCP";"1VPCP"}, INDEX( 'ETPT Format DDG'!$A:$ZZ,,MATCH("TJCPH",'ETPT Format DDG'!2:2,0)),"OUI"))} -> #N/A | Z12: {=MAX(0,SUM(SUMIFS( INDEX( 'ETPT Format DDG'!$A:$ZZ,,MATCH("12. TOTAL des INDISPONIBILITÉS relevant de l'action 99",'ETPT Format DDG'!2:2,0)), INDEX( 'ETPT Format DDG'!$A:$ZZ,,MATCH("Fonction",'ETPT Format DDG'!2:2,0)),{"JI";"VPI";"1VPI"}, INDEX( 'ETPT Format DDG'!$A:$ZZ,,MATCH("TJCPH",'ETPT Format DDG'!2:2,0)),"OUI"))- SUM(SUMIFS( INDEX( 'ETPT Format DDG'!$A:$ZZ,,MATCH("12.5. MISE À DISPOSITION",'ETPT Format DDG'!2:2,0)), INDEX( 'ETPT Format DDG'!$A:$ZZ,,MATCH("Fonction",'ETPT Format DDG'!2:2,0)),{"JI";"VPI";"1VPI"}, INDEX( 'ETPT Format DDG'!$A:$ZZ,,MATCH("TJCPH",'ETPT Format DDG'!2:2,0)),"OUI")))} -> #N/A | AD12: {=MAX(0,SUM(SUMIFS( INDEX( 'ETPT Format DDG'!$A:$ZZ,,MATCH("12. TOTAL des INDISPONIBILITÉS relevant de l'action 99",'ETPT Format DDG'!2:2,0)), INDEX( 'ETPT Format DDG'!$A:$ZZ,,MATCH("Fonction",'ETPT Format DDG'!2:2,0)),{"JAP";"VPAP";"1VPAP"}, INDEX( 'ETPT Format DDG'!$A:$ZZ,,MATCH("TJCPH",'ETPT Format DDG'!2:2,0)),"OUI"))- SUM(SUMIFS( INDEX( 'ETPT Format DDG'!$A:$ZZ,,MATCH("12.5. MISE À DISPOSITION",'ETPT Format DDG'!2:2,0)), INDEX( 'ETPT Format DDG'!$A:$ZZ,,MATCH("Fonction",'ETPT Format DDG'!2:2,0)),{"JAP";"VPAP";"1VPAP"}, INDEX( 'ETPT Format DDG'!$A:$ZZ,,MATCH("TJCPH",'ETPT Format DDG'!2:2,0)),"OUI")))} -> #N/A | AE12: {=MAX(0,SUM(SUMIFS( INDEX( 'ETPT Format DDG'!$A:$ZZ,,MATCH("12. TOTAL des INDISPONIBILITÉS relevant de l'action 99",'ETPT Format DDG'!2:2,0)), INDEX( 'ETPT Format DDG'!$A:$ZZ,,MATCH("Fonction",'ETPT Format DDG'!2:2,0)),{"JE";"VPE";"1VPE"}, INDEX( 'ETPT Format DDG'!$A:$ZZ,,MATCH("TJCPH",'ETPT Format DDG'!2:2,0)),"OUI"))- SUM(SUMIFS( INDEX( 'ETPT Format DDG'!$A:$ZZ,,MATCH("12.5. MISE À DISPOSITION",'ETPT Format DDG'!2:2,0)), INDEX( 'ETPT Format DDG'!$A:$ZZ,,MATCH("Fonction",'ETPT Format DDG'!2:2,0)),{"JE";"VPE";"1VPE"}, INDEX( 'ETPT Format DDG'!$A:$ZZ,,MATCH("TJCPH",'ETPT Format DDG'!2:2,0)),"OUI")))} -> #N/A | AF12: {=MAX(0,SUM(SUMIFS( INDEX( 'ETPT Format DDG'!$A:$ZZ,,MATCH("12. TOTAL des INDISPONIBILITÉS relevant de l'action 99",'ETPT Format DDG'!2:2,0)), INDEX( 'ETPT Format DDG'!$A:$ZZ,,MATCH("Fonction",'ETPT Format DDG'!2:2,0)),{"VPLD";"1VPLD"}, INDEX( 'ETPT Format DDG'!$A:$ZZ,,MATCH("TJCPH",'ETPT Format DDG'!2:2,0)),"OUI"))- SUM(SUMIFS( INDEX( 'ETPT Format DDG'!$A:$ZZ,,MATCH("12.5. MISE À DISPOSITION",'ETPT Format DDG'!2:2,0)), INDEX( 'ETPT Format DDG'!$A:$ZZ,,MATCH("Fonction",'ETPT Format DDG'!2:2,0)),{"VPLD";"1VPLD"}, INDEX( 'ETPT Format DDG'!$A:$ZZ,,MATCH("TJCPH",'ETPT Format DDG'!2:2,0)),"OUI")))} -> #N/A | AG12: =_xlfn.AGGREGATE(9,6,X12:AF12) -> 0 | AU12: =MAX(0,SUM(SUMIFS( INDEX( 'ETPT Format DDG'!$A:$ZZ,,MATCH("12. TOTAL des INDISPONIBILITÉS relevant de l'action 99",'ETPT Format DDG'!2:2,0)), INDEX( 'ETPT Format DDG'!$A:$ZZ,,MATCH("Fonction recodée",'ETPT Format DDG'!2:2,0)),"Magistrat SIEGE NS", INDEX( 'ETPT Format DDG'!$A:$ZZ,,MATCH("TJCPH",'ETPT Format DDG'!2:2,0)),"OUI"))- SUM(SUMIFS( INDEX( 'ETPT Format DDG'!$A:$ZZ,,MATCH("12.5. MISE À DISPOSITION",'ETPT Format DDG'!2:2,0)), INDEX( 'ETPT Format DDG'!$A:$ZZ,,MATCH("Fonction recodée",'ETPT Format DDG'!2:2,0)),"Magistrat SIEGE NS", INDEX( 'ETPT Format DDG'!$A:$ZZ,,MATCH("TJCPH",'ETPT Format DDG'!2:2,0)),"OUI"))) -> #N/A | AV12: =_xlfn.AGGREGATE(9,6,AH12:AU12) -> 0 | BF12: =SUM(AW12:BE12) -> 0
A13: ETPT_TJ | D13: =$D$5 | E13: 166-NC-NC | F13: Etpt autres personnels à reventiler (dont droit local,commercial- rcs, mise à disposition) | G13: =SUM(SUMIFS( INDEX( 'ETPT Format DDG'!$A:$ZZ,,MATCH("12.5. MISE À DISPOSITION",'ETPT Format DDG'!2:2,0)), INDEX( 'ETPT Format DDG'!$A:$ZZ,,MATCH("Fonction recodée",'ETPT Format DDG'!2:2,0)),"Fonctionnaire CTECH", INDEX( 'ETPT Format DDG'!$A:$ZZ,,MATCH("TJCPH",'ETPT Format DDG'!2:2,0)),"OUI"))+ _xlfn.IFNA(SUM(SUMIFS( INDEX( 'ETPT Format DDG'!$A:$ZZ,,MATCH("13. TOTAL CONTENTIEUX LOCAUX SPÉCIFIQUES",'ETPT Format DDG'!2:2,0)), INDEX( 'ETPT Format DDG'!$A:$ZZ,,MATCH("Fonction recodée",'ETPT Format DDG'!2:2,0)),"Fonctionnaire CTECH", INDEX( 'ETPT Format DDG'!$A:$ZZ,,MATCH("TJCPH",'ETPT Format DDG'!2:2,0)),"OUI")),0) -> #N/A | H13: =_xlfn.AGGREGATE(9,6,G13) -> 0 | V13: =SUM(SUMIFS( INDEX( 'ETPT Format DDG'!$A:$ZZ,,MATCH("12.5. MISE À DISPOSITION",'ETPT Format DDG'!2:2,0)), INDEX( 'ETPT Format DDG'!$A:$ZZ,,MATCH("Fonction recodée",'ETPT Format DDG'!2:2,0)),"Fonctionnaire A-B-CBUR", INDEX( 'ETPT Format DDG'!$A:$ZZ,,MATCH("TJCPH",'ETPT Format DDG'!2:2,0)),"OUI"))+ _xlfn.IFNA(SUM(SUMIFS( INDEX( 'ETPT Format DDG'!$A:$ZZ,,MATCH("13. TOTAL CONTENTIEUX LOCAUX SPÉCIFIQUES",'ETPT Format DDG'!2:2,0)), INDEX( 'ETPT Format DDG'!$A:$ZZ,,MATCH("Fonction recodée",'ETPT Format DDG'!2:2,0)),"Fonctionnaire A-B-CBUR", INDEX( 'ETPT Format DDG'!$A:$ZZ,,MATCH("TJCPH",'ETPT Format DDG'!2:2,0)),"OUI")),0) -> #N/A | W13: =_xlfn.AGGREGATE(9,6,I13:V13) -> 0 | Y13: {=SUM(SUMIFS( INDEX( 'ETPT Format DDG'!$A:$ZZ,,MATCH("12.5. MISE À DISPOSITION",'ETPT Format DDG'!2:2,0)), INDEX( 'ETPT Format DDG'!$A:$ZZ,,MATCH("Fonction",'ETPT Format DDG'!2:2,0)),{"JCP";"VPCP";"1VPCP"}, INDEX( 'ETPT Format DDG'!$A:$ZZ,,MATCH("TJCPH",'ETPT Format DDG'!2:2,0)),"OUI"))} -> #N/A | Z13: {=SUM(SUMIFS( INDEX( 'ETPT Format DDG'!$A:$ZZ,,MATCH("12.5. MISE À DISPOSITION",'ETPT Format DDG'!2:2,0)), INDEX( 'ETPT Format DDG'!$A:$ZZ,,MATCH("Fonction",'ETPT Format DDG'!2:2,0)),{"JI";"VPI";"1VPI"}, INDEX( 'ETPT Format DDG'!$A:$ZZ,,MATCH("TJCPH",'ETPT Format DDG'!2:2,0)),"OUI"))} -> #N/A | AD13: {=SUM(SUMIFS( INDEX( 'ETPT Format DDG'!$A:$ZZ,,MATCH("12.5. MISE À DISPOSITION",'ETPT Format DDG'!2:2,0)), INDEX( 'ETPT Format DDG'!$A:$ZZ,,MATCH("Fonction",'ETPT Format DDG'!2:2,0)),{"JAP";"VPAP";"1VPAP"}, INDEX( 'ETPT Format DDG'!$A:$ZZ,,MATCH("TJCPH",'ETPT Format DDG'!2:2,0)),"OUI"))} -> #N/A | AE13: {=SUM(SUMIFS( INDEX( 'ETPT Format DDG'!$A:$ZZ,,MATCH("12.5. MISE À DISPOSITION",'ETPT Format DDG'!2:2,0)), INDEX( 'ETPT Format DDG'!$A:$ZZ,,MATCH("Fonction",'ETPT Format DDG'!2:2,0)),{"JE";"VPE";"1VPE"}, INDEX( 'ETPT Format DDG'!$A:$ZZ,,MATCH("TJCPH",'ETPT Format DDG'!2:2,0)),"OUI"))} -> #N/A | AF13: {=SUM(SUMIFS( INDEX( 'ETPT Format DDG'!$A:$ZZ,,MATCH("12.5. MISE À DISPOSITION",'ETPT Format DDG'!2:2,0)), INDEX( 'ETPT Format DDG'!$A:$ZZ,,MATCH("Fonction",'ETPT Format DDG'!2:2,0)),{"VPLD";"1VPLD"}, INDEX( 'ETPT Format DDG'!$A:$ZZ,,MATCH("TJCPH",'ETPT Format DDG'!2:2,0)),"OUI"))} -> #N/A | AG13: =_xlfn.AGGREGATE(9,6,X13:AF13) -> 0 | AS13: =SUM(SUMIFS( INDEX( 'ETPT Format DDG'!$A:$ZZ,,MATCH("13. TOTAL CONTENTIEUX LOCAUX SPÉCIFIQUES",'ETPT Format DDG'!2:2,0)), INDEX( 'ETPT Format DDG'!$A:$ZZ,,MATCH("Fonction recodée",'ETPT Format DDG'!2:2,0)),"Magistrat SIEGE S", INDEX( 'ETPT Format DDG'!$A:$ZZ,,MATCH("TJCPH",'ETPT Format DDG'!2:2,0)),"OUI")) -> #N/A | AU13: =SUM(SUMIFS( INDEX( 'ETPT Format DDG'!$A:$ZZ,,MATCH("12.5. MISE À DISPOSITION",'ETPT Format DDG'!2:2,0)), INDEX( 'ETPT Format DDG'!$A:$ZZ,,MATCH("Fonction recodée",'ETPT Format DDG'!2:2,0)),"Magistrat SIEGE NS", INDEX( 'ETPT Format DDG'!$A:$ZZ,,MATCH("TJCPH",'ETPT Format DDG'!2:2,0)),"OUI"))+ _xlfn.IFNA(SUM(SUMIFS( INDEX( 'ETPT Format DDG'!$A:$ZZ,,MATCH("13. TOTAL CONTENTIEUX LOCAUX SPÉCIFIQUES",'ETPT Format DDG'!2:2,0)), INDEX( 'ETPT Format DDG'!$A:$ZZ,,MATCH("Fonction recodée",'ETPT Format DDG'!2:2,0)),"Magistrat SIEGE NS", INDEX( 'ETPT Format DDG'!$A:$ZZ,,MATCH("TJCPH",'ETPT Format DDG'!2:2,0)),"OUI")),0) -> #N/A | AV13: =_xlfn.AGGREGATE(9,6,AH13:AU13) -> 0 | BF13: =SUM(AW13:BE13) -> 0
A14: ETPT_TJ | D14: =$D$5 | E14: 166-PA-NC | F14: Etpt placés additionnels | G14: =SUM(SUMIFS( INDEX( 'ETPT A-JUST'!$A:$ZZ,,MATCH("Temps ventilés sur la période (absentéisme et action 99 déduits)",'ETPT A-JUST'!2:2,0)), INDEX( 'ETPT A-JUST'!$A:$ZZ,,MATCH("Fonction recodée",'ETPT A-JUST'!2:2,0)),"Fonctionnaire CTECH placé ADD", INDEX( 'ETPT A-JUST'!$A:$ZZ,,MATCH("TJCPH",'ETPT A-JUST'!2:2,0)),"OUI")) -> #N/A | H14: =_xlfn.AGGREGATE(9,6,G14) -> 0 | I14: =SUM(SUMIFS( INDEX( 'ETPT A-JUST'!$A:$ZZ,,MATCH("11.8. FONCTIONNAIRES AFFECTÉS AUX ACTIVITÉS CIVILES ET COMMERCIALES DU PARQUET",'ETPT A-JUST'!2:2,0)), INDEX( 'ETPT A-JUST'!$A:$ZZ,,MATCH("Fonction recodée",'ETPT A-JUST'!2:2,0)),"Fonctionnaire A-B-CBUR placé ADD", INDEX( 'ETPT A-JUST'!$A:$ZZ,,MATCH("TJCPH",'ETPT A-JUST'!2:2,0)),"OUI")) -> #N/A | J14: =SUM(SUMIFS( INDEX( 'ETPT A-JUST'!$A:$ZZ,,MATCH("11.9. FONCTIONNAIRES AFFECTÉS À L'EXÉCUTION DES PEINES",'ETPT A-JUST'!2:2,0)), INDEX( 'ETPT A-JUST'!$A:$ZZ,,MATCH("Fonction recodée",'ETPT A-JUST'!2:2,0)),"Fonctionnaire A-B-CBUR placé ADD")) -> #N/A | K14: =SUM(SUMIFS( INDEX( 'ETPT A-JUST'!$A:$ZZ,,MATCH("7.5. COUR D'ASSISES HORS JIRS",'ETPT A-JUST'!2:2,0)), INDEX( 'ETPT A-JUST'!$A:$ZZ,,MATCH("Fonction recodée",'ETPT A-JUST'!2:2,0)),"Fonctionnaire A-B-CBUR placé ADD"))+ SUM(SUMIFS( INDEX( 'ETPT A-JUST'!$A:$ZZ,,MATCH("7.51. COUR D'ASSISES JIRS",'ETPT A-JUST'!2:2,0)), INDEX( 'ETPT A-JUST'!$A:$ZZ,,MATCH("Fonction recodée",'ETPT A-JUST'!2:2,0)),"Fonctionnaire A-B-CBUR placé ADD")) -> #N/A | L14: =SUM(SUMIFS( INDEX( 'ETPT A-JUST'!$A:$ZZ,,MATCH("7.52. COUR CRIMINELLE",'ETPT A-JUST'!2:2,0)), INDEX( 'ETPT A-JUST'!$A:$ZZ,,MATCH("Fonction recodée",'ETPT A-JUST'!2:2,0)),"Fonctionnaire A-B-CBUR placé ADD")) -> #N/A | M14: =SUM(SUMIFS( INDEX( 'ETPT A-JUST'!$A:$ZZ,,MATCH("7.121. COLLÉGIALES JIRS ÉCO-FI",'ETPT A-JUST'!2:2,0)), INDEX( 'ETPT A-JUST'!$A:$ZZ,,MATCH("Fonction recodée",'ETPT A-JUST'!2:2,0)),"Fonctionnaire A-B-CBUR placé ADD", INDEX( 'ETPT A-JUST'!$A:$ZZ,,MATCH("Jirs",'ETPT A-JUST'!2:2,0)),"x")) -> #N/A | N14: =SUM(SUMIFS( INDEX( 'ETPT A-JUST'!$A:$ZZ,,MATCH("7.12. COLLÉGIALES JIRS CRIM-ORG",'ETPT A-JUST'!2:2,0)), INDEX( 'ETPT A-JUST'!$A:$ZZ,,MATCH("Fonction recodée",'ETPT A-JUST'!2:2,0)),"Fonctionnaire A-B-CBUR placé ADD")) -> #N/A | O14: =SUM(SUMIFS( INDEX( 'ETPT A-JUST'!$A:$ZZ,,MATCH("7.122. COLLÉGIALES AUTRES SECTIONS SPÉCIALISÉES",'ETPT A-JUST'!2:2,0)), INDEX( 'ETPT A-JUST'!$A:$ZZ,,MATCH("Fonction recodée",'ETPT A-JUST'!2:2,0)),"Fonctionnaire A-B-CBUR placé ADD"))+ SUM(SUMIFS( INDEX( 'ETPT A-JUST'!$A:$ZZ,,MATCH("7.121. COLLÉGIALES JIRS ÉCO-FI",'ETPT A-JUST'!2:2,0)), INDEX( 'ETPT A-JUST'!$A:$ZZ,,MATCH("Fonction recodée",'ETPT A-JUST'!2:2,0)),"Fonctionnaire A-B-CBUR placé ADD", INDEX( 'ETPT A-JUST'!$A:$ZZ,,MATCH("Jirs",'ETPT A-JUST'!2:2,0)),"")) -> #N/A | P14: =SUM(SUMIFS( INDEX( 'ETPT A-JUST'!$A:$ZZ,,MATCH("3.2. PROTECTION DES MAJEURS",'ETPT A-JUST'!2:2,0)), INDEX( 'ETPT A-JUST'!$A:$ZZ,,MATCH("Fonction recodée",'ETPT A-JUST'!2:2,0)),"Fonctionnaire A-B-CBUR placé ADD", INDEX( 'ETPT A-JUST'!$A:$ZZ,,MATCH("TJCPH",'ETPT A-JUST'!2:2,0)),"OUI")) -> #N/A | Q14: =SUM(SUMIFS( INDEX( 'ETPT A-JUST'!$A:$ZZ,,MATCH("3. TOTAL CONTENTIEUX DE LA PROTECTION",'ETPT A-JUST'!2:2,0)), INDEX( 'ETPT A-JUST'!$A:$ZZ,,MATCH("Fonction recodée",'ETPT A-JUST'!2:2,0)),"Fonctionnaire A-B-CBUR placé ADD", INDEX( 'ETPT A-JUST'!$A:$ZZ,,MATCH("TJCPH",'ETPT A-JUST'!2:2,0)),"OUI"))- SUM(SUMIFS( INDEX( 'ETPT A-JUST'!$A:$ZZ,,MATCH("3.2. PROTECTION DES MAJEURS",'ETPT A-JUST'!2:2,0)), INDEX( 'ETPT A-JUST'!$A:$ZZ,,MATCH("Fonction recodée",'ETPT A-JUST'!2:2,0)),"Fonctionnaire A-B-CBUR placé ADD", INDEX( 'ETPT A-JUST'!$A:$ZZ,,MATCH("TJCPH",'ETPT A-JUST'!2:2,0)),"OUI"))- SUM(SUMIFS( INDEX( 'ETPT A-JUST'!$A:$ZZ,,MATCH("3.43. INJONCTIONS DE PAYER",'ETPT A-JUST'!2:2,0)), INDEX( 'ETPT A-JUST'!$A:$ZZ,,MATCH("Fonction recodée",'ETPT A-JUST'!2:2,0)),"Fonctionnaire A-B-CBUR placé ADD", INDEX( 'ETPT A-JUST'!$A:$ZZ,,MATCH("TJCPH",'ETPT A-JUST'!2:2,0)),"OUI"))- SUM(SUMIFS( INDEX( 'ETPT A-JUST'!$A:$ZZ,,MATCH("3.44. SAISIE DES RÉMUNÉRATIONS",'ETPT A-JUST'!2:2,0)), INDEX( 'ETPT A-JUST'!$A:$ZZ,,MATCH("Fonction recodée",'ETPT A-JUST'!2:2,0)),"Fonctionnaire A-B-CBUR placé ADD", INDEX( 'ETPT A-JUST'!$A:$ZZ,,MATCH("TJCPH",'ETPT A-JUST'!2:2,0)),"OUI")) -> #N/A | R14: =SUM(SUMIFS( INDEX( 'ETPT A-JUST'!$A:$ZZ,,MATCH("6. TOTAL JUGES DES ENFANTS",'ETPT A-JUST'!2:2,0)), INDEX( 'ETPT A-JUST'!$A:$ZZ,,MATCH("Fonction recodée",'ETPT A-JUST'!2:2,0)),"Fonctionnaire A-B-CBUR placé ADD"))+ SUM(SUMIFS( INDEX( 'ETPT A-JUST'!$A:$ZZ,,MATCH("8. TOTAL JUGES D'INSTRUCTION",'ETPT A-JUST'!2:2,0)), INDEX( 'ETPT A-JUST'!$A:$ZZ,,MATCH("Fonction recodée",'ETPT A-JUST'!2:2,0)),"Fonctionnaire A-B-CBUR placé ADD"))+ SUM(SUMIFS( INDEX( 'ETPT A-JUST'!$A:$ZZ,,MATCH("9. TOTAL JAP",'ETPT A-JUST'!2:2,0)), INDEX( 'ETPT A-JUST'!$A:$ZZ,,MATCH("Fonction recodée",'ETPT A-JUST'!2:2,0)),"Fonctionnaire A-B-CBUR placé ADD"))+ SUM(SUMIFS( INDEX( 'ETPT A-JUST'!$A:$ZZ,,MATCH("10. TOTAL JLD PÉNAL",'ETPT A-JUST'!2:2,0)), INDEX( 'ETPT A-JUST'!$A:$ZZ,,MATCH("Fonction recodée",'ETPT A-JUST'!2:2,0)),"Fonctionnaire A-B-CBUR placé ADD")) -> #N/A | S14: =SUM(SUMIFS( INDEX( 'ETPT A-JUST'!$A:$ZZ,,MATCH("3.43. INJONCTIONS DE PAYER",'ETPT A-JUST'!2:2,0)), INDEX( 'ETPT A-JUST'!$A:$ZZ,,MATCH("Fonction recodée",'ETPT A-JUST'!2:2,0)),"Fonctionnaire A-B-CBUR placé ADD", INDEX( 'ETPT A-JUST'!$A:$ZZ,,MATCH("TJCPH",'ETPT A-JUST'!2:2,0)),"OUI"))+ SUM(SUMIFS( INDEX( 'ETPT A-JUST'!$A:$ZZ,,MATCH("3.44. SAISIE DES RÉMUNÉRATIONS",'ETPT A-JUST'!2:2,0)), INDEX( 'ETPT A-JUST'!$A:$ZZ,,MATCH("Fonction recodée",'ETPT A-JUST'!2:2,0)),"Fonctionnaire A-B-CBUR placé ADD", INDEX( 'ETPT A-JUST'!$A:$ZZ,,MATCH("TJCPH",'ETPT A-JUST'!2:2,0)),"OUI")) -> #N/A | T14: =SUM(SUMIFS( INDEX( 'ETPT A-JUST'!$A:$ZZ,,MATCH("4.0. CONTENTIEUX GÉNÉRAL <10.000€",'ETPT A-JUST'!2:2,0)), INDEX( 'ETPT A-JUST'!$A:$ZZ,,MATCH("Fonction recodée",'ETPT A-JUST'!2:2,0)),"Fonctionnaire A-B-CBUR placé ADD", INDEX( 'ETPT A-JUST'!$A:$ZZ,,MATCH("TJCPH",'ETPT A-JUST'!2:2,0)),"OUI")) -> #N/A | U14: =SUM(SUMIFS( INDEX( 'ETPT A-JUST'!$A:$ZZ,,MATCH("1. TOTAL CONTENTIEUX SOCIAL",'ETPT A-JUST'!2:2,0)), INDEX( 'ETPT A-JUST'!$A:$ZZ,,MATCH("Fonction recodée",'ETPT A-JUST'!2:2,0)),"Fonctionnaire A-B-CBUR placé ADD", INDEX( 'ETPT A-JUST'!$A:$ZZ,,MATCH("TJCPH",'ETPT A-JUST'!2:2,0)),"OUI")) -> #N/A | V14: =SUM(SUMIFS( INDEX( 'ETPT A-JUST'!$A:$ZZ,,MATCH("2. TOTAL CONTENTIEUX JAF",'ETPT A-JUST'!2:2,0)), INDEX( 'ETPT A-JUST'!$A:$ZZ,,MATCH("Fonction recodée",'ETPT A-JUST'!2:2,0)),"Fonctionnaire A-B-CBUR placé ADD", INDEX( 'ETPT A-JUST'!$A:$ZZ,,MATCH("TJCPH",'ETPT A-JUST'!2:2,0)),"OUI"))+ SUM(SUMIFS( INDEX( 'ETPT A-JUST'!$A:$ZZ,,MATCH("4. TOTAL CIVIL NON SPÉCIALISÉ",'ETPT A-JUST'!2:2,0)), INDEX( 'ETPT A-JUST'!$A:$ZZ,,MATCH("Fonction recodée",'ETPT A-JUST'!2:2,0)),"Fonctionnaire A-B-CBUR placé ADD", INDEX( 'ETPT A-JUST'!$A:$ZZ,,MATCH("TJCPH",'ETPT A-JUST'!2:2,0)),"OUI"))+ SUM(SUMIFS( INDEX( 'ETPT A-JUST'!$A:$ZZ,,MATCH("5. TOTAL JLD CIVIL",'ETPT A-JUST'!2:2,0)), INDEX( 'ETPT A-JUST'!$A:$ZZ,,MATCH("Fonction recodée",'ETPT A-JUST'!2:2,0)),"Fonctionnaire A-B-CBUR placé ADD"))+ _xlfn.IFNA(SUM(SUMIFS( INDEX( 'ETPT A-JUST'!$A:$ZZ,,MATCH("13. TOTAL CONTENTIEUX LOCAUX SPÉCIFIQUES",'ETPT A-JUST'!2:2,0)), INDEX( 'ETPT A-JUST'!$A:$ZZ,,MATCH("Fonction recodée",'ETPT A-JUST'!2:2,0)),"Fonctionnaire A-B-CBUR placé ADD", INDEX( 'ETPT A-JUST'!$A:$ZZ,,MATCH("TJCPH",'ETPT A-JUST'!2:2,0)),"OUI")),0)- SUM(SUMIFS( INDEX( 'ETPT A-JUST'!$A:$ZZ,,MATCH("4.0. CONTENTIEUX GÉNÉRAL <10.000€",'ETPT A-JUST'!2:2,0)), INDEX( 'ETPT A-JUST'!$A:$ZZ,,MATCH("Fonction recodée",'ETPT A-JUST'!2:2,0)),"Fonctionnaire A-B-CBUR placé ADD", INDEX( 'ETPT A-JUST'!$A:$ZZ,,MATCH("TJCPH",'ETPT A-JUST'!2:2,0)),"OUI"))+ SUM(SUMIFS( INDEX( 'ETPT A-JUST'!$A:$ZZ,,MATCH("11.51. ACCUEIL DU JUSTICIABLE (DONT SAUJ)",'ETPT A-JUST'!2:2,0)), INDEX( 'ETPT A-JUST'!$A:$ZZ,,MATCH("Fonction recodée",'ETPT A-JUST'!2:2,0)),"Fonctionnaire A-B-CBUR placé ADD", INDEX( 'ETPT A-JUST'!$A:$ZZ,,MATCH("TJCPH",'ETPT A-JUST'!2:2,0)),"OUI"))+ SUM(SUMIFS( INDEX( 'ETPT A-JUST'!$A:$ZZ,,MATCH("11.1. SOUTIEN (HORS FORMATIONS SUIVIES)",'ETPT A-JUST'!2:2,0)), INDEX( 'ETPT A-JUST'!$A:$ZZ,,MATCH("Fonction recodée",'ETPT A-JUST'!2:2,0)),"Fonctionnaire A-B-CBUR placé ADD", INDEX( 'ETPT A-JUST'!$A:$ZZ,,MATCH("TJCPH",'ETPT A-JUST'!2:2,0)),"OUI"))+ SUM(SUMIFS( INDEX( 'ETPT A-JUST'!$A:$ZZ,,MATCH("11.2. FORMATIONS SUIVIES",'ETPT A-JUST'!2:2,0)), INDEX( 'ETPT A-JUST'!$A:$ZZ,,MATCH("Fonction recodée",'ETPT A-JUST'!2:2,0)),"Fonctionnaire A-B-CBUR placé ADD", INDEX( 'ETPT A-JUST'!$A:$ZZ,,MATCH("TJCPH",'ETPT A-JUST'!2:2,0)),"OUI"))+ SUM(SUMIFS( INDEX( 'ETPT A-JUST'!$A:$ZZ,,MATCH("11.6. AUTRES ACTIVITÉS NON JURIDICTIONNELLES",'ETPT A-JUST'!2:2,0)), INDEX( 'ETPT A-JUST'!$A:$ZZ,,MATCH("Fonction recodée",'ETPT A-JUST'!2:2,0)),"Fonctionnaire A-B-CBUR placé ADD", INDEX( 'ETPT A-JUST'!$A:$ZZ,,MATCH("TJCPH",'ETPT A-JUST'!2:2,0)),"OUI"))+ SUM(SUMIFS( INDEX( 'ETPT A-JUST'!$A:$ZZ,,MATCH("11.3. FORMATIONS DISPENSÉES",'ETPT A-JUST'!2:2,0)), INDEX( 'ETPT A-JUST'!$A:$ZZ,,MATCH("Fonction recodée",'ETPT A-JUST'!2:2,0)),"Fonctionnaire A-B-CBUR placé ADD", INDEX( 'ETPT A-JUST'!$A:$ZZ,,MATCH("TJCPH",'ETPT A-JUST'!2:2,0)),"OUI"))+ SUM(SUMIFS( INDEX( 'ETPT A-JUST'!$A:$ZZ,,MATCH("11.4. ACCÈS AU DROIT ET À LA JUSTICE",'ETPT A-JUST'!2:2,0)), INDEX( 'ETPT A-JUST'!$A:$ZZ,,MATCH("Fonction recodée",'ETPT A-JUST'!2:2,0)),"Fonctionnaire A-B-CBUR placé ADD", INDEX( 'ETPT A-JUST'!$A:$ZZ,,MATCH("TJCPH",'ETPT A-JUST'!2:2,0)),"OUI"))+ SUMIFS( INDEX( 'ETPT A-JUST'!$A:$ZZ,,MATCH("7. TOTAL SIÈGE PÉNAL",'ETPT A-JUST'!2:2,0)), INDEX( 'ETPT A-JUST'!$A:$ZZ,,MATCH("Fonction recodée",'ETPT A-JUST'!2:2,0)),"Fonctionnaire A-B-CBUR placé ADD")+ SUMIFS( INDEX( 'ETPT A-JUST'!$A:$ZZ,,MATCH("11.10. AUTRES FONCTIONNAIRES AFFECTÉS AU PARQUET",'ETPT A-JUST'!2:2,0)), INDEX( 'ETPT A-JUST'!$A:$ZZ,,MATCH("Fonction recodée",'ETPT A-JUST'!2:2,0)),"Fonctionnaire A-B-CBUR placé ADD")- SUMIFS( INDEX( 'ETPT A-JUST'!$A:$ZZ,,MATCH("7.5. COUR D'ASSISES HORS JIRS",'ETPT A-JUST'!2:2,0)), INDEX( 'ETPT A-JUST'!$A:$ZZ,,MATCH("Fonction recodée",'ETPT A-JUST'!2:2,0)),"Fonctionnaire A-B-CBUR placé ADD")- SUMIFS( INDEX( 'ETPT A-JUST'!$A:$ZZ,,MATCH("7.51. COUR D'ASSISES JIRS",'ETPT A-JUST'!2:2,0)), INDEX( 'ETPT A-JUST'!$A:$ZZ,,MATCH("Fonction recodée",'ETPT A-JUST'!2:2,0)),"Fonctionnaire A-B-CBUR placé ADD")- SUMIFS( INDEX( 'ETPT A-JUST'!$A:$ZZ,,MATCH("7.52. COUR CRIMINELLE",'ETPT A-JUST'!2:2,0)), INDEX( 'ETPT A-JUST'!$A:$ZZ,,MATCH("Fonction recodée",'ETPT A-JUST'!2:2,0)),"Fonctionnaire A-B-CBUR placé ADD")- SUMIFS( INDEX( 'ETPT A-JUST'!$A:$ZZ,,MATCH("7.121. COLLÉGIALES JIRS ÉCO-FI",'ETPT A-JUST'!2:2,0)), INDEX( 'ETPT A-JUST'!$A:$ZZ,,MATCH("Fonction recodée",'ETPT A-JUST'!2:2,0)),"Fonctionnaire A-B-CBUR placé ADD")- SUMIFS( INDEX( 'ETPT A-JUST'!$A:$ZZ,,MATCH("7.12. COLLÉGIALES JIRS CRIM-ORG",'ETPT A-JUST'!2:2,0)), INDEX( 'ETPT A-JUST'!$A:$ZZ,,MATCH("Fonction recodée",'ETPT A-JUST'!2:2,0)),"Fonctionnaire A-B-CBUR placé ADD")- SUMIFS( INDEX( 'ETPT A-JUST'!$A:$ZZ,,MATCH("7.122. COLLÉGIALES AUTRES SECTIONS SPÉCIALISÉES",'ETPT A-JUST'!2:2,0)), INDEX( 'ETPT A-JUST'!$A:$ZZ,,MATCH("Fonction recodée",'ETPT A-JUST'!2:2,0)),"Fonctionnaire A-B-CBUR placé ADD") -> #N/A | W14: =_xlfn.AGGREGATE(9,6,I14:V14) -> 0 | X14: =SUM(SUMIFS( INDEX( 'ETPT A-JUST'!$A:$ZZ,,MATCH("3.2. PROTECTION DES MAJEURS",'ETPT A-JUST'!2:2,0)), INDEX( 'ETPT A-JUST'!$A:$ZZ,,MATCH("Fonction recodée",'ETPT A-JUST'!2:2,0)),"Magistrat placé ADD", INDEX( 'ETPT A-JUST'!$A:$ZZ,,MATCH("TJCPH",'ETPT A-JUST'!2:2,0)),"OUI")) -> #N/A | Y14: =SUM(SUMIFS( INDEX( 'ETPT A-JUST'!$A:$ZZ,,MATCH("3. TOTAL CONTENTIEUX DE LA PROTECTION",'ETPT A-JUST'!2:2,0)), INDEX( 'ETPT A-JUST'!$A:$ZZ,,MATCH("Fonction recodée",'ETPT A-JUST'!2:2,0)),"Magistrat placé ADD", INDEX( 'ETPT A-JUST'!$A:$ZZ,,MATCH("TJCPH",'ETPT A-JUST'!2:2,0)),"OUI"))- SUM(SUMIFS( INDEX( 'ETPT A-JUST'!$A:$ZZ,,MATCH("3.2. PROTECTION DES MAJEURS",'ETPT A-JUST'!2:2,0)), INDEX( 'ETPT A-JUST'!$A:$ZZ,,MATCH("Fonction recodée",'ETPT A-JUST'!2:2,0)),"Magistrat placé ADD", INDEX( 'ETPT A-JUST'!$A:$ZZ,,MATCH("TJCPH",'ETPT A-JUST'!2:2,0)),"OUI"))- SUM(SUMIFS( INDEX( 'ETPT A-JUST'!$A:$ZZ,,MATCH("3.43. INJONCTIONS DE PAYER",'ETPT A-JUST'!2:2,0)), INDEX( 'ETPT A-JUST'!$A:$ZZ,,MATCH("Fonction recodée",'ETPT A-JUST'!2:2,0)),"Magistrat placé ADD", INDEX( 'ETPT A-JUST'!$A:$ZZ,,MATCH("TJCPH",'ETPT A-JUST'!2:2,0)),"OUI"))- SUM(SUMIFS( INDEX( 'ETPT A-JUST'!$A:$ZZ,,MATCH("3.44. SAISIE DES RÉMUNÉRATIONS",'ETPT A-JUST'!2:2,0)), INDEX( 'ETPT A-JUST'!$A:$ZZ,,MATCH("Fonction recodée",'ETPT A-JUST'!2:2,0)),"Magistrat placé ADD", INDEX( 'ETPT A-JUST'!$A:$ZZ,,MATCH("TJCPH",'ETPT A-JUST'!2:2,0)),"OUI")) -> #N/A | Z14: =SUM(SUMIFS( INDEX( 'ETPT A-JUST'!$A:$ZZ,,MATCH("8.1. SERVICE GÉNÉRAL",'ETPT A-JUST'!2:2,0)), INDEX( 'ETPT A-JUST'!$A:$ZZ,,MATCH("Fonction recodée",'ETPT A-JUST'!2:2,0)),"Magistrat placé ADD")) -> #N/A | AA14: =SUM(SUMIFS( INDEX( 'ETPT A-JUST'!$A:$ZZ,,MATCH("8.2. JIRS ÉCO-FI",'ETPT A-JUST'!2:2,0)), INDEX( 'ETPT A-JUST'!$A:$ZZ,,MATCH("Fonction recodée",'ETPT A-JUST'!2:2,0)),"Magistrat placé ADD")) -> #N/A | AB14: =SUM(SUMIFS( INDEX( 'ETPT A-JUST'!$A:$ZZ,,MATCH("8.3. JIRS CRIM-ORG",'ETPT A-JUST'!2:2,0)), INDEX( 'ETPT A-JUST'!$A:$ZZ,,MATCH("Fonction recodée",'ETPT A-JUST'!2:2,0)),"Magistrat placé ADD")) -> #N/A | AC14: =SUM(SUMIFS( INDEX( 'ETPT A-JUST'!$A:$ZZ,,MATCH("8.4. AUTRES SECTIONS SPÉCIALISÉES",'ETPT A-JUST'!2:2,0)), INDEX( 'ETPT A-JUST'!$A:$ZZ,,MATCH("Fonction recodée",'ETPT A-JUST'!2:2,0)),"Magistrat placé ADD"))+ SUM(SUMIFS( INDEX( 'ETPT A-JUST'!$A:$ZZ,,MATCH("8.11. ECO-FI HORS JIRS",'ETPT A-JUST'!2:2,0)), INDEX( 'ETPT A-JUST'!$A:$ZZ,,MATCH("Fonction recodée",'ETPT A-JUST'!2:2,0)),"Magistrat placé ADD")) -> #N/A | AD14: =SUM(SUMIFS( INDEX( 'ETPT A-JUST'!$A:$ZZ,,MATCH("9. TOTAL JAP",'ETPT A-JUST'!2:2,0)), INDEX( 'ETPT A-JUST'!$A:$ZZ,,MATCH("Fonction recodée",'ETPT A-JUST'!2:2,0)),"Magistrat placé ADD")) -> #N/A | AE14: =SUM(SUMIFS( INDEX( 'ETPT A-JUST'!$A:$ZZ,,MATCH("6.1. ACTIVITÉ CIVILE",'ETPT A-JUST'!2:2,0)), INDEX( 'ETPT A-JUST'!$A:$ZZ,,MATCH("Fonction recodée",'ETPT A-JUST'!2:2,0)),"Magistrat placé ADD"))+ SUM(SUMIFS( INDEX( 'ETPT A-JUST'!$A:$ZZ,,MATCH("6.2. ACTIVITÉ PÉNALE",'ETPT A-JUST'!2:2,0)), INDEX( 'ETPT A-JUST'!$A:$ZZ,,MATCH("Fonction recodée",'ETPT A-JUST'!2:2,0)),"Magistrat placé ADD")) -> #N/A | AF14: =SUM(SUMIFS( INDEX( 'ETPT A-JUST'!$A:$ZZ,,MATCH("10. TOTAL JLD PÉNAL",'ETPT A-JUST'!2:2,0)), INDEX( 'ETPT A-JUST'!$A:$ZZ,,MATCH("Fonction recodée",'ETPT A-JUST'!2:2,0)),"Magistrat placé ADD")) -> #N/A | AG14: =_xlfn.AGGREGATE(9,6,X14:AF14) -> 0 | AH14: =SUM(SUMIFS( INDEX( 'ETPT A-JUST'!$A:$ZZ,,MATCH("7.5. COUR D'ASSISES HORS JIRS",'ETPT A-JUST'!2:2,0)), INDEX( 'ETPT A-JUST'!$A:$ZZ,,MATCH("Fonction recodée",'ETPT A-JUST'!2:2,0)),"Magistrat placé ADD"))+ SUM(SUMIFS( INDEX( 'ETPT A-JUST'!$A:$ZZ,,MATCH("7.51. COUR D'ASSISES JIRS",'ETPT A-JUST'!2:2,0)), INDEX( 'ETPT A-JUST'!$A:$ZZ,,MATCH("Fonction recodée",'ETPT A-JUST'!2:2,0)),"Magistrat placé ADD")) -> #N/A | AI14: =SUM(SUMIFS( INDEX( 'ETPT A-JUST'!$A:$ZZ,,MATCH("7.52. COUR CRIMINELLE",'ETPT A-JUST'!2:2,0)), INDEX( 'ETPT A-JUST'!$A:$ZZ,,MATCH("Fonction recodée",'ETPT A-JUST'!2:2,0)),"Magistrat placé ADD")) -> #N/A | AJ14: =SUM(SUMIFS( INDEX( 'ETPT A-JUST'!$A:$ZZ,,MATCH("7.121. COLLÉGIALES JIRS ÉCO-FI",'ETPT A-JUST'!2:2,0)), INDEX( 'ETPT A-JUST'!$A:$ZZ,,MATCH("Fonction recodée",'ETPT A-JUST'!2:2,0)),"Magistrat placé ADD", INDEX( 'ETPT A-JUST'!$A:$ZZ,,MATCH("Jirs",'ETPT A-JUST'!2:2,0)),"x")) -> #N/A | AK14: =SUM(SUMIFS( INDEX( 'ETPT A-JUST'!$A:$ZZ,,MATCH("7.12. COLLÉGIALES JIRS CRIM-ORG",'ETPT A-JUST'!2:2,0)), INDEX( 'ETPT A-JUST'!$A:$ZZ,,MATCH("Fonction recodée",'ETPT A-JUST'!2:2,0)),"Magistrat placé ADD")) -> #N/A | AL14: =SUM(SUMIFS( INDEX( 'ETPT A-JUST'!$A:$ZZ,,MATCH("7.122. COLLÉGIALES AUTRES SECTIONS SPÉCIALISÉES",'ETPT A-JUST'!2:2,0)), INDEX( 'ETPT A-JUST'!$A:$ZZ,,MATCH("Fonction recodée",'ETPT A-JUST'!2:2,0)),"Magistrat placé ADD"))+ SUM(SUMIFS( INDEX( 'ETPT A-JUST'!$A:$ZZ,,MATCH("7.121. COLLÉGIALES JIRS ÉCO-FI",'ETPT A-JUST'!2:2,0)), INDEX( 'ETPT A-JUST'!$A:$ZZ,,MATCH("Fonction recodée",'ETPT A-JUST'!2:2,0)),"Magistrat placé ADD", INDEX( 'ETPT A-JUST'!$A:$ZZ,,MATCH("Jirs",'ETPT A-JUST'!2:2,0)),"")) -> #N/A | AM14: =SUM(SUMIFS( INDEX( 'ETPT A-JUST'!$A:$ZZ,,MATCH("7.6. TRIBUNAL DE POLICE",'ETPT A-JUST'!2:2,0)), INDEX( 'ETPT A-JUST'!$A:$ZZ,,MATCH("Fonction recodée",'ETPT A-JUST'!2:2,0)),"Magistrat placé ADD"))+ SUM(SUMIFS( INDEX( 'ETPT A-JUST'!$A:$ZZ,,MATCH("7.7. OP CONTRAVENTIONNELLES",'ETPT A-JUST'!2:2,0)), INDEX( 'ETPT A-JUST'!$A:$ZZ,,MATCH("Fonction recodée",'ETPT A-JUST'!2:2,0)),"Magistrat placé ADD")) -> #N/A | AN14: =SUM(SUMIFS( INDEX( 'ETPT A-JUST'!$A:$ZZ,,MATCH("1.1. DÉPARTAGE PRUD'HOMAL",'ETPT A-JUST'!2:2,0)), INDEX( 'ETPT A-JUST'!$A:$ZZ,,MATCH("Fonction recodée",'ETPT A-JUST'!2:2,0)),"Magistrat placé ADD", INDEX( 'ETPT A-JUST'!$A:$ZZ,,MATCH("TJCPH",'ETPT A-JUST'!2:2,0)),"OUI")) -> #N/A | AO14: =SUM(SUMIFS( INDEX( 'ETPT A-JUST'!$A:$ZZ,,MATCH("4.0. CONTENTIEUX GÉNÉRAL <10.000€",'ETPT A-JUST'!2:2,0)), INDEX( 'ETPT A-JUST'!$A:$ZZ,,MATCH("Fonction recodée",'ETPT A-JUST'!2:2,0)),"Magistrat placé ADD", INDEX( 'ETPT A-JUST'!$A:$ZZ,,MATCH("TJCPH",'ETPT A-JUST'!2:2,0)),"OUI")) -> #N/A | AP14: =SUM(SUMIFS( INDEX( 'ETPT A-JUST'!$A:$ZZ,,MATCH("3.43. INJONCTIONS DE PAYER",'ETPT A-JUST'!2:2,0)), INDEX( 'ETPT A-JUST'!$A:$ZZ,,MATCH("Fonction recodée",'ETPT A-JUST'!2:2,0)),"Magistrat placé ADD", INDEX( 'ETPT A-JUST'!$A:$ZZ,,MATCH("TJCPH",'ETPT A-JUST'!2:2,0)),"OUI"))+ SUM(SUMIFS( INDEX( 'ETPT A-JUST'!$A:$ZZ,,MATCH("3.44. SAISIE DES RÉMUNÉRATIONS",'ETPT A-JUST'!2:2,0)), INDEX( 'ETPT A-JUST'!$A:$ZZ,,MATCH("Fonction recodée",'ETPT A-JUST'!2:2,0)),"Magistrat placé ADD", INDEX( 'ETPT A-JUST'!$A:$ZZ,,MATCH("TJCPH",'ETPT A-JUST'!2:2,0)),"OUI")) -> #N/A | AQ14: =MAX(0,SUM(SUMIFS( INDEX( 'ETPT A-JUST'!$A:$ZZ,,MATCH("1. TOTAL CONTENTIEUX SOCIAL",'ETPT A-JUST'!2:2,0)), INDEX( 'ETPT A-JUST'!$A:$ZZ,,MATCH("Fonction recodée",'ETPT A-JUST'!2:2,0)),"Magistrat placé ADD", INDEX( 'ETPT A-JUST'!$A:$ZZ,,MATCH("TJCPH",'ETPT A-JUST'!2:2,0)),"OUI"))- SUM(SUMIFS( INDEX( 'ETPT A-JUST'!$A:$ZZ,,MATCH("1.1. DÉPARTAGE PRUD'HOMAL",'ETPT A-JUST'!2:2,0)), INDEX( 'ETPT A-JUST'!$A:$ZZ,,MATCH("Fonction recodée",'ETPT A-JUST'!2:2,0)),"Magistrat placé ADD", INDEX( 'ETPT A-JUST'!$A:$ZZ,,MATCH("TJCPH",'ETPT A-JUST'!2:2,0)),"OUI"))) -> #N/A | AR14: =SUM(SUMIFS( INDEX( 'ETPT A-JUST'!$A:$ZZ,,MATCH("2. TOTAL CONTENTIEUX JAF",'ETPT A-JUST'!2:2,0)), INDEX( 'ETPT A-JUST'!$A:$ZZ,,MATCH("Fonction recodée",'ETPT A-JUST'!2:2,0)),"Magistrat placé ADD")) -> #N/A | AT14: =SUM(SUMIFS( INDEX( 'ETPT A-JUST'!$A:$ZZ,,MATCH("5. TOTAL JLD CIVIL",'ETPT A-JUST'!2:2,0)), INDEX( 'ETPT A-JUST'!$A:$ZZ,,MATCH("Fonction recodée",'ETPT A-JUST'!2:2,0)),"Magistrat placé ADD")) -> #N/A | AU14: =MAX(0,SUM(SUMIFS( INDEX( 'ETPT A-JUST'!$A:$ZZ,,MATCH("4. TOTAL CIVIL NON SPÉCIALISÉ",'ETPT A-JUST'!2:2,0)), INDEX( 'ETPT A-JUST'!$A:$ZZ,,MATCH("Fonction recodée",'ETPT A-JUST'!2:2,0)),"Magistrat placé ADD", INDEX( 'ETPT A-JUST'!$A:$ZZ,,MATCH("TJCPH",'ETPT A-JUST'!2:2,0)),"OUI"))- SUM(SUMIFS( INDEX( 'ETPT A-JUST'!$A:$ZZ,,MATCH("4.0. CONTENTIEUX GÉNÉRAL <10.000€",'ETPT A-JUST'!2:2,0)), INDEX( 'ETPT A-JUST'!$A:$ZZ,,MATCH("Fonction recodée",'ETPT A-JUST'!2:2,0)),"Magistrat placé ADD", INDEX( 'ETPT A-JUST'!$A:$ZZ,,MATCH("TJCPH",'ETPT A-JUST'!2:2,0)),"OUI"))+ _xlfn.IFNA(SUM(SUMIFS( INDEX( 'ETPT A-JUST'!$A:$ZZ,,MATCH("13. TOTAL CONTENTIEUX LOCAUX SPÉCIFIQUES",'ETPT A-JUST'!2:2,0)), INDEX( 'ETPT A-JUST'!$A:$ZZ,,MATCH("Fonction recodée",'ETPT A-JUST'!2:2,0)),"Magistrat placé ADD", INDEX( 'ETPT A-JUST'!$A:$ZZ,,MATCH("TJCPH",'ETPT A-JUST'!2:2,0)),"OUI")),0)+ SUM(SUMIFS( INDEX( 'ETPT A-JUST'!$A:$ZZ,,MATCH("11.51. ACCUEIL DU JUSTICIABLE (DONT SAUJ)",'ETPT A-JUST'!2:2,0)), INDEX( 'ETPT A-JUST'!$A:$ZZ,,MATCH("Fonction recodée",'ETPT A-JUST'!2:2,0)),"Magistrat placé ADD", INDEX( 'ETPT A-JUST'!$A:$ZZ,,MATCH("TJCPH",'ETPT A-JUST'!2:2,0)),"OUI"))+ SUM(SUMIFS( INDEX( 'ETPT A-JUST'!$A:$ZZ,,MATCH("11.1. SOUTIEN (HORS FORMATIONS SUIVIES)",'ETPT A-JUST'!2:2,0)), INDEX( 'ETPT A-JUST'!$A:$ZZ,,MATCH("Fonction recodée",'ETPT A-JUST'!2:2,0)),"Magistrat placé ADD", INDEX( 'ETPT A-JUST'!$A:$ZZ,,MATCH("TJCPH",'ETPT A-JUST'!2:2,0)),"OUI"))+ SUM(SUMIFS( INDEX( 'ETPT A-JUST'!$A:$ZZ,,MATCH("11.2. FORMATIONS SUIVIES",'ETPT A-JUST'!2:2,0)), INDEX( 'ETPT A-JUST'!$A:$ZZ,,MATCH("Fonction recodée",'ETPT A-JUST'!2:2,0)),"Magistrat placé ADD", INDEX( 'ETPT A-JUST'!$A:$ZZ,,MATCH("TJCPH",'ETPT A-JUST'!2:2,0)),"OUI"))+ SUM(SUMIFS( INDEX( 'ETPT A-JUST'!$A:$ZZ,,MATCH("11.6. AUTRES ACTIVITÉS NON JURIDICTIONNELLES",'ETPT A-JUST'!2:2,0)), INDEX( 'ETPT A-JUST'!$A:$ZZ,,MATCH("Fonction recodée",'ETPT A-JUST'!2:2,0)),"Magistrat placé ADD", INDEX( 'ETPT A-JUST'!$A:$ZZ,,MATCH("TJCPH",'ETPT A-JUST'!2:2,0)),"OUI"))+ SUM(SUMIFS( INDEX( 'ETPT A-JUST'!$A:$ZZ,,MATCH("11.3. FORMATIONS DISPENSÉES",'ETPT A-JUST'!2:2,0)), INDEX( 'ETPT A-JUST'!$A:$ZZ,,MATCH("Fonction recodée",'ETPT A-JUST'!2:2,0)),"Magistrat placé ADD", INDEX( 'ETPT A-JUST'!$A:$ZZ,,MATCH("TJCPH",'ETPT A-JUST'!2:2,0)),"OUI"))+ SUM(SUMIFS( INDEX( 'ETPT A-JUST'!$A:$ZZ,,MATCH("11.4. ACCÈS AU DROIT ET À LA JUSTICE",'ETPT A-JUST'!2:2,0)), INDEX( 'ETPT A-JUST'!$A:$ZZ,,MATCH("Fonction recodée",'ETPT A-JUST'!2:2,0)),"Magistrat placé ADD", INDEX( 'ETPT A-JUST'!$A:$ZZ,,MATCH("TJCPH",'ETPT A-JUST'!2:2,0)),"OUI"))+ SUM(SUMIFS( INDEX( 'ETPT A-JUST'!$A:$ZZ,,MATCH("11.5. CSM",'ETPT A-JUST'!2:2,0)), INDEX( 'ETPT A-JUST'!$A:$ZZ,,MATCH("Fonction recodée",'ETPT A-JUST'!2:2,0)),"Magistrat placé ADD", INDEX( 'ETPT A-JUST'!$A:$ZZ,,MATCH("TJCPH",'ETPT A-JUST'!2:2,0)),"OUI")) + SUM(SUMIFS( INDEX( 'ETPT A-JUST'!$A:$ZZ,,MATCH("7. TOTAL SIÈGE PÉNAL",'ETPT A-JUST'!2:2,0)), INDEX( 'ETPT A-JUST'!$A:$ZZ,,MATCH("Fonction recodée",'ETPT A-JUST'!2:2,0)),"Magistrat placé ADD"))- SUM(SUMIFS( INDEX( 'ETPT A-JUST'!$A:$ZZ,,MATCH("7.5. COUR D'ASSISES HORS JIRS",'ETPT A-JUST'!2:2,0)), INDEX( 'ETPT A-JUST'!$A:$ZZ,,MATCH("Fonction recodée",'ETPT A-JUST'!2:2,0)),"Magistrat placé ADD"))- SUM(SUMIFS( INDEX( 'ETPT A-JUST'!$A:$ZZ,,MATCH("7.51. COUR D'ASSISES JIRS",'ETPT A-JUST'!2:2,0)), INDEX( 'ETPT A-JUST'!$A:$ZZ,,MATCH("Fonction recodée",'ETPT A-JUST'!2:2,0)),"Magistrat placé ADD"))- SUM(SUMIFS( INDEX( 'ETPT A-JUST'!$A:$ZZ,,MATCH("7.52. COUR CRIMINELLE",'ETPT A-JUST'!2:2,0)), INDEX( 'ETPT A-JUST'!$A:$ZZ,,MATCH("Fonction recodée",'ETPT A-JUST'!2:2,0)),"Magistrat placé ADD"))- SUM(SUMIFS( INDEX( 'ETPT A-JUST'!$A:$ZZ,,MATCH("7.121. COLLÉGIALES JIRS ÉCO-FI",'ETPT A-JUST'!2:2,0)), INDEX( 'ETPT A-JUST'!$A:$ZZ,,MATCH("Fonction recodée",'ETPT A-JUST'!2:2,0)),"Magistrat placé ADD"))- SUM(SUMIFS( INDEX( 'ETPT A-JUST'!$A:$ZZ,,MATCH("7.12. COLLÉGIALES JIRS CRIM-ORG",'ETPT A-JUST'!2:2,0)), INDEX( 'ETPT A-JUST'!$A:$ZZ,,MATCH("Fonction recodée",'ETPT A-JUST'!2:2,0)),"Magistrat placé ADD"))- SUM(SUMIFS( INDEX( 'ETPT A-JUST'!$A:$ZZ,,MATCH("7.122. COLLÉGIALES AUTRES SECTIONS SPÉCIALISÉES",'ETPT A-JUST'!2:2,0)), INDEX( 'ETPT A-JUST'!$A:$ZZ,,MATCH("Fonction recodée",'ETPT A-JUST'!2:2,0)),"Magistrat placé ADD"))- SUM(SUMIFS( INDEX( 'ETPT A-JUST'!$A:$ZZ,,MATCH("7.6. TRIBUNAL DE POLICE",'ETPT A-JUST'!2:2,0)), INDEX( 'ETPT A-JUST'!$A:$ZZ,,MATCH("Fonction recodée",'ETPT A-JUST'!2:2,0)),"Magistrat placé ADD"))- SUM(SUMIFS( INDEX( 'ETPT A-JUST'!$A:$ZZ,,MATCH("7.7. OP CONTRAVENTIONNELLES",'ETPT A-JUST'!2:2,0)), INDEX( 'ETPT A-JUST'!$A:$ZZ,,MATCH("Fonction recodée",'ETPT A-JUST'!2:2,0)),"Magistrat placé ADD"))) -> #N/A | AV14: =_xlfn.AGGREGATE(9,6,AH14:AU14) -> 0 | BF14: =SUM(AW14:BE14) -> 0
A15: ETPT_TJ | D15: =$D$5 | E15: 166-PS-NC | F15: Etpt placés de substitution | G15: =SUM(SUMIFS( INDEX( 'ETPT A-JUST'!$A:$ZZ,,MATCH("Temps ventilés sur la période (absentéisme et action 99 déduits)",'ETPT A-JUST'!2:2,0)), INDEX( 'ETPT A-JUST'!$A:$ZZ,,MATCH("Fonction recodée",'ETPT A-JUST'!2:2,0)),"Fonctionnaire CTECH placé SUB", INDEX( 'ETPT A-JUST'!$A:$ZZ,,MATCH("TJCPH",'ETPT A-JUST'!2:2,0)),"OUI")) -> #N/A | H15: =_xlfn.AGGREGATE(9,6,G15) -> 0 | I15: =SUM(SUMIFS( INDEX( 'ETPT A-JUST'!$A:$ZZ,,MATCH("11.8. FONCTIONNAIRES AFFECTÉS AUX ACTIVITÉS CIVILES ET COMMERCIALES DU PARQUET",'ETPT A-JUST'!2:2,0)), INDEX( 'ETPT A-JUST'!$A:$ZZ,,MATCH("Fonction recodée",'ETPT A-JUST'!2:2,0)),"Fonctionnaire A-B-CBUR placé SUB", INDEX( 'ETPT A-JUST'!$A:$ZZ,,MATCH("TJCPH",'ETPT A-JUST'!2:2,0)),"OUI")) -> #N/A | J15: =SUM(SUMIFS( INDEX( 'ETPT A-JUST'!$A:$ZZ,,MATCH("11.9. FONCTIONNAIRES AFFECTÉS À L'EXÉCUTION DES PEINES",'ETPT A-JUST'!2:2,0)), INDEX( 'ETPT A-JUST'!$A:$ZZ,,MATCH("Fonction recodée",'ETPT A-JUST'!2:2,0)),"Fonctionnaire A-B-CBUR placé SUB")) -> #N/A | K15: =SUM(SUMIFS( INDEX( 'ETPT A-JUST'!$A:$ZZ,,MATCH("7.5. COUR D'ASSISES HORS JIRS",'ETPT A-JUST'!2:2,0)), INDEX( 'ETPT A-JUST'!$A:$ZZ,,MATCH("Fonction recodée",'ETPT A-JUST'!2:2,0)),"Fonctionnaire A-B-CBUR placé SUB"))+ SUM(SUMIFS( INDEX( 'ETPT A-JUST'!$A:$ZZ,,MATCH("7.51. COUR D'ASSISES JIRS",'ETPT A-JUST'!2:2,0)), INDEX( 'ETPT A-JUST'!$A:$ZZ,,MATCH("Fonction recodée",'ETPT A-JUST'!2:2,0)),"Fonctionnaire A-B-CBUR placé SUB")) -> #N/A | L15: =SUM(SUMIFS( INDEX( 'ETPT A-JUST'!$A:$ZZ,,MATCH("7.52. COUR CRIMINELLE",'ETPT A-JUST'!2:2,0)), INDEX( 'ETPT A-JUST'!$A:$ZZ,,MATCH("Fonction recodée",'ETPT A-JUST'!2:2,0)),"Fonctionnaire A-B-CBUR placé SUB")) -> #N/A | M15: =SUM(SUMIFS( INDEX( 'ETPT A-JUST'!$A:$ZZ,,MATCH("7.121. COLLÉGIALES JIRS ÉCO-FI",'ETPT A-JUST'!2:2,0)), INDEX( 'ETPT A-JUST'!$A:$ZZ,,MATCH("Fonction recodée",'ETPT A-JUST'!2:2,0)),"Fonctionnaire A-B-CBUR placé SUB", INDEX( 'ETPT A-JUST'!$A:$ZZ,,MATCH("Jirs",'ETPT A-JUST'!2:2,0)),"x")) -> #N/A | N15: =SUM(SUMIFS( INDEX( 'ETPT A-JUST'!$A:$ZZ,,MATCH("7.12. COLLÉGIALES JIRS CRIM-ORG",'ETPT A-JUST'!2:2,0)), INDEX( 'ETPT A-JUST'!$A:$ZZ,,MATCH("Fonction recodée",'ETPT A-JUST'!2:2,0)),"Fonctionnaire A-B-CBUR placé SUB")) -> #N/A | O15: =SUM(SUMIFS( INDEX( 'ETPT A-JUST'!$A:$ZZ,,MATCH("7.122. COLLÉGIALES AUTRES SECTIONS SPÉCIALISÉES",'ETPT A-JUST'!2:2,0)), INDEX( 'ETPT A-JUST'!$A:$ZZ,,MATCH("Fonction recodée",'ETPT A-JUST'!2:2,0)),"Fonctionnaire A-B-CBUR placé SUB"))+ SUM(SUMIFS( INDEX( 'ETPT A-JUST'!$A:$ZZ,,MATCH("7.121. COLLÉGIALES JIRS ÉCO-FI",'ETPT A-JUST'!2:2,0)), INDEX( 'ETPT A-JUST'!$A:$ZZ,,MATCH("Fonction recodée",'ETPT A-JUST'!2:2,0)),"Fonctionnaire A-B-CBUR placé SUB", INDEX( 'ETPT A-JUST'!$A:$ZZ,,MATCH("Jirs",'ETPT A-JUST'!2:2,0)),"")) -> #N/A | P15: =SUM(SUMIFS( INDEX( 'ETPT A-JUST'!$A:$ZZ,,MATCH("3.2. PROTECTION DES MAJEURS",'ETPT A-JUST'!2:2,0)), INDEX( 'ETPT A-JUST'!$A:$ZZ,,MATCH("Fonction recodée",'ETPT A-JUST'!2:2,0)),"Fonctionnaire A-B-CBUR placé SUB", INDEX( 'ETPT A-JUST'!$A:$ZZ,,MATCH("TJCPH",'ETPT A-JUST'!2:2,0)),"OUI")) -> #N/A | Q15: =SUM(SUMIFS( INDEX( 'ETPT A-JUST'!$A:$ZZ,,MATCH("3. TOTAL CONTENTIEUX DE LA PROTECTION",'ETPT A-JUST'!2:2,0)), INDEX( 'ETPT A-JUST'!$A:$ZZ,,MATCH("Fonction recodée",'ETPT A-JUST'!2:2,0)),"Fonctionnaire A-B-CBUR placé SUB", INDEX( 'ETPT A-JUST'!$A:$ZZ,,MATCH("TJCPH",'ETPT A-JUST'!2:2,0)),"OUI"))- SUM(SUMIFS( INDEX( 'ETPT A-JUST'!$A:$ZZ,,MATCH("3.2. PROTECTION DES MAJEURS",'ETPT A-JUST'!2:2,0)), INDEX( 'ETPT A-JUST'!$A:$ZZ,,MATCH("Fonction recodée",'ETPT A-JUST'!2:2,0)),"Fonctionnaire A-B-CBUR placé SUB", INDEX( 'ETPT A-JUST'!$A:$ZZ,,MATCH("TJCPH",'ETPT A-JUST'!2:2,0)),"OUI"))- SUM(SUMIFS( INDEX( 'ETPT A-JUST'!$A:$ZZ,,MATCH("3.43. INJONCTIONS DE PAYER",'ETPT A-JUST'!2:2,0)), INDEX( 'ETPT A-JUST'!$A:$ZZ,,MATCH("Fonction recodée",'ETPT A-JUST'!2:2,0)),"Fonctionnaire A-B-CBUR placé SUB", INDEX( 'ETPT A-JUST'!$A:$ZZ,,MATCH("TJCPH",'ETPT A-JUST'!2:2,0)),"OUI"))- SUM(SUMIFS( INDEX( 'ETPT A-JUST'!$A:$ZZ,,MATCH("3.44. SAISIE DES RÉMUNÉRATIONS",'ETPT A-JUST'!2:2,0)), INDEX( 'ETPT A-JUST'!$A:$ZZ,,MATCH("Fonction recodée",'ETPT A-JUST'!2:2,0)),"Fonctionnaire A-B-CBUR placé SUB", INDEX( 'ETPT A-JUST'!$A:$ZZ,,MATCH("TJCPH",'ETPT A-JUST'!2:2,0)),"OUI")) -> #N/A | R15: =SUM(SUMIFS( INDEX( 'ETPT A-JUST'!$A:$ZZ,,MATCH("6. TOTAL JUGES DES ENFANTS",'ETPT A-JUST'!2:2,0)), INDEX( 'ETPT A-JUST'!$A:$ZZ,,MATCH("Fonction recodée",'ETPT A-JUST'!2:2,0)),"Fonctionnaire A-B-CBUR placé SUB"))+ SUM(SUMIFS( INDEX( 'ETPT A-JUST'!$A:$ZZ,,MATCH("8. TOTAL JUGES D'INSTRUCTION",'ETPT A-JUST'!2:2,0)), INDEX( 'ETPT A-JUST'!$A:$ZZ,,MATCH("Fonction recodée",'ETPT A-JUST'!2:2,0)),"Fonctionnaire A-B-CBUR placé SUB"))+ SUM(SUMIFS( INDEX( 'ETPT A-JUST'!$A:$ZZ,,MATCH("9. TOTAL JAP",'ETPT A-JUST'!2:2,0)), INDEX( 'ETPT A-JUST'!$A:$ZZ,,MATCH("Fonction recodée",'ETPT A-JUST'!2:2,0)),"Fonctionnaire A-B-CBUR placé SUB"))+ SUM(SUMIFS( INDEX( 'ETPT A-JUST'!$A:$ZZ,,MATCH("10. TOTAL JLD PÉNAL",'ETPT A-JUST'!2:2,0)), INDEX( 'ETPT A-JUST'!$A:$ZZ,,MATCH("Fonction recodée",'ETPT A-JUST'!2:2,0)),"Fonctionnaire A-B-CBUR placé SUB")) -> #N/A | S15: =SUM(SUMIFS( INDEX( 'ETPT A-JUST'!$A:$ZZ,,MATCH("3.43. INJONCTIONS DE PAYER",'ETPT A-JUST'!2:2,0)), INDEX( 'ETPT A-JUST'!$A:$ZZ,,MATCH("Fonction recodée",'ETPT A-JUST'!2:2,0)),"Fonctionnaire A-B-CBUR placé SUB", INDEX( 'ETPT A-JUST'!$A:$ZZ,,MATCH("TJCPH",'ETPT A-JUST'!2:2,0)),"OUI"))+ SUM(SUMIFS( INDEX( 'ETPT A-JUST'!$A:$ZZ,,MATCH("3.44. SAISIE DES RÉMUNÉRATIONS",'ETPT A-JUST'!2:2,0)), INDEX( 'ETPT A-JUST'!$A:$ZZ,,MATCH("Fonction recodée",'ETPT A-JUST'!2:2,0)),"Fonctionnaire A-B-CBUR placé SUB", INDEX( 'ETPT A-JUST'!$A:$ZZ,,MATCH("TJCPH",'ETPT A-JUST'!2:2,0)),"OUI")) -> #N/A | T15: =SUM(SUMIFS( INDEX( 'ETPT A-JUST'!$A:$ZZ,,MATCH("4.0. CONTENTIEUX GÉNÉRAL <10.000€",'ETPT A-JUST'!2:2,0)), INDEX( 'ETPT A-JUST'!$A:$ZZ,,MATCH("Fonction recodée",'ETPT A-JUST'!2:2,0)),"Fonctionnaire A-B-CBUR placé SUB", INDEX( 'ETPT A-JUST'!$A:$ZZ,,MATCH("TJCPH",'ETPT A-JUST'!2:2,0)),"OUI")) -> #N/A | U15: =SUM(SUMIFS( INDEX( 'ETPT A-JUST'!$A:$ZZ,,MATCH("1. TOTAL CONTENTIEUX SOCIAL",'ETPT A-JUST'!2:2,0)), INDEX( 'ETPT A-JUST'!$A:$ZZ,,MATCH("Fonction recodée",'ETPT A-JUST'!2:2,0)),"Fonctionnaire A-B-CBUR placé SUB", INDEX( 'ETPT A-JUST'!$A:$ZZ,,MATCH("TJCPH",'ETPT A-JUST'!2:2,0)),"OUI")) -> #N/A | V15: =SUM(SUMIFS( INDEX( 'ETPT A-JUST'!$A:$ZZ,,MATCH("2. TOTAL CONTENTIEUX JAF",'ETPT A-JUST'!2:2,0)), INDEX( 'ETPT A-JUST'!$A:$ZZ,,MATCH("Fonction recodée",'ETPT A-JUST'!2:2,0)),"Fonctionnaire A-B-CBUR placé SUB", INDEX( 'ETPT A-JUST'!$A:$ZZ,,MATCH("TJCPH",'ETPT A-JUST'!2:2,0)),"OUI"))+ SUM(SUMIFS( INDEX( 'ETPT A-JUST'!$A:$ZZ,,MATCH("4. TOTAL CIVIL NON SPÉCIALISÉ",'ETPT A-JUST'!2:2,0)), INDEX( 'ETPT A-JUST'!$A:$ZZ,,MATCH("Fonction recodée",'ETPT A-JUST'!2:2,0)),"Fonctionnaire A-B-CBUR placé SUB", INDEX( 'ETPT A-JUST'!$A:$ZZ,,MATCH("TJCPH",'ETPT A-JUST'!2:2,0)),"OUI"))+ SUM(SUMIFS( INDEX( 'ETPT A-JUST'!$A:$ZZ,,MATCH("5. TOTAL JLD CIVIL",'ETPT A-JUST'!2:2,0)), INDEX( 'ETPT A-JUST'!$A:$ZZ,,MATCH("Fonction recodée",'ETPT A-JUST'!2:2,0)),"Fonctionnaire A-B-CBUR placé SUB"))+ _xlfn.IFNA(SUM(SUMIFS( INDEX( 'ETPT A-JUST'!$A:$ZZ,,MATCH("13. TOTAL CONTENTIEUX LOCAUX SPÉCIFIQUES",'ETPT A-JUST'!2:2,0)), INDEX( 'ETPT A-JUST'!$A:$ZZ,,MATCH("Fonction recodée",'ETPT A-JUST'!2:2,0)),"Fonctionnaire A-B-CBUR placé SUB", INDEX( 'ETPT A-JUST'!$A:$ZZ,,MATCH("TJCPH",'ETPT A-JUST'!2:2,0)),"OUI")),0)- SUM(SUMIFS( INDEX( 'ETPT A-JUST'!$A:$ZZ,,MATCH("4.0. CONTENTIEUX GÉNÉRAL <10.000€",'ETPT A-JUST'!2:2,0)), INDEX( 'ETPT A-JUST'!$A:$ZZ,,MATCH("Fonction recodée",'ETPT A-JUST'!2:2,0)),"Fonctionnaire A-B-CBUR placé SUB", INDEX( 'ETPT A-JUST'!$A:$ZZ,,MATCH("TJCPH",'ETPT A-JUST'!2:2,0)),"OUI"))+ SUM(SUMIFS( INDEX( 'ETPT A-JUST'!$A:$ZZ,,MATCH("11.51. ACCUEIL DU JUSTICIABLE (DONT SAUJ)",'ETPT A-JUST'!2:2,0)), INDEX( 'ETPT A-JUST'!$A:$ZZ,,MATCH("Fonction recodée",'ETPT A-JUST'!2:2,0)),"Fonctionnaire A-B-CBUR placé SUB", INDEX( 'ETPT A-JUST'!$A:$ZZ,,MATCH("TJCPH",'ETPT A-JUST'!2:2,0)),"OUI"))+ SUM(SUMIFS( INDEX( 'ETPT A-JUST'!$A:$ZZ,,MATCH("11.1. SOUTIEN (HORS FORMATIONS SUIVIES)",'ETPT A-JUST'!2:2,0)), INDEX( 'ETPT A-JUST'!$A:$ZZ,,MATCH("Fonction recodée",'ETPT A-JUST'!2:2,0)),"Fonctionnaire A-B-CBUR placé SUB", INDEX( 'ETPT A-JUST'!$A:$ZZ,,MATCH("TJCPH",'ETPT A-JUST'!2:2,0)),"OUI"))+ SUM(SUMIFS( INDEX( 'ETPT A-JUST'!$A:$ZZ,,MATCH("11.2. FORMATIONS SUIVIES",'ETPT A-JUST'!2:2,0)), INDEX( 'ETPT A-JUST'!$A:$ZZ,,MATCH("Fonction recodée",'ETPT A-JUST'!2:2,0)),"Fonctionnaire A-B-CBUR placé SUB", INDEX( 'ETPT A-JUST'!$A:$ZZ,,MATCH("TJCPH",'ETPT A-JUST'!2:2,0)),"OUI"))+ SUM(SUMIFS( INDEX( 'ETPT A-JUST'!$A:$ZZ,,MATCH("11.6. AUTRES ACTIVITÉS NON JURIDICTIONNELLES",'ETPT A-JUST'!2:2,0)), INDEX( 'ETPT A-JUST'!$A:$ZZ,,MATCH("Fonction recodée",'ETPT A-JUST'!2:2,0)),"Fonctionnaire A-B-CBUR placé SUB", INDEX( 'ETPT A-JUST'!$A:$ZZ,,MATCH("TJCPH",'ETPT A-JUST'!2:2,0)),"OUI"))+ SUM(SUMIFS( INDEX( 'ETPT A-JUST'!$A:$ZZ,,MATCH("11.3. FORMATIONS DISPENSÉES",'ETPT A-JUST'!2:2,0)), INDEX( 'ETPT A-JUST'!$A:$ZZ,,MATCH("Fonction recodée",'ETPT A-JUST'!2:2,0)),"Fonctionnaire A-B-CBUR placé SUB", INDEX( 'ETPT A-JUST'!$A:$ZZ,,MATCH("TJCPH",'ETPT A-JUST'!2:2,0)),"OUI"))+ SUM(SUMIFS( INDEX( 'ETPT A-JUST'!$A:$ZZ,,MATCH("11.4. ACCÈS AU DROIT ET À LA JUSTICE",'ETPT A-JUST'!2:2,0)), INDEX( 'ETPT A-JUST'!$A:$ZZ,,MATCH("Fonction recodée",'ETPT A-JUST'!2:2,0)),"Fonctionnaire A-B-CBUR placé SUB", INDEX( 'ETPT A-JUST'!$A:$ZZ,,MATCH("TJCPH",'ETPT A-JUST'!2:2,0)),"OUI"))+ SUMIFS( INDEX( 'ETPT A-JUST'!$A:$ZZ,,MATCH("7. TOTAL SIÈGE PÉNAL",'ETPT A-JUST'!2:2,0)), INDEX( 'ETPT A-JUST'!$A:$ZZ,,MATCH("Fonction recodée",'ETPT A-JUST'!2:2,0)),"Fonctionnaire A-B-CBUR placé SUB")+ SUMIFS( INDEX( 'ETPT A-JUST'!$A:$ZZ,,MATCH("11.10. AUTRES FONCTIONNAIRES AFFECTÉS AU PARQUET",'ETPT A-JUST'!2:2,0)), INDEX( 'ETPT A-JUST'!$A:$ZZ,,MATCH("Fonction recodée",'ETPT A-JUST'!2:2,0)),"Fonctionnaire A-B-CBUR placé SUB")- SUMIFS( INDEX( 'ETPT A-JUST'!$A:$ZZ,,MATCH("7.5. COUR D'ASSISES HORS JIRS",'ETPT A-JUST'!2:2,0)), INDEX( 'ETPT A-JUST'!$A:$ZZ,,MATCH("Fonction recodée",'ETPT A-JUST'!2:2,0)),"Fonctionnaire A-B-CBUR placé SUB")- SUMIFS( INDEX( 'ETPT A-JUST'!$A:$ZZ,,MATCH("7.51. COUR D'ASSISES JIRS",'ETPT A-JUST'!2:2,0)), INDEX( 'ETPT A-JUST'!$A:$ZZ,,MATCH("Fonction recodée",'ETPT A-JUST'!2:2,0)),"Fonctionnaire A-B-CBUR placé SUB")- SUMIFS( INDEX( 'ETPT A-JUST'!$A:$ZZ,,MATCH("7.52. COUR CRIMINELLE",'ETPT A-JUST'!2:2,0)), INDEX( 'ETPT A-JUST'!$A:$ZZ,,MATCH("Fonction recodée",'ETPT A-JUST'!2:2,0)),"Fonctionnaire A-B-CBUR placé SUB")- SUMIFS( INDEX( 'ETPT A-JUST'!$A:$ZZ,,MATCH("7.121. COLLÉGIALES JIRS ÉCO-FI",'ETPT A-JUST'!2:2,0)), INDEX( 'ETPT A-JUST'!$A:$ZZ,,MATCH("Fonction recodée",'ETPT A-JUST'!2:2,0)),"Fonctionnaire A-B-CBUR placé SUB")- SUMIFS( INDEX( 'ETPT A-JUST'!$A:$ZZ,,MATCH("7.12. COLLÉGIALES JIRS CRIM-ORG",'ETPT A-JUST'!2:2,0)), INDEX( 'ETPT A-JUST'!$A:$ZZ,,MATCH("Fonction recodée",'ETPT A-JUST'!2:2,0)),"Fonctionnaire A-B-CBUR placé SUB")- SUMIFS( INDEX( 'ETPT A-JUST'!$A:$ZZ,,MATCH("7.122. COLLÉGIALES AUTRES SECTIONS SPÉCIALISÉES",'ETPT A-JUST'!2:2,0)), INDEX( 'ETPT A-JUST'!$A:$ZZ,,MATCH("Fonction recodée",'ETPT A-JUST'!2:2,0)),"Fonctionnaire A-B-CBUR placé SUB") -> #N/A | W15: =_xlfn.AGGREGATE(9,6,I15:V15) -> 0 | X15: =SUM(SUMIFS( INDEX( 'ETPT A-JUST'!$A:$ZZ,,MATCH("3.2. PROTECTION DES MAJEURS",'ETPT A-JUST'!2:2,0)), INDEX( 'ETPT A-JUST'!$A:$ZZ,,MATCH("Fonction recodée",'ETPT A-JUST'!2:2,0)),"Magistrat placé SUB", INDEX( 'ETPT A-JUST'!$A:$ZZ,,MATCH("TJCPH",'ETPT A-JUST'!2:2,0)),"OUI")) -> #N/A | Y15: =MAX(0,SUM(SUMIFS( INDEX( 'ETPT A-JUST'!$A:$ZZ,,MATCH("3. TOTAL CONTENTIEUX DE LA PROTECTION",'ETPT A-JUST'!2:2,0)), INDEX( 'ETPT A-JUST'!$A:$ZZ,,MATCH("Fonction recodée",'ETPT A-JUST'!2:2,0)),"Magistrat placé SUB", INDEX( 'ETPT A-JUST'!$A:$ZZ,,MATCH("TJCPH",'ETPT A-JUST'!2:2,0)),"OUI"))- SUM(SUMIFS( INDEX( 'ETPT A-JUST'!$A:$ZZ,,MATCH("3.2. PROTECTION DES MAJEURS",'ETPT A-JUST'!2:2,0)), INDEX( 'ETPT A-JUST'!$A:$ZZ,,MATCH("Fonction recodée",'ETPT A-JUST'!2:2,0)),"Magistrat placé SUB", INDEX( 'ETPT A-JUST'!$A:$ZZ,,MATCH("TJCPH",'ETPT A-JUST'!2:2,0)),"OUI"))- SUM(SUMIFS( INDEX( 'ETPT A-JUST'!$A:$ZZ,,MATCH("3.43. INJONCTIONS DE PAYER",'ETPT A-JUST'!2:2,0)), INDEX( 'ETPT A-JUST'!$A:$ZZ,,MATCH("Fonction recodée",'ETPT A-JUST'!2:2,0)),"Magistrat placé SUB", INDEX( 'ETPT A-JUST'!$A:$ZZ,,MATCH("TJCPH",'ETPT A-JUST'!2:2,0)),"OUI"))- SUM(SUMIFS( INDEX( 'ETPT A-JUST'!$A:$ZZ,,MATCH("3.44. SAISIE DES RÉMUNÉRATIONS",'ETPT A-JUST'!2:2,0)), INDEX( 'ETPT A-JUST'!$A:$ZZ,,MATCH("Fonction recodée",'ETPT A-JUST'!2:2,0)),"Magistrat placé SUB", INDEX( 'ETPT A-JUST'!$A:$ZZ,,MATCH("TJCPH",'ETPT A-JUST'!2:2,0)),"OUI"))) -> #N/A | Z15: =SUM(SUMIFS( INDEX( 'ETPT A-JUST'!$A:$ZZ,,MATCH("8.1. SERVICE GÉNÉRAL",'ETPT A-JUST'!2:2,0)), INDEX( 'ETPT A-JUST'!$A:$ZZ,,MATCH("Fonction recodée",'ETPT A-JUST'!2:2,0)),"Magistrat placé SUB")) -> #N/A | AA15: =SUM(SUMIFS( INDEX( 'ETPT A-JUST'!$A:$ZZ,,MATCH("8.2. JIRS ÉCO-FI",'ETPT A-JUST'!2:2,0)), INDEX( 'ETPT A-JUST'!$A:$ZZ,,MATCH("Fonction recodée",'ETPT A-JUST'!2:2,0)),"Magistrat placé SUB")) -> #N/A | AB15: =SUM(SUMIFS( INDEX( 'ETPT A-JUST'!$A:$ZZ,,MATCH("8.3. JIRS CRIM-ORG",'ETPT A-JUST'!2:2,0)), INDEX( 'ETPT A-JUST'!$A:$ZZ,,MATCH("Fonction recodée",'ETPT A-JUST'!2:2,0)),"Magistrat placé SUB")) -> #N/A | AC15: =SUM(SUMIFS( INDEX( 'ETPT A-JUST'!$A:$ZZ,,MATCH("8.4. AUTRES SECTIONS SPÉCIALISÉES",'ETPT A-JUST'!2:2,0)), INDEX( 'ETPT A-JUST'!$A:$ZZ,,MATCH("Fonction recodée",'ETPT A-JUST'!2:2,0)),"Magistrat placé SUB"))+ SUM(SUMIFS( INDEX( 'ETPT A-JUST'!$A:$ZZ,,MATCH("8.11. ECO-FI HORS JIRS",'ETPT A-JUST'!2:2,0)), INDEX( 'ETPT A-JUST'!$A:$ZZ,,MATCH("Fonction recodée",'ETPT A-JUST'!2:2,0)),"Magistrat placé SUB")) -> #N/A | AD15: =SUM(SUMIFS( INDEX( 'ETPT A-JUST'!$A:$ZZ,,MATCH("9. TOTAL JAP",'ETPT A-JUST'!2:2,0)), INDEX( 'ETPT A-JUST'!$A:$ZZ,,MATCH("Fonction recodée",'ETPT A-JUST'!2:2,0)),"Magistrat placé SUB")) -> #N/A | AE15: =SUM(SUMIFS( INDEX( 'ETPT A-JUST'!$A:$ZZ,,MATCH("6.1. ACTIVITÉ CIVILE",'ETPT A-JUST'!2:2,0)), INDEX( 'ETPT A-JUST'!$A:$ZZ,,MATCH("Fonction recodée",'ETPT A-JUST'!2:2,0)),"Magistrat placé SUB"))+ SUM(SUMIFS( INDEX( 'ETPT A-JUST'!$A:$ZZ,,MATCH("6.2. ACTIVITÉ PÉNALE",'ETPT A-JUST'!2:2,0)), INDEX( 'ETPT A-JUST'!$A:$ZZ,,MATCH("Fonction recodée",'ETPT A-JUST'!2:2,0)),"Magistrat placé SUB")) -> #N/A | AF15: =SUM(SUMIFS( INDEX( 'ETPT A-JUST'!$A:$ZZ,,MATCH("10. TOTAL JLD PÉNAL",'ETPT A-JUST'!2:2,0)), INDEX( 'ETPT A-JUST'!$A:$ZZ,,MATCH("Fonction recodée",'ETPT A-JUST'!2:2,0)),"Magistrat placé SUB")) -> #N/A | AG15: =_xlfn.AGGREGATE(9,6,X15:AF15) -> 0 | AH15: =SUM(SUMIFS( INDEX( 'ETPT A-JUST'!$A:$ZZ,,MATCH("7.5. COUR D'ASSISES HORS JIRS",'ETPT A-JUST'!2:2,0)), INDEX( 'ETPT A-JUST'!$A:$ZZ,,MATCH("Fonction recodée",'ETPT A-JUST'!2:2,0)),"Magistrat placé SUB"))+ SUM(SUMIFS( INDEX( 'ETPT A-JUST'!$A:$ZZ,,MATCH("7.51. COUR D'ASSISES JIRS",'ETPT A-JUST'!2:2,0)), INDEX( 'ETPT A-JUST'!$A:$ZZ,,MATCH("Fonction recodée",'ETPT A-JUST'!2:2,0)),"Magistrat placé SUB")) -> #N/A | AI15: =SUM(SUMIFS( INDEX( 'ETPT A-JUST'!$A:$ZZ,,MATCH("7.52. COUR CRIMINELLE",'ETPT A-JUST'!2:2,0)), INDEX( 'ETPT A-JUST'!$A:$ZZ,,MATCH("Fonction recodée",'ETPT A-JUST'!2:2,0)),"Magistrat placé SUB")) -> #N/A | AJ15: =SUM(SUMIFS( INDEX( 'ETPT A-JUST'!$A:$ZZ,,MATCH("7.121. COLLÉGIALES JIRS ÉCO-FI",'ETPT A-JUST'!2:2,0)), INDEX( 'ETPT A-JUST'!$A:$ZZ,,MATCH("Fonction recodée",'ETPT A-JUST'!2:2,0)),"Magistrat placé SUB", INDEX( 'ETPT A-JUST'!$A:$ZZ,,MATCH("Jirs",'ETPT A-JUST'!2:2,0)),"x")) -> #N/A | AK15: =SUM(SUMIFS( INDEX( 'ETPT A-JUST'!$A:$ZZ,,MATCH("7.12. COLLÉGIALES JIRS CRIM-ORG",'ETPT A-JUST'!2:2,0)), INDEX( 'ETPT A-JUST'!$A:$ZZ,,MATCH("Fonction recodée",'ETPT A-JUST'!2:2,0)),"Magistrat placé SUB")) -> #N/A | AL15: =SUM(SUMIFS( INDEX( 'ETPT A-JUST'!$A:$ZZ,,MATCH("7.122. COLLÉGIALES AUTRES SECTIONS SPÉCIALISÉES",'ETPT A-JUST'!2:2,0)), INDEX( 'ETPT A-JUST'!$A:$ZZ,,MATCH("Fonction recodée",'ETPT A-JUST'!2:2,0)),"Magistrat placé SUB"))+ SUM(SUMIFS( INDEX( 'ETPT A-JUST'!$A:$ZZ,,MATCH("7.121. COLLÉGIALES JIRS ÉCO-FI",'ETPT A-JUST'!2:2,0)), INDEX( 'ETPT A-JUST'!$A:$ZZ,,MATCH("Fonction recodée",'ETPT A-JUST'!2:2,0)),"Magistrat placé SUB", INDEX( 'ETPT A-JUST'!$A:$ZZ,,MATCH("Jirs",'ETPT A-JUST'!2:2,0)),"")) -> #N/A | AM15: =SUM(SUMIFS( INDEX( 'ETPT A-JUST'!$A:$ZZ,,MATCH("7.6. TRIBUNAL DE POLICE",'ETPT A-JUST'!2:2,0)), INDEX( 'ETPT A-JUST'!$A:$ZZ,,MATCH("Fonction recodée",'ETPT A-JUST'!2:2,0)),"Magistrat placé SUB"))+ SUM(SUMIFS( INDEX( 'ETPT A-JUST'!$A:$ZZ,,MATCH("7.7. OP CONTRAVENTIONNELLES",'ETPT A-JUST'!2:2,0)), INDEX( 'ETPT A-JUST'!$A:$ZZ,,MATCH("Fonction recodée",'ETPT A-JUST'!2:2,0)),"Magistrat placé SUB")) -> #N/A | AN15: =SUM(SUMIFS( INDEX( 'ETPT A-JUST'!$A:$ZZ,,MATCH("1.1. DÉPARTAGE PRUD'HOMAL",'ETPT A-JUST'!2:2,0)), INDEX( 'ETPT A-JUST'!$A:$ZZ,,MATCH("Fonction recodée",'ETPT A-JUST'!2:2,0)),"Magistrat placé SUB", INDEX( 'ETPT A-JUST'!$A:$ZZ,,MATCH("TJCPH",'ETPT A-JUST'!2:2,0)),"OUI")) -> #N/A | AO15: =SUM(SUMIFS( INDEX( 'ETPT A-JUST'!$A:$ZZ,,MATCH("4.0. CONTENTIEUX GÉNÉRAL <10.000€",'ETPT A-JUST'!2:2,0)), INDEX( 'ETPT A-JUST'!$A:$ZZ,,MATCH("Fonction recodée",'ETPT A-JUST'!2:2,0)),"Magistrat placé SUB", INDEX( 'ETPT A-JUST'!$A:$ZZ,,MATCH("TJCPH",'ETPT A-JUST'!2:2,0)),"OUI")) -> #N/A | AP15: =SUM(SUMIFS( INDEX( 'ETPT A-JUST'!$A:$ZZ,,MATCH("3.43. INJONCTIONS DE PAYER",'ETPT A-JUST'!2:2,0)), INDEX( 'ETPT A-JUST'!$A:$ZZ,,MATCH("Fonction recodée",'ETPT A-JUST'!2:2,0)),"Magistrat placé SUB", INDEX( 'ETPT A-JUST'!$A:$ZZ,,MATCH("TJCPH",'ETPT A-JUST'!2:2,0)),"OUI"))+ SUM(SUMIFS( INDEX( 'ETPT A-JUST'!$A:$ZZ,,MATCH("3.44. SAISIE DES RÉMUNÉRATIONS",'ETPT A-JUST'!2:2,0)), INDEX( 'ETPT A-JUST'!$A:$ZZ,,MATCH("Fonction recodée",'ETPT A-JUST'!2:2,0)),"Magistrat placé SUB", INDEX( 'ETPT A-JUST'!$A:$ZZ,,MATCH("TJCPH",'ETPT A-JUST'!2:2,0)),"OUI")) -> #N/A | AQ15: =MAX(0,SUM(SUMIFS( INDEX( 'ETPT A-JUST'!$A:$ZZ,,MATCH("1. TOTAL CONTENTIEUX SOCIAL",'ETPT A-JUST'!2:2,0)), INDEX( 'ETPT A-JUST'!$A:$ZZ,,MATCH("Fonction recodée",'ETPT A-JUST'!2:2,0)),"Magistrat placé SUB", INDEX( 'ETPT A-JUST'!$A:$ZZ,,MATCH("TJCPH",'ETPT A-JUST'!2:2,0)),"OUI"))- SUM(SUMIFS( INDEX( 'ETPT A-JUST'!$A:$ZZ,,MATCH("1.1. DÉPARTAGE PRUD'HOMAL",'ETPT A-JUST'!2:2,0)), INDEX( 'ETPT A-JUST'!$A:$ZZ,,MATCH("Fonction recodée",'ETPT A-JUST'!2:2,0)),"Magistrat placé SUB", INDEX( 'ETPT A-JUST'!$A:$ZZ,,MATCH("TJCPH",'ETPT A-JUST'!2:2,0)),"OUI"))) -> #N/A | AR15: =SUM(SUMIFS( INDEX( 'ETPT A-JUST'!$A:$ZZ,,MATCH("2. TOTAL CONTENTIEUX JAF",'ETPT A-JUST'!2:2,0)), INDEX( 'ETPT A-JUST'!$A:$ZZ,,MATCH("Fonction recodée",'ETPT A-JUST'!2:2,0)),"Magistrat placé SUB")) -> #N/A | AT15: =SUM(SUMIFS( INDEX( 'ETPT A-JUST'!$A:$ZZ,,MATCH("5. TOTAL JLD CIVIL",'ETPT A-JUST'!2:2,0)), INDEX( 'ETPT A-JUST'!$A:$ZZ,,MATCH("Fonction recodée",'ETPT A-JUST'!2:2,0)),"Magistrat placé SUB")) -> #N/A | AU15: =SUM(SUMIFS( INDEX( 'ETPT A-JUST'!$A:$ZZ,,MATCH("4. TOTAL CIVIL NON SPÉCIALISÉ",'ETPT A-JUST'!2:2,0)), INDEX( 'ETPT A-JUST'!$A:$ZZ,,MATCH("Fonction recodée",'ETPT A-JUST'!2:2,0)),"Magistrat placé SUB", INDEX( 'ETPT A-JUST'!$A:$ZZ,,MATCH("TJCPH",'ETPT A-JUST'!2:2,0)),"OUI"))- SUM(SUMIFS( INDEX( 'ETPT A-JUST'!$A:$ZZ,,MATCH("4.0. CONTENTIEUX GÉNÉRAL <10.000€",'ETPT A-JUST'!2:2,0)), INDEX( 'ETPT A-JUST'!$A:$ZZ,,MATCH("Fonction recodée",'ETPT A-JUST'!2:2,0)),"Magistrat placé SUB", INDEX( 'ETPT A-JUST'!$A:$ZZ,,MATCH("TJCPH",'ETPT A-JUST'!2:2,0)),"OUI"))+ _xlfn.IFNA(SUM(SUMIFS( INDEX( 'ETPT A-JUST'!$A:$ZZ,,MATCH("13. TOTAL CONTENTIEUX LOCAUX SPÉCIFIQUES",'ETPT A-JUST'!2:2,0)), INDEX( 'ETPT A-JUST'!$A:$ZZ,,MATCH("Fonction recodée",'ETPT A-JUST'!2:2,0)),"Magistrat placé SUB", INDEX( 'ETPT A-JUST'!$A:$ZZ,,MATCH("TJCPH",'ETPT A-JUST'!2:2,0)),"OUI")),0)+ SUM(SUMIFS( INDEX( 'ETPT A-JUST'!$A:$ZZ,,MATCH("11.51. ACCUEIL DU JUSTICIABLE (DONT SAUJ)",'ETPT A-JUST'!2:2,0)), INDEX( 'ETPT A-JUST'!$A:$ZZ,,MATCH("Fonction recodée",'ETPT A-JUST'!2:2,0)),"Magistrat placé SUB", INDEX( 'ETPT A-JUST'!$A:$ZZ,,MATCH("TJCPH",'ETPT A-JUST'!2:2,0)),"OUI"))+ SUM(SUMIFS( INDEX( 'ETPT A-JUST'!$A:$ZZ,,MATCH("11.1. SOUTIEN (HORS FORMATIONS SUIVIES)",'ETPT A-JUST'!2:2,0)), INDEX( 'ETPT A-JUST'!$A:$ZZ,,MATCH("Fonction recodée",'ETPT A-JUST'!2:2,0)),"Magistrat placé SUB", INDEX( 'ETPT A-JUST'!$A:$ZZ,,MATCH("TJCPH",'ETPT A-JUST'!2:2,0)),"OUI"))+ SUM(SUMIFS( INDEX( 'ETPT A-JUST'!$A:$ZZ,,MATCH("11.2. FORMATIONS SUIVIES",'ETPT A-JUST'!2:2,0)), INDEX( 'ETPT A-JUST'!$A:$ZZ,,MATCH("Fonction recodée",'ETPT A-JUST'!2:2,0)),"Magistrat placé SUB", INDEX( 'ETPT A-JUST'!$A:$ZZ,,MATCH("TJCPH",'ETPT A-JUST'!2:2,0)),"OUI"))+ SUM(SUMIFS( INDEX( 'ETPT A-JUST'!$A:$ZZ,,MATCH("11.6. AUTRES ACTIVITÉS NON JURIDICTIONNELLES",'ETPT A-JUST'!2:2,0)), INDEX( 'ETPT A-JUST'!$A:$ZZ,,MATCH("Fonction recodée",'ETPT A-JUST'!2:2,0)),"Magistrat placé SUB", INDEX( 'ETPT A-JUST'!$A:$ZZ,,MATCH("TJCPH",'ETPT A-JUST'!2:2,0)),"OUI"))+ SUM(SUMIFS( INDEX( 'ETPT A-JUST'!$A:$ZZ,,MATCH("11.3. FORMATIONS DISPENSÉES",'ETPT A-JUST'!2:2,0)), INDEX( 'ETPT A-JUST'!$A:$ZZ,,MATCH("Fonction recodée",'ETPT A-JUST'!2:2,0)),"Magistrat placé SUB", INDEX( 'ETPT A-JUST'!$A:$ZZ,,MATCH("TJCPH",'ETPT A-JUST'!2:2,0)),"OUI"))+ SUM(SUMIFS( INDEX( 'ETPT A-JUST'!$A:$ZZ,,MATCH("11.4. ACCÈS AU DROIT ET À LA JUSTICE",'ETPT A-JUST'!2:2,0)), INDEX( 'ETPT A-JUST'!$A:$ZZ,,MATCH("Fonction recodée",'ETPT A-JUST'!2:2,0)),"Magistrat placé SUB", INDEX( 'ETPT A-JUST'!$A:$ZZ,,MATCH("TJCPH",'ETPT A-JUST'!2:2,0)),"OUI"))+ SUM(SUMIFS( INDEX( 'ETPT A-JUST'!$A:$ZZ,,MATCH("11.5. CSM",'ETPT A-JUST'!2:2,0)), INDEX( 'ETPT A-JUST'!$A:$ZZ,,MATCH("Fonction recodée",'ETPT A-JUST'!2:2,0)),"Magistrat placé SUB", INDEX( 'ETPT A-JUST'!$A:$ZZ,,MATCH("TJCPH",'ETPT A-JUST'!2:2,0)),"OUI")) + SUM(SUMIFS( INDEX( 'ETPT A-JUST'!$A:$ZZ,,MATCH("7. TOTAL SIÈGE PÉNAL",'ETPT A-JUST'!2:2,0)), INDEX( 'ETPT A-JUST'!$A:$ZZ,,MATCH("Fonction recodée",'ETPT A-JUST'!2:2,0)),"Magistrat placé SUB"))- SUM(SUMIFS( INDEX( 'ETPT A-JUST'!$A:$ZZ,,MATCH("7.5. COUR D'ASSISES HORS JIRS",'ETPT A-JUST'!2:2,0)), INDEX( 'ETPT A-JUST'!$A:$ZZ,,MATCH("Fonction recodée",'ETPT A-JUST'!2:2,0)),"Magistrat placé SUB"))- SUM(SUMIFS( INDEX( 'ETPT A-JUST'!$A:$ZZ,,MATCH("7.51. COUR D'ASSISES JIRS",'ETPT A-JUST'!2:2,0)), INDEX( 'ETPT A-JUST'!$A:$ZZ,,MATCH("Fonction recodée",'ETPT A-JUST'!2:2,0)),"Magistrat placé SUB"))- SUM(SUMIFS( INDEX( 'ETPT A-JUST'!$A:$ZZ,,MATCH("7.52. COUR CRIMINELLE",'ETPT A-JUST'!2:2,0)), INDEX( 'ETPT A-JUST'!$A:$ZZ,,MATCH("Fonction recodée",'ETPT A-JUST'!2:2,0)),"Magistrat placé SUB"))- SUM(SUMIFS( INDEX( 'ETPT A-JUST'!$A:$ZZ,,MATCH("7.121. COLLÉGIALES JIRS ÉCO-FI",'ETPT A-JUST'!2:2,0)), INDEX( 'ETPT A-JUST'!$A:$ZZ,,MATCH("Fonction recodée",'ETPT A-JUST'!2:2,0)),"Magistrat placé SUB"))- SUM(SUMIFS( INDEX( 'ETPT A-JUST'!$A:$ZZ,,MATCH("7.12. COLLÉGIALES JIRS CRIM-ORG",'ETPT A-JUST'!2:2,0)), INDEX( 'ETPT A-JUST'!$A:$ZZ,,MATCH("Fonction recodée",'ETPT A-JUST'!2:2,0)),"Magistrat placé SUB"))- SUM(SUMIFS( INDEX( 'ETPT A-JUST'!$A:$ZZ,,MATCH("7.122. COLLÉGIALES AUTRES SECTIONS SPÉCIALISÉES",'ETPT A-JUST'!2:2,0)), INDEX( 'ETPT A-JUST'!$A:$ZZ,,MATCH("Fonction recodée",'ETPT A-JUST'!2:2,0)),"Magistrat placé SUB"))- SUM(SUMIFS( INDEX( 'ETPT A-JUST'!$A:$ZZ,,MATCH("7.6. TRIBUNAL DE POLICE",'ETPT A-JUST'!2:2,0)), INDEX( 'ETPT A-JUST'!$A:$ZZ,,MATCH("Fonction recodée",'ETPT A-JUST'!2:2,0)),"Magistrat placé SUB"))- SUM(SUMIFS( INDEX( 'ETPT A-JUST'!$A:$ZZ,,MATCH("7.7. OP CONTRAVENTIONNELLES",'ETPT A-JUST'!2:2,0)), INDEX( 'ETPT A-JUST'!$A:$ZZ,,MATCH("Fonction recodée",'ETPT A-JUST'!2:2,0)),"Magistrat placé SUB")) -> #N/A | AV15: =_xlfn.AGGREGATE(9,6,AH15:AU15) -> 0 | BF15: =SUM(AW15:BE15) -> 0
F16: TOTAL ETPT | G16: =_xlfn.AGGREGATE(9,6,G5:G15) -> 0 | H16: =_xlfn.AGGREGATE(9,6,H5:H15) -> 0 | I16: =_xlfn.AGGREGATE(9,6,I5:I15) -> 0 | J16: =_xlfn.AGGREGATE(9,6,J5:J15) -> 0 | K16: =_xlfn.AGGREGATE(9,6,K5:K15) -> 0 | L16: =_xlfn.AGGREGATE(9,6,L5:L15) -> 0 | M16: =_xlfn.AGGREGATE(9,6,M5:M15) -> 0 | N16: =_xlfn.AGGREGATE(9,6,N5:N15) -> 0 | ... AV16: =_xlfn.AGGREGATE(9,6,AV5:AV15) -> 0 | AW16: =SUM(AW5:AW15) -> 0 | AX16: =SUM(AX5:AX15) -> 0 | AY16: =SUM(AY5:AY15) -> 0 | AZ16: =SUM(AZ5:AZ15) -> 0 | BA16: =SUM(BA5:BA15) -> 0 | BB16: =SUM(BB5:BB15) -> 0 | BC16: =SUM(BC5:BC15) -> 0 | BD16: =SUM(BD5:BD15) -> 0 | ... BF16: =SUM(BF5:BF15) -> 0
D19: Attention : par défaut, l'activité pénale recensée au niveau des TPR est comptabilisée sur le TJ
F20: Indisponibilité des placés à reporter sur le SAR, ligne "Etpt placés absents non affectés", colonne C-TECH | G20: {=SUM(SUMIFS( INDEX( 'ETPT A-JUST'!$A:$ZZ,,MATCH("12. TOTAL INDISPONIBILITÉ",'ETPT A-JUST'!2:2,0)), INDEX( 'ETPT A-JUST'!$A:$ZZ,,MATCH("Fonction recodée",'ETPT A-JUST'!2:2,0)),{"Fonctionnaire CTECH placé ADD";"Fonctionnaire CTECH placé SUB"}, INDEX( 'ETPT A-JUST'!$A:$ZZ,,MATCH("TJCPH",'ETPT A-JUST'!2:2,0)),"OUI"))} -> #N/A | U20: Indisponibilité des placés à reporter sur le SAR, ligne "Etpt placés absents non affectés", colonne ABC-BUR | V20: {=SUM(SUMIFS( INDEX( 'ETPT A-JUST'!$A:$ZZ,,MATCH("12. TOTAL INDISPONIBILITÉ",'ETPT A-JUST'!2:2,0)), INDEX( 'ETPT A-JUST'!$A:$ZZ,,MATCH("Fonction recodée",'ETPT A-JUST'!2:2,0)),{"Fonctionnaire A-B-CBUR placé ADD";"Fonctionnaire A-B-CBUR placé SUB"}, INDEX( 'ETPT A-JUST'!$A:$ZZ,,MATCH("TJCPH",'ETPT A-JUST'!2:2,0)),"OUI"))} -> #N/A | AS20: Indisponibilité des placés à reporter sur la cour, ligne "Etpt placés absents non affectés", colonne "Autres Magistrats du Siège non spécialisés" | AU20: {=SUM(SUMIFS( INDEX( 'ETPT A-JUST'!$A:$ZZ,,MATCH("12. TOTAL INDISPONIBILITÉ",'ETPT A-JUST'!2:2,0)), INDEX( 'ETPT A-JUST'!$A:$ZZ,,MATCH("Fonction recodée",'ETPT A-JUST'!2:2,0)),{"Magistrat placé ADD";"Magistrat placé SUB"}, INDEX( 'ETPT A-JUST'!$A:$ZZ,,MATCH("TJCPH",'ETPT A-JUST'!2:2,0)),"OUI"))} -> #N/A

Sheet ETPT_TPRX
A1: DÉCLARATION ETPT TPRX
G2: CTECH | H2: Total fonctionnaires techniques | I2: A-B-CBUR | J2: A-B-CBUR | K2: A-B-CBUR | L2: A-B-CBUR | M2: A-B-CBUR | N2: A-B-CBUR | O2: A-B-CBUR | P2: A-B-CBUR | Q2: A-B-CBUR | R2: A-B-CBUR | S2: Total fonctionnaires administratifs | T2: SIEGE S | U2: SIEGE S | V2: SIEGE S | W2: SIEGE S | X2: SIEGE S | Y2: SIEGE S | Z2: SIEGE S | AA2: SIEGE S | AB2: SIEGE S | AC2: Total magistrats du siège activités spécifiques | AD2: SIEGE S | AE2: SIEGE S | AF2: SIEGE S | AG2: Total magistrats du siège autres activités
G3: FONCTIONNAIRES_C_TECHNIQUES_SPEC | I3: FONCTIONNAIRES_TI_DRT_LOCAL_RCS | J3: FONCTIONNAIRES_TI_AG_PACS_NAT | K3: FONCTIONNAIRES_TI_SURENDET | L3: FONCTIONNAIRES_TI_TUTELLES | M3: FONC_TPRX_JAF | N3: FONC_TPRX_TUT_MIN | O3: FONC_TPRX_CORREC | P3: FONC_TPRX_POLICE | Q3: FONC_TPRX_AUT_CTX_TJ | R3: FONCTIONNAIRES_HORS_FONCT_SPEC | T3: JUGE_LIVRE_FONCIER_JNS | U3: MAGISTRATS_TI_SR_IP | V3: MAGISTRATS_TI_SURENDET | W3: MAGISTRATS_TI_TUTELLES | X3: MAGISTRAT_TPRX_JAF | Y3: MAGISTRAT_TPRX_TUT_MIN | Z3: MAGISTRAT_TPRX_CORREC | AA3: MAGISTRAT_TPRX_POLICE | AB3: MAGISTRAT_TPRX_AUT_CTX_TJ | AD3: MAGISTRATS_TGI_TI | AE3: TI_ACT_J_DEPARTITEUR | AF3: AUTRES_JNS
B4: UO | C4: Code de la juridiction | D4: Juridiction | E4: Code sous action | F4: Action | G4: Fonctionnaires Catégorie C Technique spécialisés | I4: Fonctionnaires TPRX, Droit Local, Livre foncier, RCS,etc. | J4: Fonctionnaires TPRX IP, Saisies rém, Nationalité, actes de greffe, etc. | K4: Fonctionnaires TPRX affectés au surendettement et au Hors surendettement | L4: Fonctionnaires TPRX tutelles majeurs et vérification des comptes | M4: Fonctionnaires TPRX sur activité déléguée du TJ en matière : JAF | N4: Fonctionnaires TPRX sur activité déléguée du TJ en matière : Tutelles mineurs | O4: Fonctionnaires TPRX sur activité déléguée du TJ en matière correctionnelle | P4: Fonctionnaires TPRX sur activité déléguée du TJ en matière de police | Q4: Fonctionnaires TPRX sur activité déléguèe du TJ : Autres contentieux | R4: Fonctionnaires hors fonctions spécifiques | T4: Juges du Livre Foncier + Juge d'Instance RCS et Droit Local | U4: Magistrats TPRX affectés aux saisies sur rémunération et IP | V4: Magistrats TPRX affectés au surendettement et au Hors surendettement | W4: Magistrats suivi tutelles majeurs et comptes | X4: Magistrat TPRX sur activité déléguée du TJ en matière : JAF | Y4: Magistrat TPRX sur activité déléguée du TJ en matière : Tutelles mineurs | Z4: Magistrat TPRX sur activité déléguée du TJ en matière correctionnelle | AA4: Magistrat TPRX sur activité déléguée du TJ en matière de police | AB4: Magistrat TPRX sur activité déléguée du TJ : Autres contentieux | AD4: Magistrats du TJ affectés au TPRX | AE4: Magistrats activité juge départiteur | AF4: Autres Magistrats du Siège non spécialisés
A5: ETPT_TPRX | D5: =ETPT_TPRX_DDG!$D$5 -> 0 | E5: 166-01-NC | F5: Action 1 - Traitement et jugement des contentieux civils | G5: =SUM(SUMIFS( INDEX( 'ETPT Format DDG'!$A:$ZZ,,MATCH("1. TOTAL CONTENTIEUX SOCIAL",'ETPT Format DDG'!2:2,0)), INDEX( 'ETPT Format DDG'!$A:$ZZ,,MATCH("Fonction recodée",'ETPT Format DDG'!2:2,0)),"Fonctionnaire CTECH", INDEX( 'ETPT Format DDG'!$A:$ZZ,,MATCH("Juridiction",'ETPT Format DDG'!2:2,0)),$D$5))+ SUM(SUMIFS( INDEX( 'ETPT Format DDG'!$A:$ZZ,,MATCH("2. TOTAL CONTENTIEUX JAF",'ETPT Format DDG'!2:2,0)), INDEX( 'ETPT Format DDG'!$A:$ZZ,,MATCH("Fonction recodée",'ETPT Format DDG'!2:2,0)),"Fonctionnaire CTECH", INDEX( 'ETPT Format DDG'!$A:$ZZ,,MATCH("Juridiction",'ETPT Format DDG'!2:2,0)),$D$5))+ SUM(SUMIFS( INDEX( 'ETPT Format DDG'!$A:$ZZ,,MATCH("3. TOTAL CONTENTIEUX DE LA PROTECTION",'ETPT Format DDG'!2:2,0)), INDEX( 'ETPT Format DDG'!$A:$ZZ,,MATCH("Fonction recodée",'ETPT Format DDG'!2:2,0)),"Fonctionnaire CTECH", INDEX( 'ETPT Format DDG'!$A:$ZZ,,MATCH("Juridiction",'ETPT Format DDG'!2:2,0)),$D$5))+ SUM(SUMIFS( INDEX( 'ETPT Format DDG'!$A:$ZZ,,MATCH("4. TOTAL CIVIL NON SPÉCIALISÉ",'ETPT Format DDG'!2:2,0)), INDEX( 'ETPT Format DDG'!$A:$ZZ,,MATCH("Fonction recodée",'ETPT Format DDG'!2:2,0)),"Fonctionnaire CTECH", INDEX( 'ETPT Format DDG'!$A:$ZZ,,MATCH("Juridiction",'ETPT Format DDG'!2:2,0)),$D$5))+ SUM(SUMIFS( INDEX( 'ETPT Format DDG'!$A:$ZZ,,MATCH("5. TOTAL JLD CIVIL",'ETPT Format DDG'!2:2,0)), INDEX( 'ETPT Format DDG'!$A:$ZZ,,MATCH("Fonction recodée",'ETPT Format DDG'!2:2,0)),"Fonctionnaire CTECH", INDEX( 'ETPT Format DDG'!$A:$ZZ,,MATCH("Juridiction",'ETPT Format DDG'!2:2,0)),$D$5))+ SUM(SUMIFS( INDEX( 'ETPT Format DDG'!$A:$ZZ,,MATCH("6.1. ACTIVITÉ CIVILE",'ETPT Format DDG'!2:2,0)), INDEX( 'ETPT Format DDG'!$A:$ZZ,,MATCH("Fonction recodée",'ETPT Format DDG'!2:2,0)),"Fonctionnaire CTECH", INDEX( 'ETPT Format DDG'!$A:$ZZ,,MATCH("Juridiction",'ETPT Format DDG'!2:2,0)),$D$5))+ SUM(SUMIFS( INDEX( 'ETPT Format DDG'!$A:$ZZ,,MATCH("11.7. FONCTIONNAIRES AFFECTÉS AU CPH",'ETPT Format DDG'!2:2,0)), INDEX( 'ETPT Format DDG'!$A:$ZZ,,MATCH("Fonction recodée",'ETPT Format DDG'!2:2,0)),"Fonctionnaire CTECH", INDEX( 'ETPT Format DDG'!$A:$ZZ,,MATCH("Juridiction",'ETPT Format DDG'!2:2,0)),$D$5))+ SUM(SUMIFS( INDEX( 'ETPT Format DDG'!$A:$ZZ,,MATCH("11.8. FONCTIONNAIRES AFFECTÉS AUX ACTIVITÉS CIVILES ET COMMERCIALES DU PARQUET",'ETPT Format DDG'!2:2,0)), INDEX( 'ETPT Format DDG'!$A:$ZZ,,MATCH("Fonction recodée",'ETPT Format DDG'!2:2,0)),"Fonctionnaire CTECH", INDEX( 'ETPT Format DDG'!$A:$ZZ,,MATCH("Juridiction",'ETPT Format DDG'!2:2,0)),$D$5)) -> #N/A | H5: =_xlfn.AGGREGATE(9,6,G5) -> 0 | J5: =SUM(SUMIFS( INDEX( 'ETPT Format DDG'!$A:$ZZ,,MATCH("3.43. INJONCTIONS DE PAYER",'ETPT Format DDG'!2:2,0)), INDEX( 'ETPT Format DDG'!$A:$ZZ,,MATCH("Fonction recodée",'ETPT Format DDG'!2:2,0)),"Fonctionnaire A-B-CBUR", INDEX( 'ETPT Format DDG'!$A:$ZZ,,MATCH("Juridiction",'ETPT Format DDG'!2:2,0)),$D$5))+ SUM(SUMIFS( INDEX( 'ETPT Format DDG'!$A:$ZZ,,MATCH("3.44. SAISIE DES RÉMUNÉRATIONS",'ETPT Format DDG'!2:2,0)), INDEX( 'ETPT Format DDG'!$A:$ZZ,,MATCH("Fonction recodée",'ETPT Format DDG'!2:2,0)),"Fonctionnaire A-B-CBUR", INDEX( 'ETPT Format DDG'!$A:$ZZ,,MATCH("Juridiction",'ETPT Format DDG'!2:2,0)),$D$5)) -> #N/A | K5: =SUM(SUMIFS( INDEX( 'ETPT Format DDG'!$A:$ZZ,,MATCH("3. TOTAL CONTENTIEUX DE LA PROTECTION",'ETPT Format DDG'!2:2,0)), INDEX( 'ETPT Format DDG'!$A:$ZZ,,MATCH("Fonction recodée",'ETPT Format DDG'!2:2,0)),"Fonctionnaire A-B-CBUR", INDEX( 'ETPT Format DDG'!$A:$ZZ,,MATCH("Juridiction",'ETPT Format DDG'!2:2,0)),$D$5))- SUM(SUMIFS( INDEX( 'ETPT Format DDG'!$A:$ZZ,,MATCH("3.2. PROTECTION DES MAJEURS",'ETPT Format DDG'!2:2,0)), INDEX( 'ETPT Format DDG'!$A:$ZZ,,MATCH("Fonction recodée",'ETPT Format DDG'!2:2,0)),"Fonctionnaire A-B-CBUR", INDEX( 'ETPT Format DDG'!$A:$ZZ,,MATCH("Juridiction",'ETPT Format DDG'!2:2,0)),$D$5))- SUM(SUMIFS( INDEX( 'ETPT Format DDG'!$A:$ZZ,,MATCH("3.43. INJONCTIONS DE PAYER",'ETPT Format DDG'!2:2,0)), INDEX( 'ETPT Format DDG'!$A:$ZZ,,MATCH("Fonction recodée",'ETPT Format DDG'!2:2,0)),"Fonctionnaire A-B-CBUR", INDEX( 'ETPT Format DDG'!$A:$ZZ,,MATCH("Juridiction",'ETPT Format DDG'!2:2,0)),$D$5))- SUM(SUMIFS( INDEX( 'ETPT Format DDG'!$A:$ZZ,,MATCH("3.44. SAISIE DES RÉMUNÉRATIONS",'ETPT Format DDG'!2:2,0)), INDEX( 'ETPT Format DDG'!$A:$ZZ,,MATCH("Fonction recodée",'ETPT Format DDG'!2:2,0)),"Fonctionnaire A-B-CBUR", INDEX( 'ETPT Format DDG'!$A:$ZZ,,MATCH("Juridiction",'ETPT Format DDG'!2:2,0)),$D$5)) -> #N/A | L5: =SUM(SUMIFS( INDEX( 'ETPT Format DDG'!$A:$ZZ,,MATCH("3.2. PROTECTION DES MAJEURS",'ETPT Format DDG'!2:2,0)), INDEX( 'ETPT Format DDG'!$A:$ZZ,,MATCH("Fonction recodée",'ETPT Format DDG'!2:2,0)),"Fonctionnaire A-B-CBUR", INDEX( 'ETPT Format DDG'!$A:$ZZ,,MATCH("Juridiction",'ETPT Format DDG'!2:2,0)),$D$5)) -> #N/A | R5: =SUM(SUMIFS( INDEX( 'ETPT Format DDG'!$A:$ZZ,,MATCH("1. TOTAL CONTENTIEUX SOCIAL",'ETPT Format DDG'!2:2,0)), INDEX( 'ETPT Format DDG'!$A:$ZZ,,MATCH("Fonction recodée",'ETPT Format DDG'!2:2,0)),"Fonctionnaire A-B-CBUR", INDEX( 'ETPT Format DDG'!$A:$ZZ,,MATCH("Juridiction",'ETPT Format DDG'!2:2,0)),$D$5))+ SUM(SUMIFS( INDEX( 'ETPT Format DDG'!$A:$ZZ,,MATCH("2. TOTAL CONTENTIEUX JAF",'ETPT Format DDG'!2:2,0)), INDEX( 'ETPT Format DDG'!$A:$ZZ,,MATCH("Fonction recodée",'ETPT Format DDG'!2:2,0)),"Fonctionnaire A-B-CBUR", INDEX( 'ETPT Format DDG'!$A:$ZZ,,MATCH("Juridiction",'ETPT Format DDG'!2:2,0)),$D$5))+ SUM(SUMIFS( INDEX( 'ETPT Format DDG'!$A:$ZZ,,MATCH("4. TOTAL CIVIL NON SPÉCIALISÉ",'ETPT Format DDG'!2:2,0)), INDEX( 'ETPT Format DDG'!$A:$ZZ,,MATCH("Fonction recodée",'ETPT Format DDG'!2:2,0)),"Fonctionnaire A-B-CBUR", INDEX( 'ETPT Format DDG'!$A:$ZZ,,MATCH("Juridiction",'ETPT Format DDG'!2:2,0)),$D$5))+ SUM(SUMIFS( INDEX( 'ETPT Format DDG'!$A:$ZZ,,MATCH("5. TOTAL JLD CIVIL",'ETPT Format DDG'!2:2,0)), INDEX( 'ETPT Format DDG'!$A:$ZZ,,MATCH("Fonction recodée",'ETPT Format DDG'!2:2,0)),"Fonctionnaire A-B-CBUR", INDEX( 'ETPT Format DDG'!$A:$ZZ,,MATCH("Juridiction",'ETPT Format DDG'!2:2,0)),$D$5))+ SUM(SUMIFS( INDEX( 'ETPT Format DDG'!$A:$ZZ,,MATCH("6.1. ACTIVITÉ CIVILE",'ETPT Format DDG'!2:2,0)), INDEX( 'ETPT Format DDG'!$A:$ZZ,,MATCH("Fonction recodée",'ETPT Format DDG'!2:2,0)),"Fonctionnaire A-B-CBUR", INDEX( 'ETPT Format DDG'!$A:$ZZ,,MATCH("Juridiction",'ETPT Format DDG'!2:2,0)),$D$5))+ SUM(SUMIFS( INDEX( 'ETPT Format DDG'!$A:$ZZ,,MATCH("11.8. FONCTIONNAIRES AFFECTÉS AUX ACTIVITÉS CIVILES ET COMMERCIALES DU PARQUET",'ETPT Format DDG'!2:2,0)), INDEX( 'ETPT Format DDG'!$A:$ZZ,,MATCH("Fonction recodée",'ETPT Format DDG'!2:2,0)),"Fonctionnaire A-B-CBUR", INDEX( 'ETPT Format DDG'!$A:$ZZ,,MATCH("Juridiction",'ETPT Format DDG'!2:2,0)),$D$5)) -> #N/A | S5: =_xlfn.AGGREGATE(9,6,I5:R5) -> 0 | U5: {=SUM(SUMIFS( INDEX( 'ETPT Format DDG'!$A:$ZZ,,MATCH("3.43. INJONCTIONS DE PAYER",'ETPT Format DDG'!2:2,0)), INDEX( 'ETPT Format DDG'!$A:$ZZ,,MATCH("Fonction recodée",'ETPT Format DDG'!2:2,0)),{"Magistrat SIEGE S";"Magistrat SIEGE NS"}, INDEX( 'ETPT Format DDG'!$A:$ZZ,,MATCH("Juridiction",'ETPT Format DDG'!2:2,0)),$D$5))+ SUM(SUMIFS( INDEX( 'ETPT Format DDG'!$A:$ZZ,,MATCH("3.44. SAISIE DES RÉMUNÉRATIONS",'ETPT Format DDG'!2:2,0)), INDEX( 'ETPT Format DDG'!$A:$ZZ,,MATCH("Fonction recodée",'ETPT Format DDG'!2:2,0)),{"Magistrat SIEGE S";"Magistrat SIEGE NS"}, INDEX( 'ETPT Format DDG'!$A:$ZZ,,MATCH("Juridiction",'ETPT Format DDG'!2:2,0)),$D$5))} -> #N/A | V5: {=SUM(SUMIFS( INDEX( 'ETPT Format DDG'!$A:$ZZ,,MATCH("3. TOTAL CONTENTIEUX DE LA PROTECTION",'ETPT Format DDG'!2:2,0)), INDEX( 'ETPT Format DDG'!$A:$ZZ,,MATCH("Fonction recodée",'ETPT Format DDG'!2:2,0)),{"Magistrat SIEGE S";"Magistrat SIEGE NS"}, INDEX( 'ETPT Format DDG'!$A:$ZZ,,MATCH("Juridiction",'ETPT Format DDG'!2:2,0)),$D$5))- SUM(SUMIFS( INDEX( 'ETPT Format DDG'!$A:$ZZ,,MATCH("3.2. PROTECTION DES MAJEURS",'ETPT Format DDG'!2:2,0)), INDEX( 'ETPT Format DDG'!$A:$ZZ,,MATCH("Fonction recodée",'ETPT Format DDG'!2:2,0)),{"Magistrat SIEGE S";"Magistrat SIEGE NS"}, INDEX( 'ETPT Format DDG'!$A:$ZZ,,MATCH("Juridiction",'ETPT Format DDG'!2:2,0)),$D$5))- SUM(SUMIFS( INDEX( 'ETPT Format DDG'!$A:$ZZ,,MATCH("3.43. INJONCTIONS DE PAYER",'ETPT Format DDG'!2:2,0)), INDEX( 'ETPT Format DDG'!$A:$ZZ,,MATCH("Fonction recodée",'ETPT Format DDG'!2:2,0)),{"Magistrat SIEGE S";"Magistrat SIEGE NS"}, INDEX( 'ETPT Format DDG'!$A:$ZZ,,MATCH("Juridiction",'ETPT Format DDG'!2:2,0)),$D$5))- SUM(SUMIFS( INDEX( 'ETPT Format DDG'!$A:$ZZ,,MATCH("3.44. SAISIE DES RÉMUNÉRATIONS",'ETPT Format DDG'!2:2,0)), INDEX( 'ETPT Format DDG'!$A:$ZZ,,MATCH("Fonction recodée",'ETPT Format DDG'!2:2,0)),{"Magistrat SIEGE S";"Magistrat SIEGE NS"}, INDEX( 'ETPT Format DDG'!$A:$ZZ,,MATCH("Juridiction",'ETPT Format DDG'!2:2,0)),$D$5))} -> #N/A | W5: {=SUM(SUMIFS( INDEX( 'ETPT Format DDG'!$A:$ZZ,,MATCH("3.2. PROTECTION DES MAJEURS",'ETPT Format DDG'!2:2,0)), INDEX( 'ETPT Format DDG'!$A:$ZZ,,MATCH("Fonction recodée",'ETPT Format DDG'!2:2,0)),{"Magistrat SIEGE S";"Magistrat SIEGE NS"}, INDEX( 'ETPT Format DDG'!$A:$ZZ,,MATCH("Juridiction",'ETPT Format DDG'!2:2,0)),$D$5))} -> #N/A | AC5: =_xlfn.AGGREGATE(9,6,T5:AB5) -> 0 | AE5: {=SUM(SUMIFS( INDEX( 'ETPT Format DDG'!$A:$ZZ,,MATCH("1.1. DÉPARTAGE PRUD'HOMAL",'ETPT Format DDG'!2:2,0)), INDEX( 'ETPT Format DDG'!$A:$ZZ,,MATCH("Fonction recodée",'ETPT Format DDG'!2:2,0)),{"Magistrat SIEGE S";"Magistrat SIEGE NS"}, INDEX( 'ETPT Format DDG'!$A:$ZZ,,MATCH("Juridiction",'ETPT Format DDG'!2:2,0)),$D$5))} -> #N/A | AF5: {=SUM(SUMIFS( INDEX( 'ETPT Format DDG'!$A:$ZZ,,MATCH("1. TOTAL CONTENTIEUX SOCIAL",'ETPT Format DDG'!2:2,0)), INDEX( 'ETPT Format DDG'!$A:$ZZ,,MATCH("Fonction recodée",'ETPT Format DDG'!2:2,0)),{"Magistrat SIEGE S";"Magistrat SIEGE NS"}, INDEX( 'ETPT Format DDG'!$A:$ZZ,,MATCH("Juridiction",'ETPT Format DDG'!2:2,0)),$D$5))- SUM(SUMIFS( INDEX( 'ETPT Format DDG'!$A:$ZZ,,MATCH("1.1. DÉPARTAGE PRUD'HOMAL",'ETPT Format DDG'!2:2,0)), INDEX( 'ETPT Format DDG'!$A:$ZZ,,MATCH("Fonction recodée",'ETPT Format DDG'!2:2,0)),{"Magistrat SIEGE S";"Magistrat SIEGE NS"}, INDEX( 'ETPT Format DDG'!$A:$ZZ,,MATCH("Juridiction",'ETPT Format DDG'!2:2,0)),$D$5))+ SUM(SUMIFS( INDEX( 'ETPT Format DDG'!$A:$ZZ,,MATCH("4. TOTAL CIVIL NON SPÉCIALISÉ",'ETPT Format DDG'!2:2,0)), INDEX( 'ETPT Format DDG'!$A:$ZZ,,MATCH("Fonction recodée",'ETPT Format DDG'!2:2,0)),{"Magistrat SIEGE S";"Magistrat SIEGE NS"}, INDEX( 'ETPT Format DDG'!$A:$ZZ,,MATCH("Juridiction",'ETPT Format DDG'!2:2,0)),$D$5))} -> #N/A | AG5: =_xlfn.AGGREGATE(9,6,AD5:AF5) -> 0
A6: ETPT_TPRX | D6: =$D$5 -> 0 | E6: 166-02-NC | F6: Action 2 - Traitement et jugement des affaires pénales | H6: =_xlfn.AGGREGATE(9,6,G6) -> 0 | S6: =_xlfn.AGGREGATE(9,6,I6:R6) -> 0 | AC6: =_xlfn.AGGREGATE(9,6,T6:AB6) -> 0 | AG6: =_xlfn.AGGREGATE(9,6,AD6:AF6) -> 0
A7: ETPT_TPRX | D7: =$D$5 -> 0 | E7: 166-04-NC | F7: Action 4 - Conseil supérieur de la magistrature | H7: =_xlfn.AGGREGATE(9,6,G7) -> 0 | S7: =_xlfn.AGGREGATE(9,6,I7:R7) -> 0 | AC7: =_xlfn.AGGREGATE(9,6,T7:AB7) -> 0 | AF7: {=SUM(SUMIFS( INDEX( 'ETPT Format DDG'!$A:$ZZ,,MATCH("11.5. CSM",'ETPT Format DDG'!2:2,0)), INDEX( 'ETPT Format DDG'!$A:$ZZ,,MATCH("Fonction recodée",'ETPT Format DDG'!2:2,0)),{"Magistrat SIEGE S";"Magistrat SIEGE NS"}, INDEX( 'ETPT Format DDG'!$A:$ZZ,,MATCH("Juridiction",'ETPT Format DDG'!2:2,0)),$D$5))} -> #N/A | AG7: =_xlfn.AGGREGATE(9,6,AD7:AF7) -> 0
A8: ETPT_TPRX | D8: =$D$5 -> 0 | E8: 166-06-99 | F8: Action 6 - Accueil du justiciable (inclus SAUJ) | G8: =SUM(SUMIFS( INDEX( 'ETPT Format DDG'!$A:$ZZ,,MATCH("11.51. ACCUEIL DU JUSTICIABLE (DONT SAUJ)",'ETPT Format DDG'!2:2,0)), INDEX( 'ETPT Format DDG'!$A:$ZZ,,MATCH("Fonction recodée",'ETPT Format DDG'!2:2,0)),"Fonctionnaire CTECH", INDEX( 'ETPT Format DDG'!$A:$ZZ,,MATCH("Juridiction",'ETPT Format DDG'!2:2,0)),$D$5)) -> #N/A | H8: =_xlfn.AGGREGATE(9,6,G8) -> 0 | R8: =SUM(SUMIFS( INDEX( 'ETPT Format DDG'!$A:$ZZ,,MATCH("11.51. ACCUEIL DU JUSTICIABLE (DONT SAUJ)",'ETPT Format DDG'!2:2,0)), INDEX( 'ETPT Format DDG'!$A:$ZZ,,MATCH("Fonction recodée",'ETPT Format DDG'!2:2,0)),"Fonctionnaire A-B-CBUR", INDEX( 'ETPT Format DDG'!$A:$ZZ,,MATCH("Juridiction",'ETPT Format DDG'!2:2,0)),$D$5)) -> #N/A | S8: =_xlfn.AGGREGATE(9,6,I8:R8) -> 0 | AC8: =_xlfn.AGGREGATE(9,6,T8:AB8) -> 0 | AF8: {=SUM(SUMIFS( INDEX( 'ETPT Format DDG'!$A:$ZZ,,MATCH("11.51. ACCUEIL DU JUSTICIABLE (DONT SAUJ)",'ETPT Format DDG'!2:2,0)), INDEX( 'ETPT Format DDG'!$A:$ZZ,,MATCH("Fonction recodée",'ETPT Format DDG'!2:2,0)),{"Magistrat SIEGE S";"Magistrat SIEGE NS"}, INDEX( 'ETPT Format DDG'!$A:$ZZ,,MATCH("Juridiction",'ETPT Format DDG'!2:2,0)),$D$5))} -> #N/A | AG8: =_xlfn.AGGREGATE(9,6,AD8:AF8) -> 0
A9: ETPT_TPRX | D9: =$D$5 -> 0 | E9: 166-06-NC | F9: Action 6 - Soutien (Hors accueil du justiciable) | G9: =SUM(SUMIFS( INDEX( 'ETPT Format DDG'!$A:$ZZ,,MATCH("11.1. SOUTIEN (HORS FORMATIONS SUIVIES)",'ETPT Format DDG'!2:2,0)), INDEX( 'ETPT Format DDG'!$A:$ZZ,,MATCH("Fonction recodée",'ETPT Format DDG'!2:2,0)),"Fonctionnaire CTECH", INDEX( 'ETPT Format DDG'!$A:$ZZ,,MATCH("Juridiction",'ETPT Format DDG'!2:2,0)),$D$5))+ SUM(SUMIFS( INDEX( 'ETPT Format DDG'!$A:$ZZ,,MATCH("11.2. FORMATIONS SUIVIES",'ETPT Format DDG'!2:2,0)), INDEX( 'ETPT Format DDG'!$A:$ZZ,,MATCH("Fonction recodée",'ETPT Format DDG'!2:2,0)),"Fonctionnaire CTECH", INDEX( 'ETPT Format DDG'!$A:$ZZ,,MATCH("Juridiction",'ETPT Format DDG'!2:2,0)),$D$5))+ SUM(SUMIFS( INDEX( 'ETPT Format DDG'!$A:$ZZ,,MATCH("11.6. AUTRES ACTIVITÉS NON JURIDICTIONNELLES",'ETPT Format DDG'!2:2,0)), INDEX( 'ETPT Format DDG'!$A:$ZZ,,MATCH("Fonction recodée",'ETPT Format DDG'!2:2,0)),"Fonctionnaire CTECH", INDEX( 'ETPT Format DDG'!$A:$ZZ,,MATCH("Juridiction",'ETPT Format DDG'!2:2,0)),$D$5)) -> #N/A | H9: =_xlfn.AGGREGATE(9,6,G9) -> 0 | R9: =SUM(SUMIFS( INDEX( 'ETPT Format DDG'!$A:$ZZ,,MATCH("11.1. SOUTIEN (HORS FORMATIONS SUIVIES)",'ETPT Format DDG'!2:2,0)), INDEX( 'ETPT Format DDG'!$A:$ZZ,,MATCH("Fonction recodée",'ETPT Format DDG'!2:2,0)),"Fonctionnaire A-B-CBUR", INDEX( 'ETPT Format DDG'!$A:$ZZ,,MATCH("Juridiction",'ETPT Format DDG'!2:2,0)),$D$5))+ SUM(SUMIFS( INDEX( 'ETPT Format DDG'!$A:$ZZ,,MATCH("11.2. FORMATIONS SUIVIES",'ETPT Format DDG'!2:2,0)), INDEX( 'ETPT Format DDG'!$A:$ZZ,,MATCH("Fonction recodée",'ETPT Format DDG'!2:2,0)),"Fonctionnaire A-B-CBUR", INDEX( 'ETPT Format DDG'!$A:$ZZ,,MATCH("Juridiction",'ETPT Format DDG'!2:2,0)),$D$5))+ SUM(SUMIFS( INDEX( 'ETPT Format DDG'!$A:$ZZ,,MATCH("11.6. AUTRES ACTIVITÉS NON JURIDICTIONNELLES",'ETPT Format DDG'!2:2,0)), INDEX( 'ETPT Format DDG'!$A:$ZZ,,MATCH("Fonction recodée",'ETPT Format DDG'!2:2,0)),"Fonctionnaire A-B-CBUR", INDEX( 'ETPT Format DDG'!$A:$ZZ,,MATCH("Juridiction",'ETPT Format DDG'!2:2,0)),$D$5)) -> #N/A | S9: =_xlfn.AGGREGATE(9,6,I9:R9) -> 0 | AC9: =_xlfn.AGGREGATE(9,6,T9:AB9) -> 0 | AF9: {=SUM(SUMIFS( INDEX( 'ETPT Format DDG'!$A:$ZZ,,MATCH("11.1. SOUTIEN (HORS FORMATIONS SUIVIES)",'ETPT Format DDG'!2:2,0)), INDEX( 'ETPT Format DDG'!$A:$ZZ,,MATCH("Fonction recodée",'ETPT Format DDG'!2:2,0)),{"Magistrat SIEGE S";"Magistrat SIEGE NS"}, INDEX( 'ETPT Format DDG'!$A:$ZZ,,MATCH("Juridiction",'ETPT Format DDG'!2:2,0)),$D$5))+ SUM(SUMIFS( INDEX( 'ETPT Format DDG'!$A:$ZZ,,MATCH("11.2. FORMATIONS SUIVIES",'ETPT Format DDG'!2:2,0)), INDEX( 'ETPT Format DDG'!$A:$ZZ,,MATCH("Fonction recodée",'ETPT Format DDG'!2:2,0)),{"Magistrat SIEGE S";"Magistrat SIEGE NS"}, INDEX( 'ETPT Format DDG'!$A:$ZZ,,MATCH("Juridiction",'ETPT Format DDG'!2:2,0)),$D$5))+ SUM(SUMIFS( INDEX( 'ETPT Format DDG'!$A:$ZZ,,MATCH("11.6. AUTRES ACTIVITÉS NON JURIDICTIONNELLES",'ETPT Format DDG'!2:2,0)), INDEX( 'ETPT Format DDG'!$A:$ZZ,,MATCH("Fonction recodée",'ETPT Format DDG'!2:2,0)),{"Magistrat SIEGE S";"Magistrat SIEGE NS"}, INDEX( 'ETPT Format DDG'!$A:$ZZ,,MATCH("Juridiction",'ETPT Format DDG'!2:2,0)),$D$5))} -> #N/A | AG9: =_xlfn.AGGREGATE(9,6,AD9:AF9) -> 0
A10: ETPT_TPRX | D10: =$D$5 -> 0 | E10: 166-07-NC | F10: Action 7 - Formation dispensée | G10: =SUM(SUMIFS( INDEX( 'ETPT Format DDG'!$A:$ZZ,,MATCH("11.3. FORMATIONS DISPENSÉES",'ETPT Format DDG'!2:2,0)), INDEX( 'ETPT Format DDG'!$A:$ZZ,,MATCH("Fonction recodée",'ETPT Format DDG'!2:2,0)),"Fonctionnaire CTECH", INDEX( 'ETPT Format DDG'!$A:$ZZ,,MATCH("Juridiction",'ETPT Format DDG'!2:2,0)),$D$5)) -> #N/A | H10: =_xlfn.AGGREGATE(9,6,G10) -> 0 | R10: =SUM(SUMIFS( INDEX( 'ETPT Format DDG'!$A:$ZZ,,MATCH("11.3. FORMATIONS DISPENSÉES",'ETPT Format DDG'!2:2,0)), INDEX( 'ETPT Format DDG'!$A:$ZZ,,MATCH("Fonction recodée",'ETPT Format DDG'!2:2,0)),"Fonctionnaire A-B-CBUR", INDEX( 'ETPT Format DDG'!$A:$ZZ,,MATCH("Juridiction",'ETPT Format DDG'!2:2,0)),$D$5)) -> #N/A | S10: =_xlfn.AGGREGATE(9,6,I10:R10) -> 0 | AC10: =_xlfn.AGGREGATE(9,6,T10:AB10) -> 0 | AF10: {=SUM(SUMIFS( INDEX( 'ETPT Format DDG'!$A:$ZZ,,MATCH("11.3. FORMATIONS DISPENSÉES",'ETPT Format DDG'!2:2,0)), INDEX( 'ETPT Format DDG'!$A:$ZZ,,MATCH("Fonction recodée",'ETPT Format DDG'!2:2,0)),{"Magistrat SIEGE S";"Magistrat SIEGE NS"}, INDEX( 'ETPT Format DDG'!$A:$ZZ,,MATCH("Juridiction",'ETPT Format DDG'!2:2,0)),$D$5))} -> #N/A | AG10: =_xlfn.AGGREGATE(9,6,AD10:AF10) -> 0
A11: ETPT_TPRX | D11: =$D$5 -> 0 | E11: 166-08-NC | F11: Action 8 - Support à l'accès au droit et à la justice | G11: =SUM(SUMIFS( INDEX( 'ETPT Format DDG'!$A:$ZZ,,MATCH("11.4. ACCÈS AU DROIT ET À LA JUSTICE",'ETPT Format DDG'!2:2,0)), INDEX( 'ETPT Format DDG'!$A:$ZZ,,MATCH("Fonction recodée",'ETPT Format DDG'!2:2,0)),"Fonctionnaire CTECH", INDEX( 'ETPT Format DDG'!$A:$ZZ,,MATCH("Juridiction",'ETPT Format DDG'!2:2,0)),$D$5)) -> #N/A | H11: =_xlfn.AGGREGATE(9,6,G11) -> 0 | R11: =SUM(SUMIFS( INDEX( 'ETPT Format DDG'!$A:$ZZ,,MATCH("11.4. ACCÈS AU DROIT ET À LA JUSTICE",'ETPT Format DDG'!2:2,0)), INDEX( 'ETPT Format DDG'!$A:$ZZ,,MATCH("Fonction recodée",'ETPT Format DDG'!2:2,0)),"Fonctionnaire A-B-CBUR", INDEX( 'ETPT Format DDG'!$A:$ZZ,,MATCH("Juridiction",'ETPT Format DDG'!2:2,0)),$D$5)) -> #N/A | S11: =_xlfn.AGGREGATE(9,6,I11:R11) -> 0 | AC11: =_xlfn.AGGREGATE(9,6,T11:AB11) -> 0 | AF11: {=SUM(SUMIFS( INDEX( 'ETPT Format DDG'!$A:$ZZ,,MATCH("11.4. ACCÈS AU DROIT ET À LA JUSTICE",'ETPT Format DDG'!2:2,0)), INDEX( 'ETPT Format DDG'!$A:$ZZ,,MATCH("Fonction recodée",'ETPT Format DDG'!2:2,0)),{"Magistrat SIEGE S";"Magistrat SIEGE NS"}, INDEX( 'ETPT Format DDG'!$A:$ZZ,,MATCH("Juridiction",'ETPT Format DDG'!2:2,0)),$D$5))} -> #N/A | AG11: =_xlfn.AGGREGATE(9,6,AD11:AF11) -> 0
A12: ETPT_TPRX | D12: =$D$5 -> 0 | E12: 166-99-NC | F12: Action 99 - Personnel concourant au programme - à reventiler | G12: =SUM(SUMIFS( INDEX( 'ETPT Format DDG'!$A:$ZZ,,MATCH("12. TOTAL des INDISPONIBILITÉS relevant de l'action 99",'ETPT Format DDG'!2:2,0)), INDEX( 'ETPT Format DDG'!$A:$ZZ,,MATCH("Fonction recodée",'ETPT Format DDG'!2:2,0)),"Fonctionnaire CTECH", INDEX( 'ETPT Format DDG'!$A:$ZZ,,MATCH("Juridiction",'ETPT Format DDG'!2:2,0)),$D$5))- SUM(SUMIFS( INDEX( 'ETPT Format DDG'!$A:$ZZ,,MATCH("12.5. MISE À DISPOSITION",'ETPT Format DDG'!2:2,0)), INDEX( 'ETPT Format DDG'!$A:$ZZ,,MATCH("Fonction recodée",'ETPT Format DDG'!2:2,0)),"Fonctionnaire CTECH", INDEX( 'ETPT Format DDG'!$A:$ZZ,,MATCH("Juridiction",'ETPT Format DDG'!2:2,0)),$D$5)) -> #N/A | H12: =_xlfn.AGGREGATE(9,6,G12) -> 0 | R12: =SUM(SUMIFS( INDEX( 'ETPT Format DDG'!$A:$ZZ,,MATCH("12. TOTAL des INDISPONIBILITÉS relevant de l'action 99",'ETPT Format DDG'!2:2,0)), INDEX( 'ETPT Format DDG'!$A:$ZZ,,MATCH("Fonction recodée",'ETPT Format DDG'!2:2,0)),"Fonctionnaire A-B-CBUR", INDEX( 'ETPT Format DDG'!$A:$ZZ,,MATCH("Juridiction",'ETPT Format DDG'!2:2,0)),$D$5))- SUM(SUMIFS( INDEX( 'ETPT Format DDG'!$A:$ZZ,,MATCH("12.5. MISE À DISPOSITION",'ETPT Format DDG'!2:2,0)), INDEX( 'ETPT Format DDG'!$A:$ZZ,,MATCH("Fonction recodée",'ETPT Format DDG'!2:2,0)),"Fonctionnaire A-B-CBUR", INDEX( 'ETPT Format DDG'!$A:$ZZ,,MATCH("Juridiction",'ETPT Format DDG'!2:2,0)),$D$5)) -> #N/A | S12: =_xlfn.AGGREGATE(9,6,I12:R12) -> 0 | AC12: =_xlfn.AGGREGATE(9,6,T12:AB12) -> 0 | AF12: {=SUM(SUMIFS( INDEX( 'ETPT Format DDG'!$A:$ZZ,,MATCH("12. TOTAL des INDISPONIBILITÉS relevant de l'action 99",'ETPT Format DDG'!2:2,0)), INDEX( 'ETPT Format DDG'!$A:$ZZ,,MATCH("Fonction recodée",'ETPT Format DDG'!2:2,0)),{"Magistrat SIEGE S";"Magistrat SIEGE NS"}, INDEX( 'ETPT Format DDG'!$A:$ZZ,,MATCH("Juridiction",'ETPT Format DDG'!2:2,0)),$D$5))- SUM(SUMIFS( INDEX( 'ETPT Format DDG'!$A:$ZZ,,MATCH("12.5. MISE À DISPOSITION",'ETPT Format DDG'!2:2,0)), INDEX( 'ETPT Format DDG'!$A:$ZZ,,MATCH("Fonction recodée",'ETPT Format DDG'!2:2,0)),{"Magistrat SIEGE S";"Magistrat SIEGE NS"}, INDEX( 'ETPT Format DDG'!$A:$ZZ,,MATCH("Juridiction",'ETPT Format DDG'!2:2,0)),$D$5))} -> #N/A | AG12: =_xlfn.AGGREGATE(9,6,AD12:AF12) -> 0
A13: ETPT_TPRX | D13: =$D$5 -> 0 | E13: 166-NC-NC | F13: Etpt autres personnels à reventiler (dont droit local,commercial- rcs, mise à disposition) | G13: =SUM(SUMIFS( INDEX( 'ETPT Format DDG'!$A:$ZZ,,MATCH("12.5. MISE À DISPOSITION",'ETPT Format DDG'!2:2,0)), INDEX( 'ETPT Format DDG'!$A:$ZZ,,MATCH("Fonction recodée",'ETPT Format DDG'!2:2,0)),"Fonctionnaire CTECH", INDEX( 'ETPT Format DDG'!$A:$ZZ,,MATCH("Juridiction",'ETPT Format DDG'!2:2,0)),$D$5))+ _xlfn.IFNA(SUM(SUMIFS( INDEX( 'ETPT Format DDG'!$A:$ZZ,,MATCH("13. TOTAL CONTENTIEUX LOCAUX SPÉCIFIQUES",'ETPT Format DDG'!2:2,0)), INDEX( 'ETPT Format DDG'!$A:$ZZ,,MATCH("Fonction recodée",'ETPT Format DDG'!2:2,0)),"Fonctionnaire CTECH", INDEX( 'ETPT Format DDG'!$A:$ZZ,,MATCH("Juridiction",'ETPT Format DDG'!2:2,0)),$D$5)),0) -> #N/A | H13: =_xlfn.AGGREGATE(9,6,G13) -> 0 | I13: =_xlfn.IFNA(SUM(SUMIFS( INDEX( 'ETPT Format DDG'!$A:$ZZ,,MATCH("13. TOTAL CONTENTIEUX LOCAUX SPÉCIFIQUES",'ETPT Format DDG'!2:2,0)), INDEX( 'ETPT Format DDG'!$A:$ZZ,,MATCH("Fonction recodée",'ETPT Format DDG'!2:2,0)),"Fonctionnaire A-B-CBUR", INDEX( 'ETPT Format DDG'!$A:$ZZ,,MATCH("Juridiction",'ETPT Format DDG'!2:2,0)),$D$5)),0) -> 0 | R13: =SUM(SUMIFS( INDEX( 'ETPT Format DDG'!$A:$ZZ,,MATCH("12.5. MISE À DISPOSITION",'ETPT Format DDG'!2:2,0)), INDEX( 'ETPT Format DDG'!$A:$ZZ,,MATCH("Fonction recodée",'ETPT Format DDG'!2:2,0)),"Fonctionnaire A-B-CBUR", INDEX( 'ETPT Format DDG'!$A:$ZZ,,MATCH("Juridiction",'ETPT Format DDG'!2:2,0)),$D$5)) -> #N/A | S13: =_xlfn.AGGREGATE(9,6,I13:R13) -> 0 | T13: {=_xlfn.IFNA(SUM(SUMIFS( INDEX( 'ETPT Format DDG'!$A:$ZZ,,MATCH("13. TOTAL CONTENTIEUX LOCAUX SPÉCIFIQUES",'ETPT Format DDG'!2:2,0)), INDEX( 'ETPT Format DDG'!$A:$ZZ,,MATCH("Fonction recodée",'ETPT Format DDG'!2:2,0)),{"Magistrat SIEGE S";"Magistrat SIEGE NS"}, INDEX( 'ETPT Format DDG'!$A:$ZZ,,MATCH("Juridiction",'ETPT Format DDG'!2:2,0)),$D$5)),0)} -> 0 | AC13: =_xlfn.AGGREGATE(9,6,T13:AB13) -> 0 | AF13: {=SUM(SUMIFS( INDEX( 'ETPT Format DDG'!$A:$ZZ,,MATCH("12.5. MISE À DISPOSITION",'ETPT Format DDG'!2:2,0)), INDEX( 'ETPT Format DDG'!$A:$ZZ,,MATCH("Fonction recodée",'ETPT Format DDG'!2:2,0)),{"Magistrat SIEGE S";"Magistrat SIEGE NS"}, INDEX( 'ETPT Format DDG'!$A:$ZZ,,MATCH("Juridiction",'ETPT Format DDG'!2:2,0)),$D$5))} -> #N/A | AG13: =_xlfn.AGGREGATE(9,6,AD13:AF13) -> 0
A14: ETPT_TPRX | D14: =$D$5 -> 0 | E14: 166-PA-NC | F14: Etpt placés additionnels | G14: =SUM(SUMIFS( INDEX( 'ETPT A-JUST'!$A:$ZZ,,MATCH("Temps ventilés sur la période (absentéisme et action 99 déduits)",'ETPT A-JUST'!2:2,0)), INDEX( 'ETPT A-JUST'!$A:$ZZ,,MATCH("Fonction recodée",'ETPT A-JUST'!2:2,0)),"Fonctionnaire CTECH placé ADD", INDEX( 'ETPT A-JUST'!$A:$ZZ,,MATCH("Juridiction",'ETPT A-JUST'!2:2,0)),$D$5)) -> #N/A | H14: =_xlfn.AGGREGATE(9,6,G14) -> 0 | I14: =_xlfn.IFNA(SUM(SUMIFS( INDEX( 'ETPT A-JUST'!$A:$ZZ,,MATCH("13. TOTAL CONTENTIEUX LOCAUX SPÉCIFIQUES",'ETPT A-JUST'!2:2,0)), INDEX( 'ETPT A-JUST'!$A:$ZZ,,MATCH("Fonction recodée",'ETPT A-JUST'!2:2,0)),"Fonctionnaire A-B-CBUR placé ADD", INDEX( 'ETPT A-JUST'!$A:$ZZ,,MATCH("Juridiction",'ETPT A-JUST'!2:2,0)),$D$5)),0) -> 0 | J14: =SUM(SUMIFS( INDEX( 'ETPT A-JUST'!$A:$ZZ,,MATCH("3.43. INJONCTIONS DE PAYER",'ETPT A-JUST'!2:2,0)), INDEX( 'ETPT A-JUST'!$A:$ZZ,,MATCH("Fonction recodée",'ETPT A-JUST'!2:2,0)),"Fonctionnaire A-B-CBUR placé ADD", INDEX( 'ETPT A-JUST'!$A:$ZZ,,MATCH("Juridiction",'ETPT A-JUST'!2:2,0)),$D$5))+ SUM(SUMIFS( INDEX( 'ETPT A-JUST'!$A:$ZZ,,MATCH("3.44. SAISIE DES RÉMUNÉRATIONS",'ETPT A-JUST'!2:2,0)), INDEX( 'ETPT A-JUST'!$A:$ZZ,,MATCH("Fonction recodée",'ETPT A-JUST'!2:2,0)),"Fonctionnaire A-B-CBUR placé ADD", INDEX( 'ETPT A-JUST'!$A:$ZZ,,MATCH("Juridiction",'ETPT A-JUST'!2:2,0)),$D$5)) -> #N/A | K14: =SUM(SUMIFS( INDEX( 'ETPT A-JUST'!$A:$ZZ,,MATCH("3. TOTAL CONTENTIEUX DE LA PROTECTION",'ETPT A-JUST'!2:2,0)), INDEX( 'ETPT A-JUST'!$A:$ZZ,,MATCH("Fonction recodée",'ETPT A-JUST'!2:2,0)),"Fonctionnaire A-B-CBUR placé ADD", INDEX( 'ETPT A-JUST'!$A:$ZZ,,MATCH("Juridiction",'ETPT A-JUST'!2:2,0)),$D$5))- SUM(SUMIFS( INDEX( 'ETPT A-JUST'!$A:$ZZ,,MATCH("3.2. PROTECTION DES MAJEURS",'ETPT A-JUST'!2:2,0)), INDEX( 'ETPT A-JUST'!$A:$ZZ,,MATCH("Fonction recodée",'ETPT A-JUST'!2:2,0)),"Fonctionnaire A-B-CBUR placé ADD", INDEX( 'ETPT A-JUST'!$A:$ZZ,,MATCH("Juridiction",'ETPT A-JUST'!2:2,0)),$D$5))- SUM(SUMIFS( INDEX( 'ETPT A-JUST'!$A:$ZZ,,MATCH("3.43. INJONCTIONS DE PAYER",'ETPT A-JUST'!2:2,0)), INDEX( 'ETPT A-JUST'!$A:$ZZ,,MATCH("Fonction recodée",'ETPT A-JUST'!2:2,0)),"Fonctionnaire A-B-CBUR placé ADD", INDEX( 'ETPT A-JUST'!$A:$ZZ,,MATCH("Juridiction",'ETPT A-JUST'!2:2,0)),$D$5))- SUM(SUMIFS( INDEX( 'ETPT A-JUST'!$A:$ZZ,,MATCH("3.44. SAISIE DES RÉMUNÉRATIONS",'ETPT A-JUST'!2:2,0)), INDEX( 'ETPT A-JUST'!$A:$ZZ,,MATCH("Fonction recodée",'ETPT A-JUST'!2:2,0)),"Fonctionnaire A-B-CBUR placé ADD", INDEX( 'ETPT A-JUST'!$A:$ZZ,,MATCH("Juridiction",'ETPT A-JUST'!2:2,0)),$D$5)) -> #N/A | L14: =SUM(SUMIFS( INDEX( 'ETPT A-JUST'!$A:$ZZ,,MATCH("3.2. PROTECTION DES MAJEURS",'ETPT A-JUST'!2:2,0)), INDEX( 'ETPT A-JUST'!$A:$ZZ,,MATCH("Fonction recodée",'ETPT A-JUST'!2:2,0)),"Fonctionnaire A-B-CBUR placé ADD", INDEX( 'ETPT A-JUST'!$A:$ZZ,,MATCH("Juridiction",'ETPT A-JUST'!2:2,0)),$D$5)) -> #N/A | R14: =SUM(SUMIFS( INDEX( 'ETPT A-JUST'!$A:$ZZ,,MATCH("1. TOTAL CONTENTIEUX SOCIAL",'ETPT A-JUST'!2:2,0)), INDEX( 'ETPT A-JUST'!$A:$ZZ,,MATCH("Fonction recodée",'ETPT A-JUST'!2:2,0)),"Fonctionnaire A-B-CBUR placé ADD", INDEX( 'ETPT A-JUST'!$A:$ZZ,,MATCH("Juridiction",'ETPT A-JUST'!2:2,0)),$D$5))+ SUM(SUMIFS( INDEX( 'ETPT A-JUST'!$A:$ZZ,,MATCH("2. TOTAL CONTENTIEUX JAF",'ETPT A-JUST'!2:2,0)), INDEX( 'ETPT A-JUST'!$A:$ZZ,,MATCH("Fonction recodée",'ETPT A-JUST'!2:2,0)),"Fonctionnaire A-B-CBUR placé ADD", INDEX( 'ETPT A-JUST'!$A:$ZZ,,MATCH("Juridiction",'ETPT A-JUST'!2:2,0)),$D$5))+ SUM(SUMIFS( INDEX( 'ETPT A-JUST'!$A:$ZZ,,MATCH("4. TOTAL CIVIL NON SPÉCIALISÉ",'ETPT A-JUST'!2:2,0)), INDEX( 'ETPT A-JUST'!$A:$ZZ,,MATCH("Fonction recodée",'ETPT A-JUST'!2:2,0)),"Fonctionnaire A-B-CBUR placé ADD", INDEX( 'ETPT A-JUST'!$A:$ZZ,,MATCH("Juridiction",'ETPT A-JUST'!2:2,0)),$D$5))+ SUM(SUMIFS( INDEX( 'ETPT A-JUST'!$A:$ZZ,,MATCH("5. TOTAL JLD CIVIL",'ETPT A-JUST'!2:2,0)), INDEX( 'ETPT A-JUST'!$A:$ZZ,,MATCH("Fonction recodée",'ETPT A-JUST'!2:2,0)),"Fonctionnaire A-B-CBUR placé ADD", INDEX( 'ETPT A-JUST'!$A:$ZZ,,MATCH("Juridiction",'ETPT A-JUST'!2:2,0)),$D$5))+ SUM(SUMIFS( INDEX( 'ETPT A-JUST'!$A:$ZZ,,MATCH("6.1. ACTIVITÉ CIVILE",'ETPT A-JUST'!2:2,0)), INDEX( 'ETPT A-JUST'!$A:$ZZ,,MATCH("Fonction recodée",'ETPT A-JUST'!2:2,0)),"Fonctionnaire A-B-CBUR placé ADD", INDEX( 'ETPT A-JUST'!$A:$ZZ,,MATCH("Juridiction",'ETPT A-JUST'!2:2,0)),$D$5))+ SUM(SUMIFS( INDEX( 'ETPT A-JUST'!$A:$ZZ,,MATCH("11.8. FONCTIONNAIRES AFFECTÉS AUX ACTIVITÉS CIVILES ET COMMERCIALES DU PARQUET",'ETPT A-JUST'!2:2,0)), INDEX( 'ETPT A-JUST'!$A:$ZZ,,MATCH("Fonction recodée",'ETPT A-JUST'!2:2,0)),"Fonctionnaire A-B-CBUR placé ADD", INDEX( 'ETPT A-JUST'!$A:$ZZ,,MATCH("Juridiction",'ETPT A-JUST'!2:2,0)),$D$5))+ SUM(SUMIFS( INDEX( 'ETPT A-JUST'!$A:$ZZ,,MATCH("11.51. ACCUEIL DU JUSTICIABLE (DONT SAUJ)",'ETPT A-JUST'!2:2,0)), INDEX( 'ETPT A-JUST'!$A:$ZZ,,MATCH("Fonction recodée",'ETPT A-JUST'!2:2,0)),"Fonctionnaire A-B-CBUR placé ADD", INDEX( 'ETPT A-JUST'!$A:$ZZ,,MATCH("Juridiction",'ETPT A-JUST'!2:2,0)),$D$5))+ SUM(SUMIFS( INDEX( 'ETPT A-JUST'!$A:$ZZ,,MATCH("11.1. SOUTIEN (HORS FORMATIONS SUIVIES)",'ETPT A-JUST'!2:2,0)), INDEX( 'ETPT A-JUST'!$A:$ZZ,,MATCH("Fonction recodée",'ETPT A-JUST'!2:2,0)),"Fonctionnaire A-B-CBUR placé ADD", INDEX( 'ETPT A-JUST'!$A:$ZZ,,MATCH("Juridiction",'ETPT A-JUST'!2:2,0)),$D$5))+ SUM(SUMIFS( INDEX( 'ETPT A-JUST'!$A:$ZZ,,MATCH("11.2. FORMATIONS SUIVIES",'ETPT A-JUST'!2:2,0)), INDEX( 'ETPT A-JUST'!$A:$ZZ,,MATCH("Fonction recodée",'ETPT A-JUST'!2:2,0)),"Fonctionnaire A-B-CBUR placé ADD", INDEX( 'ETPT A-JUST'!$A:$ZZ,,MATCH("Juridiction",'ETPT A-JUST'!2:2,0)),$D$5))+ SUM(SUMIFS( INDEX( 'ETPT A-JUST'!$A:$ZZ,,MATCH("11.6. AUTRES ACTIVITÉS NON JURIDICTIONNELLES",'ETPT A-JUST'!2:2,0)), INDEX( 'ETPT A-JUST'!$A:$ZZ,,MATCH("Fonction recodée",'ETPT A-JUST'!2:2,0)),"Fonctionnaire A-B-CBUR placé ADD", INDEX( 'ETPT A-JUST'!$A:$ZZ,,MATCH("Juridiction",'ETPT A-JUST'!2:2,0)),$D$5))+ SUM(SUMIFS( INDEX( 'ETPT A-JUST'!$A:$ZZ,,MATCH("11.3. FORMATIONS DISPENSÉES",'ETPT A-JUST'!2:2,0)), INDEX( 'ETPT A-JUST'!$A:$ZZ,,MATCH("Fonction recodée",'ETPT A-JUST'!2:2,0)),"Fonctionnaire A-B-CBUR placé ADD", INDEX( 'ETPT A-JUST'!$A:$ZZ,,MATCH("Juridiction",'ETPT A-JUST'!2:2,0)),$D$5))+ SUM(SUMIFS( INDEX( 'ETPT A-JUST'!$A:$ZZ,,MATCH("11.4. ACCÈS AU DROIT ET À LA JUSTICE",'ETPT A-JUST'!2:2,0)), INDEX( 'ETPT A-JUST'!$A:$ZZ,,MATCH("Fonction recodée",'ETPT A-JUST'!2:2,0)),"Fonctionnaire A-B-CBUR placé ADD", INDEX( 'ETPT A-JUST'!$A:$ZZ,,MATCH("Juridiction",'ETPT A-JUST'!2:2,0)),$D$5)) -> #N/A | S14: =_xlfn.AGGREGATE(9,6,I14:R14) -> 0 | T14: =_xlfn.IFNA(SUM(SUMIFS( INDEX( 'ETPT A-JUST'!$A:$ZZ,,MATCH("13. TOTAL CONTENTIEUX LOCAUX SPÉCIFIQUES",'ETPT A-JUST'!2:2,0)), INDEX( 'ETPT A-JUST'!$A:$ZZ,,MATCH("Fonction recodée",'ETPT A-JUST'!2:2,0)),"Magistrat placé ADD", INDEX( 'ETPT A-JUST'!$A:$ZZ,,MATCH("Juridiction",'ETPT A-JUST'!2:2,0)),$D$5)),0) -> 0 | U14: =SUM(SUMIFS( INDEX( 'ETPT A-JUST'!$A:$ZZ,,MATCH("3.43. INJONCTIONS DE PAYER",'ETPT A-JUST'!2:2,0)), INDEX( 'ETPT A-JUST'!$A:$ZZ,,MATCH("Fonction recodée",'ETPT A-JUST'!2:2,0)),"Magistrat placé ADD", INDEX( 'ETPT A-JUST'!$A:$ZZ,,MATCH("Juridiction",'ETPT A-JUST'!2:2,0)),$D$5))+ SUM(SUMIFS( INDEX( 'ETPT A-JUST'!$A:$ZZ,,MATCH("3.44. SAISIE DES RÉMUNÉRATIONS",'ETPT A-JUST'!2:2,0)), INDEX( 'ETPT A-JUST'!$A:$ZZ,,MATCH("Fonction recodée",'ETPT A-JUST'!2:2,0)),"Magistrat placé ADD", INDEX( 'ETPT A-JUST'!$A:$ZZ,,MATCH("Juridiction",'ETPT A-JUST'!2:2,0)),$D$5)) -> #N/A | V14: =SUM(SUMIFS( INDEX( 'ETPT A-JUST'!$A:$ZZ,,MATCH("3. TOTAL CONTENTIEUX DE LA PROTECTION",'ETPT A-JUST'!2:2,0)), INDEX( 'ETPT A-JUST'!$A:$ZZ,,MATCH("Fonction recodée",'ETPT A-JUST'!2:2,0)),"Magistrat placé ADD", INDEX( 'ETPT A-JUST'!$A:$ZZ,,MATCH("Juridiction",'ETPT A-JUST'!2:2,0)),$D$5))- SUM(SUMIFS( INDEX( 'ETPT A-JUST'!$A:$ZZ,,MATCH("3.2. PROTECTION DES MAJEURS",'ETPT A-JUST'!2:2,0)), INDEX( 'ETPT A-JUST'!$A:$ZZ,,MATCH("Fonction recodée",'ETPT A-JUST'!2:2,0)),"Magistrat placé ADD", INDEX( 'ETPT A-JUST'!$A:$ZZ,,MATCH("Juridiction",'ETPT A-JUST'!2:2,0)),$D$5))- SUM(SUMIFS( INDEX( 'ETPT A-JUST'!$A:$ZZ,,MATCH("3.43. INJONCTIONS DE PAYER",'ETPT A-JUST'!2:2,0)), INDEX( 'ETPT A-JUST'!$A:$ZZ,,MATCH("Fonction recodée",'ETPT A-JUST'!2:2,0)),"Magistrat placé ADD", INDEX( 'ETPT A-JUST'!$A:$ZZ,,MATCH("Juridiction",'ETPT A-JUST'!2:2,0)),$D$5))- SUM(SUMIFS( INDEX( 'ETPT A-JUST'!$A:$ZZ,,MATCH("3.44. SAISIE DES RÉMUNÉRATIONS",'ETPT A-JUST'!2:2,0)), INDEX( 'ETPT A-JUST'!$A:$ZZ,,MATCH("Fonction recodée",'ETPT A-JUST'!2:2,0)),"Magistrat placé ADD", INDEX( 'ETPT A-JUST'!$A:$ZZ,,MATCH("Juridiction",'ETPT A-JUST'!2:2,0)),$D$5)) -> #N/A | W14: =SUM(SUMIFS( INDEX( 'ETPT A-JUST'!$A:$ZZ,,MATCH("3.2. PROTECTION DES MAJEURS",'ETPT A-JUST'!2:2,0)), INDEX( 'ETPT A-JUST'!$A:$ZZ,,MATCH("Fonction recodée",'ETPT A-JUST'!2:2,0)),"Magistrat placé ADD", INDEX( 'ETPT A-JUST'!$A:$ZZ,,MATCH("Juridiction",'ETPT A-JUST'!2:2,0)),$D$5)) -> #N/A | AC14: =_xlfn.AGGREGATE(9,6,T14:AB14) -> 0 | AE14: =SUM(SUMIFS( INDEX( 'ETPT A-JUST'!$A:$ZZ,,MATCH("1.1. DÉPARTAGE PRUD'HOMAL",'ETPT A-JUST'!2:2,0)), INDEX( 'ETPT A-JUST'!$A:$ZZ,,MATCH("Fonction recodée",'ETPT A-JUST'!2:2,0)),"Magistrat placé ADD", INDEX( 'ETPT A-JUST'!$A:$ZZ,,MATCH("Juridiction",'ETPT A-JUST'!2:2,0)),$D$5)) -> #N/A | AF14: =SUM(SUMIFS( INDEX( 'ETPT A-JUST'!$A:$ZZ,,MATCH("Temps ventilés sur la période (absentéisme et action 99 déduits)",'ETPT A-JUST'!2:2,0)), INDEX( 'ETPT A-JUST'!$A:$ZZ,,MATCH("Fonction recodée",'ETPT A-JUST'!2:2,0)),"Magistrat placé ADD", INDEX( 'ETPT A-JUST'!$A:$ZZ,,MATCH("Juridiction",'ETPT A-JUST'!2:2,0)),$D$5))- _xlfn.AGGREGATE(9,6,T14:AB14)- _xlfn.AGGREGATE(9,6,AD14:AE14) -> #N/A | AG14: =_xlfn.AGGREGATE(9,6,AD14:AF14) -> 0
A15: ETPT_TPRX | D15: =$D$5 -> 0 | E15: 166-PS-NC | F15: Etpt placés de substitution | G15: =SUM(SUMIFS( INDEX( 'ETPT A-JUST'!$A:$ZZ,,MATCH("Temps ventilés sur la période (absentéisme et action 99 déduits)",'ETPT A-JUST'!2:2,0)), INDEX( 'ETPT A-JUST'!$A:$ZZ,,MATCH("Fonction recodée",'ETPT A-JUST'!2:2,0)),"Fonctionnaire CTECH placé SUB", INDEX( 'ETPT A-JUST'!$A:$ZZ,,MATCH("Juridiction",'ETPT A-JUST'!2:2,0)),$D$5)) -> #N/A | H15: =_xlfn.AGGREGATE(9,6,G15) -> 0 | I15: =_xlfn.IFNA(SUM(SUMIFS( INDEX( 'ETPT A-JUST'!$A:$ZZ,,MATCH("13. TOTAL CONTENTIEUX LOCAUX SPÉCIFIQUES",'ETPT A-JUST'!2:2,0)), INDEX( 'ETPT A-JUST'!$A:$ZZ,,MATCH("Fonction recodée",'ETPT A-JUST'!2:2,0)),"Fonctionnaire A-B-CBUR placé SUB", INDEX( 'ETPT A-JUST'!$A:$ZZ,,MATCH("Juridiction",'ETPT A-JUST'!2:2,0)),$D$5)),0) -> 0 | J15: =SUM(SUMIFS( INDEX( 'ETPT A-JUST'!$A:$ZZ,,MATCH("3.43. INJONCTIONS DE PAYER",'ETPT A-JUST'!2:2,0)), INDEX( 'ETPT A-JUST'!$A:$ZZ,,MATCH("Fonction recodée",'ETPT A-JUST'!2:2,0)),"Fonctionnaire A-B-CBUR placé SUB", INDEX( 'ETPT A-JUST'!$A:$ZZ,,MATCH("Juridiction",'ETPT A-JUST'!2:2,0)),$D$5))+ SUM(SUMIFS( INDEX( 'ETPT A-JUST'!$A:$ZZ,,MATCH("3.44. SAISIE DES RÉMUNÉRATIONS",'ETPT A-JUST'!2:2,0)), INDEX( 'ETPT A-JUST'!$A:$ZZ,,MATCH("Fonction recodée",'ETPT A-JUST'!2:2,0)),"Fonctionnaire A-B-CBUR placé SUB", INDEX( 'ETPT A-JUST'!$A:$ZZ,,MATCH("Juridiction",'ETPT A-JUST'!2:2,0)),$D$5)) -> #N/A | K15: =SUM(SUMIFS( INDEX( 'ETPT A-JUST'!$A:$ZZ,,MATCH("3. TOTAL CONTENTIEUX DE LA PROTECTION",'ETPT A-JUST'!2:2,0)), INDEX( 'ETPT A-JUST'!$A:$ZZ,,MATCH("Fonction recodée",'ETPT A-JUST'!2:2,0)),"Fonctionnaire A-B-CBUR placé SUB", INDEX( 'ETPT A-JUST'!$A:$ZZ,,MATCH("Juridiction",'ETPT A-JUST'!2:2,0)),$D$5))- SUM(SUMIFS( INDEX( 'ETPT A-JUST'!$A:$ZZ,,MATCH("3.2. PROTECTION DES MAJEURS",'ETPT A-JUST'!2:2,0)), INDEX( 'ETPT A-JUST'!$A:$ZZ,,MATCH("Fonction recodée",'ETPT A-JUST'!2:2,0)),"Fonctionnaire A-B-CBUR placé SUB", INDEX( 'ETPT A-JUST'!$A:$ZZ,,MATCH("Juridiction",'ETPT A-JUST'!2:2,0)),$D$5))- SUM(SUMIFS( INDEX( 'ETPT A-JUST'!$A:$ZZ,,MATCH("3.43. INJONCTIONS DE PAYER",'ETPT A-JUST'!2:2,0)), INDEX( 'ETPT A-JUST'!$A:$ZZ,,MATCH("Fonction recodée",'ETPT A-JUST'!2:2,0)),"Fonctionnaire A-B-CBUR placé SUB", INDEX( 'ETPT A-JUST'!$A:$ZZ,,MATCH("Juridiction",'ETPT A-JUST'!2:2,0)),$D$5))- SUM(SUMIFS( INDEX( 'ETPT A-JUST'!$A:$ZZ,,MATCH("3.44. SAISIE DES RÉMUNÉRATIONS",'ETPT A-JUST'!2:2,0)), INDEX( 'ETPT A-JUST'!$A:$ZZ,,MATCH("Fonction recodée",'ETPT A-JUST'!2:2,0)),"Fonctionnaire A-B-CBUR placé SUB", INDEX( 'ETPT A-JUST'!$A:$ZZ,,MATCH("Juridiction",'ETPT A-JUST'!2:2,0)),$D$5)) -> #N/A | L15: =SUM(SUMIFS( INDEX( 'ETPT A-JUST'!$A:$ZZ,,MATCH("3.2. PROTECTION DES MAJEURS",'ETPT A-JUST'!2:2,0)), INDEX( 'ETPT A-JUST'!$A:$ZZ,,MATCH("Fonction recodée",'ETPT A-JUST'!2:2,0)),"Fonctionnaire A-B-CBUR placé SUB", INDEX( 'ETPT A-JUST'!$A:$ZZ,,MATCH("Juridiction",'ETPT A-JUST'!2:2,0)),$D$5)) -> #N/A | R15: =SUM(SUMIFS( INDEX( 'ETPT A-JUST'!$A:$ZZ,,MATCH("1. TOTAL CONTENTIEUX SOCIAL",'ETPT A-JUST'!2:2,0)), INDEX( 'ETPT A-JUST'!$A:$ZZ,,MATCH("Fonction recodée",'ETPT A-JUST'!2:2,0)),"Fonctionnaire A-B-CBUR placé SUB", INDEX( 'ETPT A-JUST'!$A:$ZZ,,MATCH("Juridiction",'ETPT A-JUST'!2:2,0)),$D$5))+ SUM(SUMIFS( INDEX( 'ETPT A-JUST'!$A:$ZZ,,MATCH("2. TOTAL CONTENTIEUX JAF",'ETPT A-JUST'!2:2,0)), INDEX( 'ETPT A-JUST'!$A:$ZZ,,MATCH("Fonction recodée",'ETPT A-JUST'!2:2,0)),"Fonctionnaire A-B-CBUR placé SUB", INDEX( 'ETPT A-JUST'!$A:$ZZ,,MATCH("Juridiction",'ETPT A-JUST'!2:2,0)),$D$5))+ SUM(SUMIFS( INDEX( 'ETPT A-JUST'!$A:$ZZ,,MATCH("4. TOTAL CIVIL NON SPÉCIALISÉ",'ETPT A-JUST'!2:2,0)), INDEX( 'ETPT A-JUST'!$A:$ZZ,,MATCH("Fonction recodée",'ETPT A-JUST'!2:2,0)),"Fonctionnaire A-B-CBUR placé SUB", INDEX( 'ETPT A-JUST'!$A:$ZZ,,MATCH("Juridiction",'ETPT A-JUST'!2:2,0)),$D$5))+ SUM(SUMIFS( INDEX( 'ETPT A-JUST'!$A:$ZZ,,MATCH("5. TOTAL JLD CIVIL",'ETPT A-JUST'!2:2,0)), INDEX( 'ETPT A-JUST'!$A:$ZZ,,MATCH("Fonction recodée",'ETPT A-JUST'!2:2,0)),"Fonctionnaire A-B-CBUR placé SUB", INDEX( 'ETPT A-JUST'!$A:$ZZ,,MATCH("Juridiction",'ETPT A-JUST'!2:2,0)),$D$5))+ SUM(SUMIFS( INDEX( 'ETPT A-JUST'!$A:$ZZ,,MATCH("6.1. ACTIVITÉ CIVILE",'ETPT A-JUST'!2:2,0)), INDEX( 'ETPT A-JUST'!$A:$ZZ,,MATCH("Fonction recodée",'ETPT A-JUST'!2:2,0)),"Fonctionnaire A-B-CBUR placé SUB", INDEX( 'ETPT A-JUST'!$A:$ZZ,,MATCH("Juridiction",'ETPT A-JUST'!2:2,0)),$D$5))+ SUM(SUMIFS( INDEX( 'ETPT A-JUST'!$A:$ZZ,,MATCH("11.8. FONCTIONNAIRES AFFECTÉS AUX ACTIVITÉS CIVILES ET COMMERCIALES DU PARQUET",'ETPT A-JUST'!2:2,0)), INDEX( 'ETPT A-JUST'!$A:$ZZ,,MATCH("Fonction recodée",'ETPT A-JUST'!2:2,0)),"Fonctionnaire A-B-CBUR placé SUB", INDEX( 'ETPT A-JUST'!$A:$ZZ,,MATCH("Juridiction",'ETPT A-JUST'!2:2,0)),$D$5))+ SUM(SUMIFS( INDEX( 'ETPT A-JUST'!$A:$ZZ,,MATCH("11.51. ACCUEIL DU JUSTICIABLE (DONT SAUJ)",'ETPT A-JUST'!2:2,0)), INDEX( 'ETPT A-JUST'!$A:$ZZ,,MATCH("Fonction recodée",'ETPT A-JUST'!2:2,0)),"Fonctionnaire A-B-CBUR placé SUB", INDEX( 'ETPT A-JUST'!$A:$ZZ,,MATCH("Juridiction",'ETPT A-JUST'!2:2,0)),$D$5))+ SUM(SUMIFS( INDEX( 'ETPT A-JUST'!$A:$ZZ,,MATCH("11.1. SOUTIEN (HORS FORMATIONS SUIVIES)",'ETPT A-JUST'!2:2,0)), INDEX( 'ETPT A-JUST'!$A:$ZZ,,MATCH("Fonction recodée",'ETPT A-JUST'!2:2,0)),"Fonctionnaire A-B-CBUR placé SUB", INDEX( 'ETPT A-JUST'!$A:$ZZ,,MATCH("Juridiction",'ETPT A-JUST'!2:2,0)),$D$5))+ SUM(SUMIFS( INDEX( 'ETPT A-JUST'!$A:$ZZ,,MATCH("11.2. FORMATIONS SUIVIES",'ETPT A-JUST'!2:2,0)), INDEX( 'ETPT A-JUST'!$A:$ZZ,,MATCH("Fonction recodée",'ETPT A-JUST'!2:2,0)),"Fonctionnaire A-B-CBUR placé SUB", INDEX( 'ETPT A-JUST'!$A:$ZZ,,MATCH("Juridiction",'ETPT A-JUST'!2:2,0)),$D$5))+ SUM(SUMIFS( INDEX( 'ETPT A-JUST'!$A:$ZZ,,MATCH("11.6. AUTRES ACTIVITÉS NON JURIDICTIONNELLES",'ETPT A-JUST'!2:2,0)), INDEX( 'ETPT A-JUST'!$A:$ZZ,,MATCH("Fonction recodée",'ETPT A-JUST'!2:2,0)),"Fonctionnaire A-B-CBUR placé SUB", INDEX( 'ETPT A-JUST'!$A:$ZZ,,MATCH("Juridiction",'ETPT A-JUST'!2:2,0)),$D$5))+ SUM(SUMIFS( INDEX( 'ETPT A-JUST'!$A:$ZZ,,MATCH("11.3. FORMATIONS DISPENSÉES",'ETPT A-JUST'!2:2,0)), INDEX( 'ETPT A-JUST'!$A:$ZZ,,MATCH("Fonction recodée",'ETPT A-JUST'!2:2,0)),"Fonctionnaire A-B-CBUR placé SUB", INDEX( 'ETPT A-JUST'!$A:$ZZ,,MATCH("Juridiction",'ETPT A-JUST'!2:2,0)),$D$5))+ SUM(SUMIFS( INDEX( 'ETPT A-JUST'!$A:$ZZ,,MATCH("11.4. ACCÈS AU DROIT ET À LA JUSTICE",'ETPT A-JUST'!2:2,0)), INDEX( 'ETPT A-JUST'!$A:$ZZ,,MATCH("Fonction recodée",'ETPT A-JUST'!2:2,0)),"Fonctionnaire A-B-CBUR placé SUB", INDEX( 'ETPT A-JUST'!$A:$ZZ,,MATCH("Juridiction",'ETPT A-JUST'!2:2,0)),$D$5)) -> #N/A | S15: =_xlfn.AGGREGATE(9,6,I15:R15) -> 0 | T15: =_xlfn.IFNA(SUM(SUMIFS( INDEX( 'ETPT A-JUST'!$A:$ZZ,,MATCH("13. TOTAL CONTENTIEUX LOCAUX SPÉCIFIQUES",'ETPT A-JUST'!2:2,0)), INDEX( 'ETPT A-JUST'!$A:$ZZ,,MATCH("Fonction recodée",'ETPT A-JUST'!2:2,0)),"Magistrat placé SUB", INDEX( 'ETPT A-JUST'!$A:$ZZ,,MATCH("Juridiction",'ETPT A-JUST'!2:2,0)),$D$5)),0) -> 0 | U15: =SUM(SUMIFS( INDEX( 'ETPT A-JUST'!$A:$ZZ,,MATCH("3.43. INJONCTIONS DE PAYER",'ETPT A-JUST'!2:2,0)), INDEX( 'ETPT A-JUST'!$A:$ZZ,,MATCH("Fonction recodée",'ETPT A-JUST'!2:2,0)),"Magistrat placé SUB", INDEX( 'ETPT A-JUST'!$A:$ZZ,,MATCH("Juridiction",'ETPT A-JUST'!2:2,0)),$D$5))+ SUM(SUMIFS( INDEX( 'ETPT A-JUST'!$A:$ZZ,,MATCH("3.44. SAISIE DES RÉMUNÉRATIONS",'ETPT A-JUST'!2:2,0)), INDEX( 'ETPT A-JUST'!$A:$ZZ,,MATCH("Fonction recodée",'ETPT A-JUST'!2:2,0)),"Magistrat placé SUB", INDEX( 'ETPT A-JUST'!$A:$ZZ,,MATCH("Juridiction",'ETPT A-JUST'!2:2,0)),$D$5)) -> #N/A | V15: =SUM(SUMIFS( INDEX( 'ETPT A-JUST'!$A:$ZZ,,MATCH("3. TOTAL CONTENTIEUX DE LA PROTECTION",'ETPT A-JUST'!2:2,0)), INDEX( 'ETPT A-JUST'!$A:$ZZ,,MATCH("Fonction recodée",'ETPT A-JUST'!2:2,0)),"Magistrat placé SUB", INDEX( 'ETPT A-JUST'!$A:$ZZ,,MATCH("Juridiction",'ETPT A-JUST'!2:2,0)),$D$5))- SUM(SUMIFS( INDEX( 'ETPT A-JUST'!$A:$ZZ,,MATCH("3.2. PROTECTION DES MAJEURS",'ETPT A-JUST'!2:2,0)), INDEX( 'ETPT A-JUST'!$A:$ZZ,,MATCH("Fonction recodée",'ETPT A-JUST'!2:2,0)),"Magistrat placé SUB", INDEX( 'ETPT A-JUST'!$A:$ZZ,,MATCH("Juridiction",'ETPT A-JUST'!2:2,0)),$D$5))- SUM(SUMIFS( INDEX( 'ETPT A-JUST'!$A:$ZZ,,MATCH("3.43. INJONCTIONS DE PAYER",'ETPT A-JUST'!2:2,0)), INDEX( 'ETPT A-JUST'!$A:$ZZ,,MATCH("Fonction recodée",'ETPT A-JUST'!2:2,0)),"Magistrat placé SUB", INDEX( 'ETPT A-JUST'!$A:$ZZ,,MATCH("Juridiction",'ETPT A-JUST'!2:2,0)),$D$5))- SUM(SUMIFS( INDEX( 'ETPT A-JUST'!$A:$ZZ,,MATCH("3.44. SAISIE DES RÉMUNÉRATIONS",'ETPT A-JUST'!2:2,0)), INDEX( 'ETPT A-JUST'!$A:$ZZ,,MATCH("Fonction recodée",'ETPT A-JUST'!2:2,0)),"Magistrat placé SUB", INDEX( 'ETPT A-JUST'!$A:$ZZ,,MATCH("Juridiction",'ETPT A-JUST'!2:2,0)),$D$5)) -> #N/A | W15: =SUM(SUMIFS( INDEX( 'ETPT A-JUST'!$A:$ZZ,,MATCH("3.2. PROTECTION DES MAJEURS",'ETPT A-JUST'!2:2,0)), INDEX( 'ETPT A-JUST'!$A:$ZZ,,MATCH("Fonction recodée",'ETPT A-JUST'!2:2,0)),"Magistrat placé SUB", INDEX( 'ETPT A-JUST'!$A:$ZZ,,MATCH("Juridiction",'ETPT A-JUST'!2:2,0)),$D$5)) -> #N/A | AC15: =_xlfn.AGGREGATE(9,6,T15:AB15) -> 0 | AE15: =SUM(SUMIFS( INDEX( 'ETPT A-JUST'!$A:$ZZ,,MATCH("1.1. DÉPARTAGE PRUD'HOMAL",'ETPT A-JUST'!2:2,0)), INDEX( 'ETPT A-JUST'!$A:$ZZ,,MATCH("Fonction recodée",'ETPT A-JUST'!2:2,0)),"Magistrat placé SUB", INDEX( 'ETPT A-JUST'!$A:$ZZ,,MATCH("Juridiction",'ETPT A-JUST'!2:2,0)),$D$5)) -> #N/A | AF15: =SUM(SUMIFS( INDEX( 'ETPT A-JUST'!$A:$ZZ,,MATCH("Temps ventilés sur la période (absentéisme et action 99 déduits)",'ETPT A-JUST'!2:2,0)), INDEX( 'ETPT A-JUST'!$A:$ZZ,,MATCH("Fonction recodée",'ETPT A-JUST'!2:2,0)),"Magistrat placé SUB", INDEX( 'ETPT A-JUST'!$A:$ZZ,,MATCH("Juridiction",'ETPT A-JUST'!2:2,0)),$D$5))- _xlfn.AGGREGATE(9,6,T15:AB15)- _xlfn.AGGREGATE(9,6,AD15:AE15) -> #N/A | AG15: =_xlfn.AGGREGATE(9,6,AD15:AF15) -> 0
F16: TOTAL ETPT | G16: =_xlfn.AGGREGATE(9,6,G5:G15) -> 0 | H16: =_xlfn.AGGREGATE(9,6,H5:H15) -> 0 | I16: =_xlfn.AGGREGATE(9,6,I5:I15) -> 0 | J16: =_xlfn.AGGREGATE(9,6,J5:J15) -> 0 | K16: =_xlfn.AGGREGATE(9,6,K5:K15) -> 0 | L16: =_xlfn.AGGREGATE(9,6,L5:L15) -> 0 | M16: =_xlfn.AGGREGATE(9,6,M5:M15) -> 0 | N16: =_xlfn.AGGREGATE(9,6,N5:N15) -> 0 | ... AG16: =_xlfn.AGGREGATE(9,6,AG5:AG15) -> 0
F18: Indisponibilité des placés à reporter sur le SAR, ligne "Etpt placés absents non affectés", colonne C-TECH | G18: {=SUM(SUMIFS( INDEX( 'ETPT A-JUST'!$A:$ZZ,,MATCH("12. TOTAL INDISPONIBILITÉ",'ETPT A-JUST'!2:2,0)), INDEX( 'ETPT A-JUST'!$A:$ZZ,,MATCH("Fonction recodée",'ETPT A-JUST'!2:2,0)),{"Fonctionnaire CTECH placé ADD";"Fonctionnaire CTECH placé SUB"}, INDEX( 'ETPT A-JUST'!$A:$ZZ,,MATCH("Juridiction",'ETPT A-JUST'!2:2,0)),$D$5))} -> #N/A | Q18: Indisponibilité des placés à reporter sur le SAR, ligne "Etpt placés absents non affectés", colonne ABC-BUR | R18: {=SUM(SUMIFS( INDEX( 'ETPT A-JUST'!$A:$ZZ,,MATCH("12. TOTAL INDISPONIBILITÉ",'ETPT A-JUST'!2:2,0)), INDEX( 'ETPT A-JUST'!$A:$ZZ,,MATCH("Fonction recodée",'ETPT A-JUST'!2:2,0)),{"Fonctionnaire A-B-CBUR placé ADD";"Fonctionnaire A-B-CBUR placé SUB"}, INDEX( 'ETPT A-JUST'!$A:$ZZ,,MATCH("Juridiction",'ETPT A-JUST'!2:2,0)),$D$5))} -> #N/A | AE18: Indisponibilité des placés à reporter sur la cour, ligne "Etpt placés absents non affectés", colonne "Autres Magistrats du Siège non spécialisés" | AF18: {=SUM(SUMIFS( INDEX( 'ETPT A-JUST'!$A:$ZZ,,MATCH("12. TOTAL INDISPONIBILITÉ",'ETPT A-JUST'!2:2,0)), INDEX( 'ETPT A-JUST'!$A:$ZZ,,MATCH("Fonction recodée",'ETPT A-JUST'!2:2,0)),{"Magistrat placé ADD";"Magistrat placé SUB"}, INDEX( 'ETPT A-JUST'!$A:$ZZ,,MATCH("Juridiction",'ETPT A-JUST'!2:2,0)),$D$5))} -> #N/A
D19: Attention : par défaut, l'activité pénale recensée au niveau des TPR est comptabilisée sur le TJ

Sheet ETPT_CPH
D1: DÉCLARATION ETPT CPH
G2: A-B-CBUR | H2: Total fonctionnaires administratifs | I2: JURISTE AS | J2: Total juristes assistants
G3: FONCTIONNAIRES_HORS_FONCT_SPEC | I3: JUR_ASS_SIEGE
B4: UO | C4: Code de la juridiction | D4: Juridiction | E4: Code sous action | F4: Action | G4: Fonctionnaires hors fonctions spécifiques | I4: Juristes assistants siège Autres
A5: ETPT_CPH | D5: =ETPT_CPH_DDG!$D$5 -> 0 | E5: 166-01-NC | F5: Action 1 - Traitement et jugement des contentieux civils | G5: =SUM(SUMIFS( INDEX( 'ETPT Format DDG'!$A:$ZZ,,MATCH("11.7. FONCTIONNAIRES AFFECTÉS AU CPH",'ETPT Format DDG'!2:2,0)), INDEX( 'ETPT Format DDG'!$A:$ZZ,,MATCH("Fonction recodée",'ETPT Format DDG'!2:2,0)),"Fonctionnaire A-B-CBUR", INDEX( 'ETPT Format DDG'!$A:$ZZ,,MATCH("Juridiction",'ETPT Format DDG'!2:2,0)),$D$5)) -> #N/A | H5: =_xlfn.AGGREGATE(9,6,G5) -> 0 | J5: =_xlfn.AGGREGATE(9,6,I5) -> 0
A6: ETPT_CPH | D6: =$D$5 -> 0 | E6: 166-06-99 | F6: Action 6 - Accueil du justiciable (inclus SAUJ) | H6: =_xlfn.AGGREGATE(9,6,G6) -> 0 | J6: =_xlfn.AGGREGATE(9,6,I6) -> 0
A7: ETPT_CPH | D7: =$D$5 -> 0 | E7: 166-06-NC | F7: Action 6 - Soutien (Hors accueil du justiciable) | H7: =_xlfn.AGGREGATE(9,6,G7) -> 0 | J7: =_xlfn.AGGREGATE(9,6,I7) -> 0
A8: ETPT_CPH | D8: =$D$5 -> 0 | E8: 166-07-NC | F8: Action 7 - Formation dispensée | H8: =_xlfn.AGGREGATE(9,6,G8) -> 0 | J8: =_xlfn.AGGREGATE(9,6,I8) -> 0
A9: ETPT_CPH | D9: =$D$5 -> 0 | E9: 166-08-NC | F9: Action 8 - Support à l'accès au droit et à la justice | H9: =_xlfn.AGGREGATE(9,6,G9) -> 0 | J9: =_xlfn.AGGREGATE(9,6,I9) -> 0
A10: ETPT_CPH | D10: =$D$5 -> 0 | E10: 166-99-NC | F10: Action 99 - Personnel concourant au programme - à reventiler | H10: =_xlfn.AGGREGATE(9,6,G10) -> 0 | J10: =_xlfn.AGGREGATE(9,6,I10) -> 0
A11: ETPT_CPH | D11: =$D$5 -> 0 | E11: 166-NC-NC | F11: Etpt autres personnels à reventiler (dont droit local,commercial- rcs, mise à disposition) | H11: =_xlfn.AGGREGATE(9,6,G11) -> 0 | J11: =_xlfn.AGGREGATE(9,6,I11) -> 0
A12: ETPT_CPH | D12: =$D$5 -> 0 | E12: 166-PA-NC | F12: Etpt placés additionnels | G12: =SUM(SUMIFS( INDEX( 'ETPT A-JUST'!$A:$ZZ,,MATCH("11.7. FONCTIONNAIRES AFFECTÉS AU CPH",'ETPT A-JUST'!2:2,0)), INDEX( 'ETPT A-JUST'!$A:$ZZ,,MATCH("Fonction recodée",'ETPT A-JUST'!2:2,0)),"Fonctionnaire A-B-CBUR placé ADD", INDEX( 'ETPT A-JUST'!$A:$ZZ,,MATCH("Juridiction",'ETPT A-JUST'!2:2,0)),$D$5)) -> #N/A | H12: =_xlfn.AGGREGATE(9,6,G12) -> 0 | J12: =_xlfn.AGGREGATE(9,6,I12) -> 0
A13: ETPT_CPH | D13: =$D$5 -> 0 | E13: 166-PS-NC | F13: Etpt placés de substitution | G13: =SUM(SUMIFS( INDEX( 'ETPT A-JUST'!$A:$ZZ,,MATCH("11.7. FONCTIONNAIRES AFFECTÉS AU CPH",'ETPT A-JUST'!2:2,0)), INDEX( 'ETPT A-JUST'!$A:$ZZ,,MATCH("Fonction recodée",'ETPT A-JUST'!2:2,0)),"Fonctionnaire A-B-CBUR placé SUB", INDEX( 'ETPT A-JUST'!$A:$ZZ,,MATCH("Juridiction",'ETPT A-JUST'!2:2,0)),$D$5)) -> #N/A | H13: =_xlfn.AGGREGATE(9,6,G13) -> 0 | J13: =_xlfn.AGGREGATE(9,6,I13) -> 0
F14: TOTAL ETPT | G14: =_xlfn.AGGREGATE(9,6,G5:G13) -> 0 | H14: =_xlfn.AGGREGATE(9,6,H5:H13) -> 0 | I14: =_xlfn.AGGREGATE(9,6,I5:I13) -> 0 | J14: =_xlfn.AGGREGATE(9,6,J5:J13) -> 0

Sheet ETPT_ATTJ
A1: Agrégats DDG | D1: Déclaration des ETPT Attachés de Justice
G2: JURISTE AS | H2: JURISTE AS | I2: JURISTE AS | L2: JURISTE AS | O2: JURISTE AS | P2: JURISTE AS | Q2: JURISTE AS | R2: JURISTE AS | S2: Total ETPT AJ_JA
G3: JUR_ASS_CH_SOC | H3: JA_CONT_A_JP | I3: JUR_ASS_TASS | L3: JUR_ASS_PARQUET | O3: JUR_ASS_JAP | P3: JUR_ASS_JE | Q3: JUR_ASS_JINST | R3: JUR_ASS_JLD
B4: UO | C4: Code de la juridiction | D4: Juridiction | E4: Sous action | F4: Action | G4: Contractuels A J Prox et A VIF | H4: Contractuels A J Prox et A VIF au Parquet | I4: Attachés de justice siège | J4: Attachés de justice siège affectés aux assises | K4: Attachés de justice siège affectés au CCD | L4: Attachés de justice au parquet | M4: Attachés de justice parquet affectés aux assises | N4: Attachés de justice parquet affectés aux CDD | O4: Attachés de justice affectés aux JAP | P4: Attachés de justice affectés aux JE | Q4: Attachés de justice affectés aux Juge d'instruction | R4: Attachés de justice affectés aux JLD (pénal uniquement)
A5: ETPT_ATTACHES_JUSTICE | D5: =ETPT_ATTJ_DDG!D5 -> 0 | E5: 166-01-NC | F5: Action 1 - Traitement et jugement des contentieux civils | G5: {=SUM(SUMIFS( INDEX( 'ETPT Format DDG'!$A:$ZZ,,MATCH("1. TOTAL CONTENTIEUX SOCIAL",'ETPT Format DDG'!2:2,0)), INDEX( 'ETPT Format DDG'!$A:$ZZ,,MATCH("Fonction recodée",'ETPT Format DDG'!2:2,0)),{"CONT A JP Siège";"CONT A JP Parquet";"CONT A VIF Siège";"CONT A VIF Parquet"}, INDEX( 'ETPT Format DDG'!$A:$ZZ,,MATCH("Juridiction",'ETPT Format DDG'!2:2,0)),$D$5))+ SUM(SUMIFS( INDEX( 'ETPT Format DDG'!$A:$ZZ,,MATCH("2. TOTAL CONTENTIEUX JAF",'ETPT Format DDG'!2:2,0)), INDEX( 'ETPT Format DDG'!$A:$ZZ,,MATCH("Fonction recodée",'ETPT Format DDG'!2:2,0)),{"CONT A JP Siège";"CONT A JP Parquet";"CONT A VIF Siège";"CONT A VIF Parquet"}, INDEX( 'ETPT Format DDG'!$A:$ZZ,,MATCH("Juridiction",'ETPT Format DDG'!2:2,0)),$D$5))+ SUM(SUMIFS( INDEX( 'ETPT Format DDG'!$A:$ZZ,,MATCH("3. TOTAL CONTENTIEUX DE LA PROTECTION",'ETPT Format DDG'!2:2,0)), INDEX( 'ETPT Format DDG'!$A:$ZZ,,MATCH("Fonction recodée",'ETPT Format DDG'!2:2,0)),{"CONT A JP Siège";"CONT A JP Parquet";"CONT A VIF Siège";"CONT A VIF Parquet"}, INDEX( 'ETPT Format DDG'!$A:$ZZ,,MATCH("Juridiction",'ETPT Format DDG'!2:2,0)),$D$5))+ SUM(SUMIFS( INDEX( 'ETPT Format DDG'!$A:$ZZ,,MATCH("4. TOTAL CIVIL NON SPÉCIALISÉ",'ETPT Format DDG'!2:2,0)), INDEX( 'ETPT Format DDG'!$A:$ZZ,,MATCH("Fonction recodée",'ETPT Format DDG'!2:2,0)),{"CONT A JP Siège";"CONT A JP Parquet";"CONT A VIF Siège";"CONT A VIF Parquet"}, INDEX( 'ETPT Format DDG'!$A:$ZZ,,MATCH("Juridiction",'ETPT Format DDG'!2:2,0)),$D$5))+ SUM(SUMIFS( INDEX( 'ETPT Format DDG'!$A:$ZZ,,MATCH("5. TOTAL JLD CIVIL",'ETPT Format DDG'!2:2,0)), INDEX( 'ETPT Format DDG'!$A:$ZZ,,MATCH("Fonction recodée",'ETPT Format DDG'!2:2,0)),{"CONT A JP Siège";"CONT A JP Parquet";"CONT A VIF Siège";"CONT A VIF Parquet"}, INDEX( 'ETPT Format DDG'!$A:$ZZ,,MATCH("Juridiction",'ETPT Format DDG'!2:2,0)),$D$5))+ SUM(SUMIFS( INDEX( 'ETPT Format DDG'!$A:$ZZ,,MATCH("6.1. ACTIVITÉ CIVILE",'ETPT Format DDG'!2:2,0)), INDEX( 'ETPT Format DDG'!$A:$ZZ,,MATCH("Fonction recodée",'ETPT Format DDG'!2:2,0)),{"CONT A JP Siège";"CONT A JP Parquet";"CONT A VIF Siège";"CONT A VIF Parquet"}, INDEX( 'ETPT Format DDG'!$A:$ZZ,,MATCH("Juridiction",'ETPT Format DDG'!2:2,0)),$D$5))+ SUM(SUMIFS( INDEX( 'ETPT Format DDG'!$A:$ZZ,,MATCH("11.7. FONCTIONNAIRES AFFECTÉS AU CPH",'ETPT Format DDG'!2:2,0)), INDEX( 'ETPT Format DDG'!$A:$ZZ,,MATCH("Fonction recodée",'ETPT Format DDG'!2:2,0)),{"CONT A JP Siège";"CONT A JP Parquet";"CONT A VIF Siège";"CONT A VIF Parquet"}, INDEX( 'ETPT Format DDG'!$A:$ZZ,,MATCH("Juridiction",'ETPT Format DDG'!2:2,0)),$D$5))} -> #N/A | H5: {=SUM(SUMIFS( INDEX( 'ETPT Format DDG'!$A:$ZZ,,MATCH("11.8. FONCTIONNAIRES AFFECTÉS AUX ACTIVITÉS CIVILES ET COMMERCIALES DU PARQUET",'ETPT Format DDG'!2:2,0)), INDEX( 'ETPT Format DDG'!$A:$ZZ,,MATCH("Fonction recodée",'ETPT Format DDG'!2:2,0)),{"CONT A JP Siège";"CONT A JP Parquet";"CONT A VIF Siège";"CONT A VIF Parquet"}, INDEX( 'ETPT Format DDG'!$A:$ZZ,,MATCH("Juridiction",'ETPT Format DDG'!2:2,0)),$D$5))} -> #N/A | I5: {=SUM(SUMIFS( INDEX( 'ETPT Format DDG'!$A:$ZZ,,MATCH("1. TOTAL CONTENTIEUX SOCIAL",'ETPT Format DDG'!2:2,0)), INDEX( 'ETPT Format DDG'!$A:$ZZ,,MATCH("Fonction recodée",'ETPT Format DDG'!2:2,0)),{"JA/AttJ JAP";"JA/AttJ JE";"JA/AttJ JI";"JA/AttJ JLD PÉNAL";"JA/AttJ Parquet";"JA/AttJ Siège autres";"JA/AttJ Siege Assises";"JA/AttJ Siege CCD"}, INDEX( 'ETPT Format DDG'!$A:$ZZ,,MATCH("Juridiction",'ETPT Format DDG'!2:2,0)),$D$5))+ SUM(SUMIFS( INDEX( 'ETPT Format DDG'!$A:$ZZ,,MATCH("2. TOTAL CONTENTIEUX JAF",'ETPT Format DDG'!2:2,0)), INDEX( 'ETPT Format DDG'!$A:$ZZ,,MATCH("Fonction recodée",'ETPT Format DDG'!2:2,0)),{"JA/AttJ JAP";"JA/AttJ JE";"JA/AttJ JI";"JA/AttJ JLD PÉNAL";"JA/AttJ Parquet";"JA/AttJ Siège autres";"JA/AttJ Siege Assises";"JA/AttJ Siege CCD"}, INDEX( 'ETPT Format DDG'!$A:$ZZ,,MATCH("Juridiction",'ETPT Format DDG'!2:2,0)),$D$5))+ SUM(SUMIFS( INDEX( 'ETPT Format DDG'!$A:$ZZ,,MATCH("3. TOTAL CONTENTIEUX DE LA PROTECTION",'ETPT Format DDG'!2:2,0)), INDEX( 'ETPT Format DDG'!$A:$ZZ,,MATCH("Fonction recodée",'ETPT Format DDG'!2:2,0)),{"JA/AttJ JAP";"JA/AttJ JE";"JA/AttJ JI";"JA/AttJ JLD PÉNAL";"JA/AttJ Parquet";"JA/AttJ Siège autres";"JA/AttJ Siege Assises";"JA/AttJ Siege CCD"}, INDEX( 'ETPT Format DDG'!$A:$ZZ,,MATCH("Juridiction",'ETPT Format DDG'!2:2,0)),$D$5))+ SUM(SUMIFS( INDEX( 'ETPT Format DDG'!$A:$ZZ,,MATCH("4. TOTAL CIVIL NON SPÉCIALISÉ",'ETPT Format DDG'!2:2,0)), INDEX( 'ETPT Format DDG'!$A:$ZZ,,MATCH("Fonction recodée",'ETPT Format DDG'!2:2,0)),{"JA/AttJ JAP";"JA/AttJ JE";"JA/AttJ JI";"JA/AttJ JLD PÉNAL";"JA/AttJ Parquet";"JA/AttJ Siège autres";"JA/AttJ Siege Assises";"JA/AttJ Siege CCD"}, INDEX( 'ETPT Format DDG'!$A:$ZZ,,MATCH("Juridiction",'ETPT Format DDG'!2:2,0)),$D$5))+ SUM(SUMIFS( INDEX( 'ETPT Format DDG'!$A:$ZZ,,MATCH("5. TOTAL JLD CIVIL",'ETPT Format DDG'!2:2,0)), INDEX( 'ETPT Format DDG'!$A:$ZZ,,MATCH("Fonction recodée",'ETPT Format DDG'!2:2,0)),{"JA/AttJ JAP";"JA/AttJ JE";"JA/AttJ JI";"JA/AttJ JLD PÉNAL";"JA/AttJ Parquet";"JA/AttJ Siège autres";"JA/AttJ Siege Assises";"JA/AttJ Siege CCD"}, INDEX( 'ETPT Format DDG'!$A:$ZZ,,MATCH("Juridiction",'ETPT Format DDG'!2:2,0)),$D$5))+ SUM(SUMIFS( INDEX( 'ETPT Format DDG'!$A:$ZZ,,MATCH("11.7. FONCTIONNAIRES AFFECTÉS AU CPH",'ETPT Format DDG'!2:2,0)), INDEX( 'ETPT Format DDG'!$A:$ZZ,,MATCH("Fonction recodée",'ETPT Format DDG'!2:2,0)),{"JA/AttJ JAP";"JA/AttJ JE";"JA/AttJ JI";"JA/AttJ JLD PÉNAL";"JA/AttJ Parquet";"JA/AttJ Siège autres";"JA/AttJ Siege Assises";"JA/AttJ Siege CCD"}, INDEX( 'ETPT Format DDG'!$A:$ZZ,,MATCH("Juridiction",'ETPT Format DDG'!2:2,0)),$D$5))} -> #N/A | L5: {=SUM(SUMIFS( INDEX( 'ETPT Format DDG'!$A:$ZZ,,MATCH("11.8. FONCTIONNAIRES AFFECTÉS AUX ACTIVITÉS CIVILES ET COMMERCIALES DU PARQUET",'ETPT Format DDG'!2:2,0)), INDEX( 'ETPT Format DDG'!$A:$ZZ,,MATCH("Fonction recodée",'ETPT Format DDG'!2:2,0)),{"JA/AttJ JAP";"JA/AttJ JE";"JA/AttJ JI";"JA/AttJ JLD PÉNAL";"JA/AttJ Parquet";"JA/AttJ Siège autres";"JA/AttJ Siege Assises";"JA/AttJ Siege CCD"}, INDEX( 'ETPT Format DDG'!$A:$ZZ,,MATCH("Juridiction",'ETPT Format DDG'!2:2,0)),$D$5))} -> #N/A | P5: {=SUM(SUMIFS( INDEX( 'ETPT Format DDG'!$A:$ZZ,,MATCH("6.1. ACTIVITÉ CIVILE",'ETPT Format DDG'!2:2,0)), INDEX( 'ETPT Format DDG'!$A:$ZZ,,MATCH("Fonction recodée",'ETPT Format DDG'!2:2,0)),{"JA/AttJ JAP";"JA/AttJ JE";"JA/AttJ JI";"JA/AttJ JLD PÉNAL";"JA/AttJ Parquet";"JA/AttJ Siège autres";"JA/AttJ Siege Assises";"JA/AttJ Siege CCD"}, INDEX( 'ETPT Format DDG'!$A:$ZZ,,MATCH("Juridiction",'ETPT Format DDG'!2:2,0)),$D$5))} -> #N/A | S5: =_xlfn.AGGREGATE(9,6,G5:R5) -> 0
A6: ETPT_ATTACHES_JUSTICE | D6: =ETPT_ATTJ_DDG!D6 -> 0 | E6: 166-02-NC | F6: Action 2 - Traitement et jugement des affaires pénales | G6: {=SUM(SUMIFS( INDEX( 'ETPT Format DDG'!$A:$ZZ,,MATCH("6.2. ACTIVITÉ PÉNALE",'ETPT Format DDG'!2:2,0)), INDEX( 'ETPT Format DDG'!$A:$ZZ,,MATCH("Fonction recodée",'ETPT Format DDG'!2:2,0)),{"CONT A JP Siège";"CONT A JP Parquet";"CONT A VIF Siège";"CONT A VIF Parquet"}, INDEX( 'ETPT Format DDG'!$A:$ZZ,,MATCH("Juridiction",'ETPT Format DDG'!2:2,0)),$D$5))+ SUM(SUMIFS( INDEX( 'ETPT Format DDG'!$A:$ZZ,,MATCH("7. TOTAL SIÈGE PÉNAL",'ETPT Format DDG'!2:2,0)), INDEX( 'ETPT Format DDG'!$A:$ZZ,,MATCH("Fonction recodée",'ETPT Format DDG'!2:2,0)),{"CONT A JP Siège";"CONT A JP Parquet";"CONT A VIF Siège";"CONT A VIF Parquet"}, INDEX( 'ETPT Format DDG'!$A:$ZZ,,MATCH("Juridiction",'ETPT Format DDG'!2:2,0)),$D$5))+ SUM(SUMIFS( INDEX( 'ETPT Format DDG'!$A:$ZZ,,MATCH("8. TOTAL JUGES D'INSTRUCTION",'ETPT Format DDG'!2:2,0)), INDEX( 'ETPT Format DDG'!$A:$ZZ,,MATCH("Fonction recodée",'ETPT Format DDG'!2:2,0)),{"CONT A JP Siège";"CONT A JP Parquet";"CONT A VIF Siège";"CONT A VIF Parquet"}, INDEX( 'ETPT Format DDG'!$A:$ZZ,,MATCH("Juridiction",'ETPT Format DDG'!2:2,0)),$D$5))+ SUM(SUMIFS( INDEX( 'ETPT Format DDG'!$A:$ZZ,,MATCH("9. TOTAL JAP",'ETPT Format DDG'!2:2,0)), INDEX( 'ETPT Format DDG'!$A:$ZZ,,MATCH("Fonction recodée",'ETPT Format DDG'!2:2,0)),{"CONT A JP Siège";"CONT A JP Parquet";"CONT A VIF Siège";"CONT A VIF Parquet"}, INDEX( 'ETPT Format DDG'!$A:$ZZ,,MATCH("Juridiction",'ETPT Format DDG'!2:2,0)),$D$5))+ SUM(SUMIFS( INDEX( 'ETPT Format DDG'!$A:$ZZ,,MATCH("10. TOTAL JLD PÉNAL",'ETPT Format DDG'!2:2,0)), INDEX( 'ETPT Format DDG'!$A:$ZZ,,MATCH("Fonction recodée",'ETPT Format DDG'!2:2,0)),{"CONT A JP Siège";"CONT A JP Parquet";"CONT A VIF Siège";"CONT A VIF Parquet"}, INDEX( 'ETPT Format DDG'!$A:$ZZ,,MATCH("Juridiction",'ETPT Format DDG'!2:2,0)),$D$5))} -> #N/A | H6: {=SUM(SUMIFS( INDEX( 'ETPT Format DDG'!$A:$ZZ,,MATCH("11.9. FONCTIONNAIRES AFFECTÉS À L'EXÉCUTION DES PEINES",'ETPT Format DDG'!2:2,0)), INDEX( 'ETPT Format DDG'!$A:$ZZ,,MATCH("Fonction recodée",'ETPT Format DDG'!2:2,0)),{"CONT A JP Siège";"CONT A JP Parquet";"CONT A VIF Siège";"CONT A VIF Parquet"}, INDEX( 'ETPT Format DDG'!$A:$ZZ,,MATCH("Juridiction",'ETPT Format DDG'!2:2,0)),$D$5))+ SUM(SUMIFS( INDEX( 'ETPT Format DDG'!$A:$ZZ,,MATCH("11.10. AUTRES FONCTIONNAIRES AFFECTÉS AU PARQUET",'ETPT Format DDG'!2:2,0)), INDEX( 'ETPT Format DDG'!$A:$ZZ,,MATCH("Fonction recodée",'ETPT Format DDG'!2:2,0)),{"CONT A JP Siège";"CONT A JP Parquet";"CONT A VIF Siège";"CONT A VIF Parquet"}, INDEX( 'ETPT Format DDG'!$A:$ZZ,,MATCH("Juridiction",'ETPT Format DDG'!2:2,0)),$D$5))} -> #N/A | I6: {=MAX(0,SUM(SUMIFS( INDEX( 'ETPT Format DDG'!$A:$ZZ,,MATCH("7. TOTAL SIÈGE PÉNAL",'ETPT Format DDG'!2:2,0)), INDEX( 'ETPT Format DDG'!$A:$ZZ,,MATCH("Fonction recodée",'ETPT Format DDG'!2:2,0)),{"JA/AttJ JAP";"JA/AttJ JE";"JA/AttJ JI";"JA/AttJ JLD PÉNAL";"JA/AttJ Parquet";"JA/AttJ Siège autres";"JA/AttJ Siege Assises";"JA/AttJ Siege CCD"}, INDEX( 'ETPT Format DDG'!$A:$ZZ,,MATCH("Juridiction",'ETPT Format DDG'!2:2,0)),$D$5)) - SUM(SUMIFS( INDEX( 'ETPT Format DDG'!$A:$ZZ,,MATCH("7.51. COUR D'ASSISES JIRS",'ETPT Format DDG'!2:2,0)), INDEX( 'ETPT Format DDG'!$A:$ZZ,,MATCH("Fonction recodée",'ETPT Format DDG'!2:2,0)),{"JA/AttJ JAP";"JA/AttJ JE";"JA/AttJ JI";"JA/AttJ JLD PÉNAL";"JA/AttJ Parquet";"JA/AttJ Siège autres";"JA/AttJ Siege Assises";"JA/AttJ Siege CCD"}, INDEX( 'ETPT Format DDG'!$A:$ZZ,,MATCH("Juridiction",'ETPT Format DDG'!2:2,0)),$D$5)) - SUM(SUMIFS( INDEX( 'ETPT Format DDG'!$A:$ZZ,,MATCH("7.52. COUR CRIMINELLE",'ETPT Format DDG'!2:2,0)), INDEX( 'ETPT Format DDG'!$A:$ZZ,,MATCH("Fonction recodée",'ETPT Format DDG'!2:2,0)),{"JA/AttJ JAP";"JA/AttJ JE";"JA/AttJ JI";"JA/AttJ JLD PÉNAL";"JA/AttJ Parquet";"JA/AttJ Siège autres";"JA/AttJ Siege Assises";"JA/AttJ Siege CCD"}, INDEX( 'ETPT Format DDG'!$A:$ZZ,,MATCH("Juridiction",'ETPT Format DDG'!2:2,0)),$D$5))- SUM(SUMIFS( INDEX( 'ETPT Format DDG'!$A:$ZZ,,MATCH("7.5. COUR D'ASSISES HORS JIRS",'ETPT Format DDG'!2:2,0)), INDEX( 'ETPT Format DDG'!$A:$ZZ,,MATCH("Fonction recodée",'ETPT Format DDG'!2:2,0)),{"JA/AttJ JAP";"JA/AttJ JE";"JA/AttJ JI";"JA/AttJ JLD PÉNAL";"JA/AttJ Parquet";"JA/AttJ Siège autres";"JA/AttJ Siege Assises";"JA/AttJ Siege CCD"}, INDEX( 'ETPT Format DDG'!$A:$ZZ,,MATCH("Juridiction",'ETPT Format DDG'!2:2,0)),$D$5)))} -> #N/A | J6: {=SUM(SUMIFS( INDEX( 'ETPT Format DDG'!$A:$ZZ,,MATCH("7.5. COUR D'ASSISES HORS JIRS",'ETPT Format DDG'!2:2,0)), INDEX( 'ETPT Format DDG'!$A:$ZZ,,MATCH("Fonction recodée",'ETPT Format DDG'!2:2,0)),{"JA/AttJ JAP";"JA/AttJ JE";"JA/AttJ JI";"JA/AttJ JLD PÉNAL";"JA/AttJ Parquet";"JA/AttJ Siège autres";"JA/AttJ Siege Assises";"JA/AttJ Siege CCD"}, INDEX( 'ETPT Format DDG'!$A:$ZZ,,MATCH("Juridiction",'ETPT Format DDG'!2:2,0)),$D$5))+ SUM(SUMIFS( INDEX( 'ETPT Format DDG'!$A:$ZZ,,MATCH("7.51. COUR D'ASSISES JIRS",'ETPT Format DDG'!2:2,0)), INDEX( 'ETPT Format DDG'!$A:$ZZ,,MATCH("Fonction recodée",'ETPT Format DDG'!2:2,0)),{"JA/AttJ JAP";"JA/AttJ JE";"JA/AttJ JI";"JA/AttJ JLD PÉNAL";"JA/AttJ Parquet";"JA/AttJ Siège autres";"JA/AttJ Siege Assises";"JA/AttJ Siege CCD"}, INDEX( 'ETPT Format DDG'!$A:$ZZ,,MATCH("Juridiction",'ETPT Format DDG'!2:2,0)),$D$5))} -> #N/A | K6: {=SUM(SUMIFS( INDEX( 'ETPT Format DDG'!$A:$ZZ,,MATCH("7.52. COUR CRIMINELLE",'ETPT Format DDG'!2:2,0)), INDEX( 'ETPT Format DDG'!$A:$ZZ,,MATCH("Fonction recodée",'ETPT Format DDG'!2:2,0)),{"JA/AttJ JAP";"JA/AttJ JE";"JA/AttJ JI";"JA/AttJ JLD PÉNAL";"JA/AttJ Parquet";"JA/AttJ Siège autres";"JA/AttJ Siege Assises";"JA/AttJ Siege CCD"}, INDEX( 'ETPT Format DDG'!$A:$ZZ,,MATCH("Juridiction",'ETPT Format DDG'!2:2,0)),$D$5))} -> #N/A | L6: {=SUM(SUMIFS( INDEX( 'ETPT Format DDG'!$A:$ZZ,,MATCH("11.9. FONCTIONNAIRES AFFECTÉS À L'EXÉCUTION DES PEINES",'ETPT Format DDG'!2:2,0)), INDEX( 'ETPT Format DDG'!$A:$ZZ,,MATCH("Fonction recodée",'ETPT Format DDG'!2:2,0)),{"JA/AttJ JAP";"JA/AttJ JE";"JA/AttJ JI";"JA/AttJ JLD PÉNAL";"JA/AttJ Parquet";"JA/AttJ Siège autres";"JA/AttJ Siege Assises";"JA/AttJ Siege CCD"}, INDEX( 'ETPT Format DDG'!$A:$ZZ,,MATCH("Juridiction",'ETPT Format DDG'!2:2,0)),$D$5))+ SUM(SUMIFS( INDEX( 'ETPT Format DDG'!$A:$ZZ,,MATCH("11.10. AUTRES FONCTIONNAIRES AFFECTÉS AU PARQUET",'ETPT Format DDG'!2:2,0)), INDEX( 'ETPT Format DDG'!$A:$ZZ,,MATCH("Fonction recodée",'ETPT Format DDG'!2:2,0)),{"JA/AttJ JAP";"JA/AttJ JE";"JA/AttJ JI";"JA/AttJ JLD PÉNAL";"JA/AttJ Parquet";"JA/AttJ Siège autres";"JA/AttJ Siege Assises";"JA/AttJ Siege CCD"}, INDEX( 'ETPT Format DDG'!$A:$ZZ,,MATCH("Juridiction",'ETPT Format DDG'!2:2,0)),$D$5))} -> #N/A | O6: {=SUM(SUMIFS( INDEX( 'ETPT Format DDG'!$A:$ZZ,,MATCH("9. TOTAL JAP",'ETPT Format DDG'!2:2,0)), INDEX( 'ETPT Format DDG'!$A:$ZZ,,MATCH("Fonction recodée",'ETPT Format DDG'!2:2,0)),{"JA/AttJ JAP";"JA/AttJ JE";"JA/AttJ JI";"JA/AttJ JLD PÉNAL";"JA/AttJ Parquet";"JA/AttJ Siège autres";"JA/AttJ Siege Assises";"JA/AttJ Siege CCD"}, INDEX( 'ETPT Format DDG'!$A:$ZZ,,MATCH("Juridiction",'ETPT Format DDG'!2:2,0)),$D$5))} -> #N/A | P6: {=SUM(SUMIFS( INDEX( 'ETPT Format DDG'!$A:$ZZ,,MATCH("6.2. ACTIVITÉ PÉNALE",'ETPT Format DDG'!2:2,0)), INDEX( 'ETPT Format DDG'!$A:$ZZ,,MATCH("Fonction recodée",'ETPT Format DDG'!2:2,0)),{"JA/AttJ JAP";"JA/AttJ JE";"JA/AttJ JI";"JA/AttJ JLD PÉNAL";"JA/AttJ Parquet";"JA/AttJ Siège autres";"JA/AttJ Siege Assises";"JA/AttJ Siege CCD"}, INDEX( 'ETPT Format DDG'!$A:$ZZ,,MATCH("Juridiction",'ETPT Format DDG'!2:2,0)),$D$5))} -> #N/A | Q6: {=SUM(SUMIFS( INDEX( 'ETPT Format DDG'!$A:$ZZ,,MATCH("8. TOTAL JUGES D'INSTRUCTION",'ETPT Format DDG'!2:2,0)), INDEX( 'ETPT Format DDG'!$A:$ZZ,,MATCH("Fonction recodée",'ETPT Format DDG'!2:2,0)),{"JA/AttJ JAP";"JA/AttJ JE";"JA/AttJ JI";"JA/AttJ JLD PÉNAL";"JA/AttJ Parquet";"JA/AttJ Siège autres";"JA/AttJ Siege Assises";"JA/AttJ Siege CCD"}, INDEX( 'ETPT Format DDG'!$A:$ZZ,,MATCH("Juridiction",'ETPT Format DDG'!2:2,0)),$D$5))} -> #N/A | R6: {=SUM(SUMIFS( INDEX( 'ETPT Format DDG'!$A:$ZZ,,MATCH("10. TOTAL JLD PÉNAL",'ETPT Format DDG'!2:2,0)), INDEX( 'ETPT Format DDG'!$A:$ZZ,,MATCH("Fonction recodée",'ETPT Format DDG'!2:2,0)),{"JA/AttJ JAP";"JA/AttJ JE";"JA/AttJ JI";"JA/AttJ JLD PÉNAL";"JA/AttJ Parquet";"JA/AttJ Siège autres";"JA/AttJ Siege Assises";"JA/AttJ Siege CCD"}, INDEX( 'ETPT Format DDG'!$A:$ZZ,,MATCH("Juridiction",'ETPT Format DDG'!2:2,0)),$D$5))} -> #N/A | S6: =_xlfn.AGGREGATE(9,6,G6:R6) -> 0
A7: ETPT_ATTACHES_JUSTICE | D7: =ETPT_ATTJ_DDG!D7 -> 0 | E7: 166-06-99 | F7: Action 6 - Accueil du justiciable (inclus SAUJ) | G7: {=SUM(SUMIFS( INDEX( 'ETPT Format DDG'!$A:$ZZ,,MATCH("11.51. ACCUEIL DU JUSTICIABLE (DONT SAUJ)",'ETPT Format DDG'!2:2,0)), INDEX( 'ETPT Format DDG'!$A:$ZZ,,MATCH("Fonction recodée",'ETPT Format DDG'!2:2,0)),{"CONT A JP Siège";"CONT A VIF Siège"}, INDEX( 'ETPT Format DDG'!$A:$ZZ,,MATCH("Juridiction",'ETPT Format DDG'!2:2,0)),$D$5))} -> #N/A | H7: {=SUM(SUMIFS( INDEX( 'ETPT Format DDG'!$A:$ZZ,,MATCH("11.51. ACCUEIL DU JUSTICIABLE (DONT SAUJ)",'ETPT Format DDG'!2:2,0)), INDEX( 'ETPT Format DDG'!$A:$ZZ,,MATCH("Fonction recodée",'ETPT Format DDG'!2:2,0)),{"CONT A JP Parquet";"CONT A VIF Parquet"}, INDEX( 'ETPT Format DDG'!$A:$ZZ,,MATCH("Juridiction",'ETPT Format DDG'!2:2,0)),$D$5))} -> #N/A | I7: =SUM(SUMIFS( INDEX( 'ETPT Format DDG'!$A:$ZZ,,MATCH("11.51. ACCUEIL DU JUSTICIABLE (DONT SAUJ)",'ETPT Format DDG'!2:2,0)), INDEX( 'ETPT Format DDG'!$A:$ZZ,,MATCH("Fonction recodée",'ETPT Format DDG'!2:2,0)),"JA/AttJ Siège autres", INDEX( 'ETPT Format DDG'!$A:$ZZ,,MATCH("Juridiction",'ETPT Format DDG'!2:2,0)),$D$5)) -> #N/A | J7: =SUM(SUMIFS( INDEX( 'ETPT Format DDG'!$A:$ZZ,,MATCH("11.51. ACCUEIL DU JUSTICIABLE (DONT SAUJ)",'ETPT Format DDG'!2:2,0)), INDEX( 'ETPT Format DDG'!$A:$ZZ,,MATCH("Fonction recodée",'ETPT Format DDG'!2:2,0)),"JA/AttJ Siege Assises", INDEX( 'ETPT Format DDG'!$A:$ZZ,,MATCH("Juridiction",'ETPT Format DDG'!2:2,0)),$D$5)) -> #N/A | K7: =SUM(SUMIFS( INDEX( 'ETPT Format DDG'!$A:$ZZ,,MATCH("11.51. ACCUEIL DU JUSTICIABLE (DONT SAUJ)",'ETPT Format DDG'!2:2,0)), INDEX( 'ETPT Format DDG'!$A:$ZZ,,MATCH("Fonction recodée",'ETPT Format DDG'!2:2,0)),"JA/AttJ Siege CCD", INDEX( 'ETPT Format DDG'!$A:$ZZ,,MATCH("Juridiction",'ETPT Format DDG'!2:2,0)),$D$5)) -> #N/A | L7: =SUM(SUMIFS( INDEX( 'ETPT Format DDG'!$A:$ZZ,,MATCH("11.51. ACCUEIL DU JUSTICIABLE (DONT SAUJ)",'ETPT Format DDG'!2:2,0)), INDEX( 'ETPT Format DDG'!$A:$ZZ,,MATCH("Fonction recodée",'ETPT Format DDG'!2:2,0)),"JA/AttJ Parquet", INDEX( 'ETPT Format DDG'!$A:$ZZ,,MATCH("Juridiction",'ETPT Format DDG'!2:2,0)),$D$5)) -> #N/A | O7: =SUM(SUMIFS( INDEX( 'ETPT Format DDG'!$A:$ZZ,,MATCH("11.51. ACCUEIL DU JUSTICIABLE (DONT SAUJ)",'ETPT Format DDG'!2:2,0)), INDEX( 'ETPT Format DDG'!$A:$ZZ,,MATCH("Fonction recodée",'ETPT Format DDG'!2:2,0)),"JA/AttJ JAP", INDEX( 'ETPT Format DDG'!$A:$ZZ,,MATCH("Juridiction",'ETPT Format DDG'!2:2,0)),$D$5)) -> #N/A | P7: =SUM(SUMIFS( INDEX( 'ETPT Format DDG'!$A:$ZZ,,MATCH("11.51. ACCUEIL DU JUSTICIABLE (DONT SAUJ)",'ETPT Format DDG'!2:2,0)), INDEX( 'ETPT Format DDG'!$A:$ZZ,,MATCH("Fonction recodée",'ETPT Format DDG'!2:2,0)),"JA/AttJ JE", INDEX( 'ETPT Format DDG'!$A:$ZZ,,MATCH("Juridiction",'ETPT Format DDG'!2:2,0)),$D$5)) -> #N/A | Q7: =SUM(SUMIFS( INDEX( 'ETPT Format DDG'!$A:$ZZ,,MATCH("11.51. ACCUEIL DU JUSTICIABLE (DONT SAUJ)",'ETPT Format DDG'!2:2,0)), INDEX( 'ETPT Format DDG'!$A:$ZZ,,MATCH("Fonction recodée",'ETPT Format DDG'!2:2,0)),"JA/AttJ JI", INDEX( 'ETPT Format DDG'!$A:$ZZ,,MATCH("Juridiction",'ETPT Format DDG'!2:2,0)),$D$5)) -> #N/A | R7: =SUM(SUMIFS( INDEX( 'ETPT Format DDG'!$A:$ZZ,,MATCH("11.51. ACCUEIL DU JUSTICIABLE (DONT SAUJ)",'ETPT Format DDG'!2:2,0)), INDEX( 'ETPT Format DDG'!$A:$ZZ,,MATCH("Fonction recodée",'ETPT Format DDG'!2:2,0)),"JA/AttJ JLD PÉNAL", INDEX( 'ETPT Format DDG'!$A:$ZZ,,MATCH("Juridiction",'ETPT Format DDG'!2:2,0)),$D$5)) -> #N/A | S7: =_xlfn.AGGREGATE(9,6,G7:R7) -> 0
A8: ETPT_ATTACHES_JUSTICE | D8: =ETPT_ATTJ_DDG!D8 -> 0 | E8: 166-06-NC | F8: Action 6 - Soutien (Hors accueil du justiciable) | G8: {=SUM(SUMIFS( INDEX( 'ETPT Format DDG'!$A:$ZZ,,MATCH("11.1. SOUTIEN (HORS FORMATIONS SUIVIES)",'ETPT Format DDG'!2:2,0)), INDEX( 'ETPT Format DDG'!$A:$ZZ,,MATCH("Fonction recodée",'ETPT Format DDG'!2:2,0)),{"CONT A JP Siège";"CONT A VIF Siège"}, INDEX( 'ETPT Format DDG'!$A:$ZZ,,MATCH("Juridiction",'ETPT Format DDG'!2:2,0)),$D$5))+ SUM(SUMIFS( INDEX( 'ETPT Format DDG'!$A:$ZZ,,MATCH("11.2. FORMATIONS SUIVIES",'ETPT Format DDG'!2:2,0)), INDEX( 'ETPT Format DDG'!$A:$ZZ,,MATCH("Fonction recodée",'ETPT Format DDG'!2:2,0)),{"CONT A JP Siège";"CONT A VIF Siège"}, INDEX( 'ETPT Format DDG'!$A:$ZZ,,MATCH("Juridiction",'ETPT Format DDG'!2:2,0)),$D$5))+ SUM(SUMIFS( INDEX( 'ETPT Format DDG'!$A:$ZZ,,MATCH("11.6. AUTRES ACTIVITÉS NON JURIDICTIONNELLES",'ETPT Format DDG'!2:2,0)), INDEX( 'ETPT Format DDG'!$A:$ZZ,,MATCH("Fonction recodée",'ETPT Format DDG'!2:2,0)),{"CONT A JP Siège";"CONT A VIF Siège"}, INDEX( 'ETPT Format DDG'!$A:$ZZ,,MATCH("Juridiction",'ETPT Format DDG'!2:2,0)),$D$5))} -> #N/A | H8: {=SUM(SUMIFS( INDEX( 'ETPT Format DDG'!$A:$ZZ,,MATCH("11.1. SOUTIEN (HORS FORMATIONS SUIVIES)",'ETPT Format DDG'!2:2,0)), INDEX( 'ETPT Format DDG'!$A:$ZZ,,MATCH("Fonction recodée",'ETPT Format DDG'!2:2,0)),{"CONT A JP Parquet";"CONT A VIF Parquet"}, INDEX( 'ETPT Format DDG'!$A:$ZZ,,MATCH("Juridiction",'ETPT Format DDG'!2:2,0)),$D$5))+ SUM(SUMIFS( INDEX( 'ETPT Format DDG'!$A:$ZZ,,MATCH("11.2. FORMATIONS SUIVIES",'ETPT Format DDG'!2:2,0)), INDEX( 'ETPT Format DDG'!$A:$ZZ,,MATCH("Fonction recodée",'ETPT Format DDG'!2:2,0)),{"CONT A JP Parquet";"CONT A VIF Parquet"}, INDEX( 'ETPT Format DDG'!$A:$ZZ,,MATCH("Juridiction",'ETPT Format DDG'!2:2,0)),$D$5))+ SUM(SUMIFS( INDEX( 'ETPT Format DDG'!$A:$ZZ,,MATCH("11.6. AUTRES ACTIVITÉS NON JURIDICTIONNELLES",'ETPT Format DDG'!2:2,0)), INDEX( 'ETPT Format DDG'!$A:$ZZ,,MATCH("Fonction recodée",'ETPT Format DDG'!2:2,0)),{"CONT A JP Parquet";"CONT A VIF Parquet"}, INDEX( 'ETPT Format DDG'!$A:$ZZ,,MATCH("Juridiction",'ETPT Format DDG'!2:2,0)),$D$5))} -> #N/A | I8: =SUM(SUMIFS( INDEX( 'ETPT Format DDG'!$A:$ZZ,,MATCH("11.1. SOUTIEN (HORS FORMATIONS SUIVIES)",'ETPT Format DDG'!2:2,0)), INDEX( 'ETPT Format DDG'!$A:$ZZ,,MATCH("Fonction recodée",'ETPT Format DDG'!2:2,0)),"JA/AttJ Siège autres", INDEX( 'ETPT Format DDG'!$A:$ZZ,,MATCH("Juridiction",'ETPT Format DDG'!2:2,0)),$D$5))+ SUM(SUMIFS( INDEX( 'ETPT Format DDG'!$A:$ZZ,,MATCH("11.2. FORMATIONS SUIVIES",'ETPT Format DDG'!2:2,0)), INDEX( 'ETPT Format DDG'!$A:$ZZ,,MATCH("Fonction recodée",'ETPT Format DDG'!2:2,0)),"JA/AttJ Siège autres", INDEX( 'ETPT Format DDG'!$A:$ZZ,,MATCH("Juridiction",'ETPT Format DDG'!2:2,0)),$D$5))+ SUM(SUMIFS( INDEX( 'ETPT Format DDG'!$A:$ZZ,,MATCH("11.6. AUTRES ACTIVITÉS NON JURIDICTIONNELLES",'ETPT Format DDG'!2:2,0)), INDEX( 'ETPT Format DDG'!$A:$ZZ,,MATCH("Fonction recodée",'ETPT Format DDG'!2:2,0)),"JA/AttJ Siège autres", INDEX( 'ETPT Format DDG'!$A:$ZZ,,MATCH("Juridiction",'ETPT Format DDG'!2:2,0)),$D$5)) -> #N/A | J8: =SUM(SUMIFS( INDEX( 'ETPT Format DDG'!$A:$ZZ,,MATCH("11.1. SOUTIEN (HORS FORMATIONS SUIVIES)",'ETPT Format DDG'!2:2,0)), INDEX( 'ETPT Format DDG'!$A:$ZZ,,MATCH("Fonction recodée",'ETPT Format DDG'!2:2,0)),"JA/AttJ Siege Assises", INDEX( 'ETPT Format DDG'!$A:$ZZ,,MATCH("Juridiction",'ETPT Format DDG'!2:2,0)),$D$5))+ SUM(SUMIFS( INDEX( 'ETPT Format DDG'!$A:$ZZ,,MATCH("11.2. FORMATIONS SUIVIES",'ETPT Format DDG'!2:2,0)), INDEX( 'ETPT Format DDG'!$A:$ZZ,,MATCH("Fonction recodée",'ETPT Format DDG'!2:2,0)),"JA/AttJ Siege Assises", INDEX( 'ETPT Format DDG'!$A:$ZZ,,MATCH("Juridiction",'ETPT Format DDG'!2:2,0)),$D$5))+ SUM(SUMIFS( INDEX( 'ETPT Format DDG'!$A:$ZZ,,MATCH("11.6. AUTRES ACTIVITÉS NON JURIDICTIONNELLES",'ETPT Format DDG'!2:2,0)), INDEX( 'ETPT Format DDG'!$A:$ZZ,,MATCH("Fonction recodée",'ETPT Format DDG'!2:2,0)),"JA/AttJ Siege Assises", INDEX( 'ETPT Format DDG'!$A:$ZZ,,MATCH("Juridiction",'ETPT Format DDG'!2:2,0)),$D$5)) -> #N/A | K8: =SUM(SUMIFS( INDEX( 'ETPT Format DDG'!$A:$ZZ,,MATCH("11.1. SOUTIEN (HORS FORMATIONS SUIVIES)",'ETPT Format DDG'!2:2,0)), INDEX( 'ETPT Format DDG'!$A:$ZZ,,MATCH("Fonction recodée",'ETPT Format DDG'!2:2,0)),"JA/AttJ Siege CCD", INDEX( 'ETPT Format DDG'!$A:$ZZ,,MATCH("Juridiction",'ETPT Format DDG'!2:2,0)),$D$5))+ SUM(SUMIFS( INDEX( 'ETPT Format DDG'!$A:$ZZ,,MATCH("11.2. FORMATIONS SUIVIES",'ETPT Format DDG'!2:2,0)), INDEX( 'ETPT Format DDG'!$A:$ZZ,,MATCH("Fonction recodée",'ETPT Format DDG'!2:2,0)),"JA/AttJ Siege CCD", INDEX( 'ETPT Format DDG'!$A:$ZZ,,MATCH("Juridiction",'ETPT Format DDG'!2:2,0)),$D$5))+ SUM(SUMIFS( INDEX( 'ETPT Format DDG'!$A:$ZZ,,MATCH("11.6. AUTRES ACTIVITÉS NON JURIDICTIONNELLES",'ETPT Format DDG'!2:2,0)), INDEX( 'ETPT Format DDG'!$A:$ZZ,,MATCH("Fonction recodée",'ETPT Format DDG'!2:2,0)),"JA/AttJ Siege CCD", INDEX( 'ETPT Format DDG'!$A:$ZZ,,MATCH("Juridiction",'ETPT Format DDG'!2:2,0)),$D$5)) -> #N/A | L8: =SUM(SUMIFS( INDEX( 'ETPT Format DDG'!$A:$ZZ,,MATCH("11.1. SOUTIEN (HORS FORMATIONS SUIVIES)",'ETPT Format DDG'!2:2,0)), INDEX( 'ETPT Format DDG'!$A:$ZZ,,MATCH("Fonction recodée",'ETPT Format DDG'!2:2,0)),"JA/AttJ Parquet", INDEX( 'ETPT Format DDG'!$A:$ZZ,,MATCH("Juridiction",'ETPT Format DDG'!2:2,0)),$D$5))+ SUM(SUMIFS( INDEX( 'ETPT Format DDG'!$A:$ZZ,,MATCH("11.2. FORMATIONS SUIVIES",'ETPT Format DDG'!2:2,0)), INDEX( 'ETPT Format DDG'!$A:$ZZ,,MATCH("Fonction recodée",'ETPT Format DDG'!2:2,0)),"JA/AttJ Parquet", INDEX( 'ETPT Format DDG'!$A:$ZZ,,MATCH("Juridiction",'ETPT Format DDG'!2:2,0)),$D$5))+ SUM(SUMIFS( INDEX( 'ETPT Format DDG'!$A:$ZZ,,MATCH("11.6. AUTRES ACTIVITÉS NON JURIDICTIONNELLES",'ETPT Format DDG'!2:2,0)), INDEX( 'ETPT Format DDG'!$A:$ZZ,,MATCH("Fonction recodée",'ETPT Format DDG'!2:2,0)),"JA/AttJ Parquet", INDEX( 'ETPT Format DDG'!$A:$ZZ,,MATCH("Juridiction",'ETPT Format DDG'!2:2,0)),$D$5)) -> #N/A | O8: =SUM(SUMIFS( INDEX( 'ETPT Format DDG'!$A:$ZZ,,MATCH("11.1. SOUTIEN (HORS FORMATIONS SUIVIES)",'ETPT Format DDG'!2:2,0)), INDEX( 'ETPT Format DDG'!$A:$ZZ,,MATCH("Fonction recodée",'ETPT Format DDG'!2:2,0)),"JA/AttJ JAP", INDEX( 'ETPT Format DDG'!$A:$ZZ,,MATCH("Juridiction",'ETPT Format DDG'!2:2,0)),$D$5))+ SUM(SUMIFS( INDEX( 'ETPT Format DDG'!$A:$ZZ,,MATCH("11.2. FORMATIONS SUIVIES",'ETPT Format DDG'!2:2,0)), INDEX( 'ETPT Format DDG'!$A:$ZZ,,MATCH("Fonction recodée",'ETPT Format DDG'!2:2,0)),"JA/AttJ JAP", INDEX( 'ETPT Format DDG'!$A:$ZZ,,MATCH("Juridiction",'ETPT Format DDG'!2:2,0)),$D$5))+ SUM(SUMIFS( INDEX( 'ETPT Format DDG'!$A:$ZZ,,MATCH("11.6. AUTRES ACTIVITÉS NON JURIDICTIONNELLES",'ETPT Format DDG'!2:2,0)), INDEX( 'ETPT Format DDG'!$A:$ZZ,,MATCH("Fonction recodée",'ETPT Format DDG'!2:2,0)),"JA/AttJ JAP", INDEX( 'ETPT Format DDG'!$A:$ZZ,,MATCH("Juridiction",'ETPT Format DDG'!2:2,0)),$D$5)) -> #N/A | P8: =SUM(SUMIFS( INDEX( 'ETPT Format DDG'!$A:$ZZ,,MATCH("11.1. SOUTIEN (HORS FORMATIONS SUIVIES)",'ETPT Format DDG'!2:2,0)), INDEX( 'ETPT Format DDG'!$A:$ZZ,,MATCH("Fonction recodée",'ETPT Format DDG'!2:2,0)),"JA/AttJ JE", INDEX( 'ETPT Format DDG'!$A:$ZZ,,MATCH("Juridiction",'ETPT Format DDG'!2:2,0)),$D$5))+ SUM(SUMIFS( INDEX( 'ETPT Format DDG'!$A:$ZZ,,MATCH("11.2. FORMATIONS SUIVIES",'ETPT Format DDG'!2:2,0)), INDEX( 'ETPT Format DDG'!$A:$ZZ,,MATCH("Fonction recodée",'ETPT Format DDG'!2:2,0)),"JA/AttJ JE", INDEX( 'ETPT Format DDG'!$A:$ZZ,,MATCH("Juridiction",'ETPT Format DDG'!2:2,0)),$D$5))+ SUM(SUMIFS( INDEX( 'ETPT Format DDG'!$A:$ZZ,,MATCH("11.6. AUTRES ACTIVITÉS NON JURIDICTIONNELLES",'ETPT Format DDG'!2:2,0)), INDEX( 'ETPT Format DDG'!$A:$ZZ,,MATCH("Fonction recodée",'ETPT Format DDG'!2:2,0)),"JA/AttJ JE", INDEX( 'ETPT Format DDG'!$A:$ZZ,,MATCH("Juridiction",'ETPT Format DDG'!2:2,0)),$D$5)) -> #N/A | Q8: =SUM(SUMIFS( INDEX( 'ETPT Format DDG'!$A:$ZZ,,MATCH("11.1. SOUTIEN (HORS FORMATIONS SUIVIES)",'ETPT Format DDG'!2:2,0)), INDEX( 'ETPT Format DDG'!$A:$ZZ,,MATCH("Fonction recodée",'ETPT Format DDG'!2:2,0)),"JA/AttJ JI", INDEX( 'ETPT Format DDG'!$A:$ZZ,,MATCH("Juridiction",'ETPT Format DDG'!2:2,0)),$D$5))+ SUM(SUMIFS( INDEX( 'ETPT Format DDG'!$A:$ZZ,,MATCH("11.2. FORMATIONS SUIVIES",'ETPT Format DDG'!2:2,0)), INDEX( 'ETPT Format DDG'!$A:$ZZ,,MATCH("Fonction recodée",'ETPT Format DDG'!2:2,0)),"JA/AttJ JI", INDEX( 'ETPT Format DDG'!$A:$ZZ,,MATCH("Juridiction",'ETPT Format DDG'!2:2,0)),$D$5))+ SUM(SUMIFS( INDEX( 'ETPT Format DDG'!$A:$ZZ,,MATCH("11.6. AUTRES ACTIVITÉS NON JURIDICTIONNELLES",'ETPT Format DDG'!2:2,0)), INDEX( 'ETPT Format DDG'!$A:$ZZ,,MATCH("Fonction recodée",'ETPT Format DDG'!2:2,0)),"JA/AttJ JI", INDEX( 'ETPT Format DDG'!$A:$ZZ,,MATCH("Juridiction",'ETPT Format DDG'!2:2,0)),$D$5)) -> #N/A | R8: =SUM(SUMIFS( INDEX( 'ETPT Format DDG'!$A:$ZZ,,MATCH("11.1. SOUTIEN (HORS FORMATIONS SUIVIES)",'ETPT Format DDG'!2:2,0)), INDEX( 'ETPT Format DDG'!$A:$ZZ,,MATCH("Fonction recodée",'ETPT Format DDG'!2:2,0)),"JA/AttJ JLD PÉNAL", INDEX( 'ETPT Format DDG'!$A:$ZZ,,MATCH("Juridiction",'ETPT Format DDG'!2:2,0)),$D$5))+ SUM(SUMIFS( INDEX( 'ETPT Format DDG'!$A:$ZZ,,MATCH("11.2. FORMATIONS SUIVIES",'ETPT Format DDG'!2:2,0)), INDEX( 'ETPT Format DDG'!$A:$ZZ,,MATCH("Fonction recodée",'ETPT Format DDG'!2:2,0)),"JA/AttJ JLD PÉNAL", INDEX( 'ETPT Format DDG'!$A:$ZZ,,MATCH("Juridiction",'ETPT Format DDG'!2:2,0)),$D$5))+ SUM(SUMIFS( INDEX( 'ETPT Format DDG'!$A:$ZZ,,MATCH("11.6. AUTRES ACTIVITÉS NON JURIDICTIONNELLES",'ETPT Format DDG'!2:2,0)), INDEX( 'ETPT Format DDG'!$A:$ZZ,,MATCH("Fonction recodée",'ETPT Format DDG'!2:2,0)),"JA/AttJ JLD PÉNAL", INDEX( 'ETPT Format DDG'!$A:$ZZ,,MATCH("Juridiction",'ETPT Format DDG'!2:2,0)),$D$5)) -> #N/A | S8: =_xlfn.AGGREGATE(9,6,G8:R8) -> 0
